Cluster,Recency,Frequency,Monetary
0,353.197247706422,57.60550458715596,1024.4843119266054
2,53.84444444444444,174.1851851851852,3270.4452055555557
3,24.0,928.0,144458.37
5,11.0,2284.0,56838.37
6,606.260162601626,30.008130081300813,1026.6353739837398
