Recency,Frequency,Monetary,Cluster
0.0528455284552845,0.0009650957053241,0.0007365568774133,3
0.0149051490514905,0.0668328775936947,0.0138019774072757,3
0.0392953929539295,0.023725269422551,0.0088085613751384,3
0.9200542005420054,0.0014476435579861,0.0002945504601961,1
0.0203252032520325,0.0042625060318481,0.0004820933699312,3
0.002710027100271,0.0104552034743445,0.0056621917074088,3
0.032520325203252,0.0039408074634067,0.0037900329067581,3
0.010840108401084,0.009168409200579,0.0005064656863946,3
0.0420054200542005,0.0201865851696959,0.0050904233595296,3
0.3062330623306233,0.0020106160527585,0.0003462899964171,0
0.516260162601626,0.0022518899790895,0.0010041359958735,0
0.5257452574525745,0.0013672189158758,0.0004121606568022,0
0.6585365853658537,0.0,5.266898896746474e-05,1
0.8888888888888888,0.0008042464211034,0.000505226416066,1
0.4092140921409214,0.0012063696316551,0.0004111107194404,0
0.018970189701897,0.0011259449895447,0.000338716677742,3
0.3794037940379404,0.0184976676853788,0.0078818109264537,0
0.4092140921409214,0.0677979732990188,0.0083781042689007,0
0.0907859078590785,0.0067556699372687,0.001754135513935,3
0.2818428184281842,0.0012063696316551,0.0017703665128227,0
0.1720867208672086,0.0053080263792826,0.001873277586364,3
0.8360433604336044,0.0016084928422068,0.000652682373087,1
0.3604336043360434,0.000482547852662,0.0002625704008819,0
0.8794037940379403,0.0020106160527585,0.0003263928228072,1
0.002710027100271,0.0599967830143155,0.0091185682902668,3
0.6070460704607046,0.0033778349686343,0.0016872149161881,0
0.0691056910569105,0.0036191088949654,0.0054242173801329,3
0.1517615176151761,0.0006433971368827,0.0002396955360656,3
0.0718157181571815,0.0216342287276821,0.008286535961284,3
0.0230352303523035,0.0130287920218755,0.001792053743574,3
0.040650406504065,0.0059514235161653,0.0036551761980783,3
0.1802168021680217,0.0043429306739585,0.0042929356909579,3
0.024390243902439,0.0119028470323307,0.0009094178761715,3
0.3536585365853658,0.0074794917162618,0.0027447944449845,0
0.3712737127371274,8.042464211034261e-05,0.001135997801259,0
0.2953929539295393,0.0006433971368827,0.0003586310634399,0
0.0691056910569105,0.0104552034743445,0.0052283610319431,3
0.1734417344173441,0.0039408074634067,0.007503093356437,3
0.1869918699186991,0.000482547852662,0.0005156225171563,3
0.05420054200542,0.0275052276017371,0.0040642903153226,3
0.978319783197832,0.0008042464211034,0.0005672759929378,1
0.6355013550135501,0.0020910406948689,0.00088642252674,0
0.5840108401084011,0.0038603828212964,0.0017853754534696,0
0.1165311653116531,0.0,0.0003940879645095,3
0.0962059620596205,0.003538684252855,0.0011491650485009,3
0.2208672086720867,0.0005629724947723,0.0005440568863635,3
0.3292682926829268,0.0021714653369792,0.0004940729831081,0
0.043360433604336,0.0133504905903168,0.0052945415099104,3
0.3143631436314363,0.0157632298536271,0.0062611379420787,0
0.4579945799457994,0.0123853948849927,0.0017980607622503,0
0.3523035230352303,0.0044233553160688,0.0017795577677601,0
0.048780487804878,0.0114202991796686,0.0028913037371711,3
0.0609756097560975,0.0015280682000965,0.0006773645071325,3
0.5121951219512195,0.0011259449895447,0.0003243790085231,0
0.7560975609756098,0.0019301914106482,0.0008545801641289,1
0.7317073170731707,0.0017693421264275,0.00066362926099,1
0.8197831978319783,0.0034582596107447,0.0006351604676069,1
0.508130081300813,0.0041820813897378,0.0004206117919601,0
0.013550135501355,0.0025735885475309,0.014649087525257,3
0.086720867208672,0.0046646292423998,0.0011969630165932,3
0.0338753387533875,0.006594820653048,0.0008018767509857,3
0.3834688346883468,0.0049863278108412,0.0021125256081443,0
0.8780487804878049,0.0011259449895447,0.0005479296061406,1
0.4485094850948509,0.0022518899790895,0.0008479535102882,0
0.2371273712737127,0.0012867942737654,0.0005868117127018,3
0.2208672086720867,0.0084445874215859,0.0032615701720299,3
0.0474254742547425,0.0197844619591442,0.0070107071579428,3
0.0907859078590785,0.0032169856844137,0.0018551360457197,3
0.002710027100271,0.0314460350651439,0.013289280945062,3
0.0121951219512195,0.0021714653369792,0.0011860849770418,3
0.7168021680216802,0.0011259449895447,0.0003775471480396,1
0.4092140921409214,0.0024127392633102,0.0010932257628328,0
0.089430894308943,0.0147177095061926,0.0052499622022549,3
0.2953929539295393,8.042464211034261e-05,0.0005920958236865,0
0.6937669376693767,0.0143960109377513,0.0053717377241323,1
0.7235772357723578,0.0,0.0005507868127316,1
0.0013550135501355,0.0123049702428824,0.0050253272430999,3
0.0989159891598916,0.0315264597072543,0.0058175652248628,3
0.0975609756097561,0.0013672189158758,0.0019945367456045,3
0.002710027100271,0.0184172430432684,0.0026317282395834,3
0.5880758807588076,0.0010455203474344,0.0004321955271153,0
0.040650406504065,0.0227601737172269,0.0043599251370564,3
0.983739837398374,0.0020106160527585,0.0004504403402871,1
0.0962059620596205,0.0040212321055171,0.0012797703714699,3
0.5230352303523035,0.0025735885475309,0.0004704235743365,0
0.048780487804878,0.003297410326524,0.0012763451659782,3
0.1707317073170731,0.0376387325076403,0.0079576301736438,3
0.6585365853658537,0.000482547852662,0.0002408831701306,1
0.029810298102981,0.0404535949815023,0.0193029262752573,3
0.5704607046070461,0.005870998874055,0.0017921398040135,0
0.051490514905149,0.0292745697281647,0.0132181778099559,3
0.1368563685636856,0.0054688756635032,0.0016424806997415,3
0.0338753387533875,0.0390059514235161,0.0024613802056582,3
0.067750677506775,0.0080424642110342,0.005394199498839,3
0.2886178861788618,0.0102139295480135,0.005996846332407,0
0.035230352303523,0.0192214894643718,0.0044699275908116,3
0.0880758807588075,0.0021714653369792,0.001224640053933,3
0.7506775067750677,0.0009650957053241,0.0001094688790304,1
0.059620596205962,0.005870998874055,0.0018720899522991,3
0.5284552845528455,0.0069969438635998,0.001626232488766,0
0.0582655826558265,0.0263792826121923,0.0108573850459727,3
0.3197831978319783,0.0097313816953514,0.0024905030583814,0
0.2601626016260162,0.0026540131896413,0.0014493266493517,3
0.0420054200542005,0.0018497667685378,0.0040084198780062,3
0.0826558265582655,0.015280682000965,0.0009088154530951,3
0.1151761517615176,0.0039408074634067,0.0005149512457283,3
0.1707317073170731,0.0051471770950619,0.0038671258484526,3
0.5094850948509485,0.0029757117580826,0.0009058205498009,0
0.0040650406504065,0.0054688756635032,0.0018132762479521,3
0.0149051490514905,0.0365127875180955,0.0030171413117924,3
0.0013550135501355,0.0231622969277786,0.0078457688143955,3
0.535230352303523,0.0037799581791861,0.0068846458261788,0
0.6205962059620597,0.0008846710632137,0.0003590785777252,0
0.0284552845528455,0.0045037799581791,0.0019967226807675,3
0.2940379403794038,0.0166479009168409,0.0016220327393189,0
0.010840108401084,0.0286311725912819,0.0030862306326144,3
0.6802168021680217,0.0149589834325237,0.0022495510398992,1
0.505420054200542,0.0020106160527585,0.0008109303092199,0
0.2601626016260162,0.003297410326524,0.0012833676978405,3
0.0392953929539295,0.0026540131896413,0.0011023481694187,3
0.032520325203252,0.0109377513270065,0.0031419805853156,3
0.0989159891598916,0.0181759691169374,0.0101206216235047,3
0.1924119241192411,0.0029757117580826,0.0010321744870591,3
0.1355013550135501,0.0123853948849927,0.0046949756400762,3
0.002710027100271,0.073025575036191,0.012658509559869,3
0.0284552845528455,0.0017693421264275,0.0006244545489345,3
0.1775067750677506,0.0151198327167444,0.0096997172260503,3
0.062330623306233,0.0373170339391989,0.0146330630714241,3
0.6924119241192412,0.0004021232105517,0.0003020721426075,1
0.043360433604336,0.0028952871159723,0.0009752024761171,3
0.8550135501355014,0.000241273926331,0.0003837607117707,1
0.016260162601626,0.0637767411935016,0.0140872161279191,3
0.002710027100271,0.0041820813897378,0.0013051754132071,3
0.0447154471544715,0.0160849284220685,0.0078049417419018,3
0.3617886178861789,0.0028952871159723,0.0015747855580392,0
0.0799457994579945,0.0019301914106482,0.0006835264345999,3
0.0040650406504065,0.006112272800386,0.0022296366542014,3
0.0636856368563685,0.0128679427376548,0.0029235936140675,3
0.3143631436314363,0.0009650957053241,0.0003875301590204,0
0.08130081300813,0.0049863278108412,0.0013232997417636,3
0.0392953929539295,0.0003216985684413,0.0001578004218476,3
0.6287262872628726,0.0079620395689239,0.0069844931480743,0
0.0094850948509485,0.0249316390542062,0.0037363656166925,3
0.1517615176151761,0.0027344378317516,0.0010538789298983,3
0.018970189701897,0.0355476918127714,0.0042036910152074,3
0.078590785907859,0.0022518899790895,0.0006482760785851,3
0.0772357723577235,0.0017693421264275,0.001103983317769,3
0.5853658536585366,0.0001608492842206,0.0001074034284826,0
0.4186991869918699,0.0025735885475309,0.0004828507017987,0
0.029810298102981,0.0405340196236126,0.0150062383491377,3
0.7235772357723578,0.0,1.0843615375654508e-05,1
0.6355013550135501,0.0099726556216824,0.0038138200122329,0
0.2018970189701897,0.0004021232105517,0.0006919259334941,3
0.2113821138211382,0.0028952871159723,0.001184535889131,3
0.1856368563685637,0.0012063696316551,0.0003450507260884,3
0.0094850948509485,0.0392472253498471,0.0123762141062561,3
0.3577235772357723,0.0010455203474344,0.0004896839006942,0
0.989159891598916,0.0025735885475309,0.0005819923280904,1
0.3319783197831978,0.0010455203474344,0.0004585300215991,0
0.1761517615176151,0.0009650957053241,0.0008579881575327,3
0.8292682926829268,0.003297410326524,0.0005235400775893,1
0.0257452574525745,0.0057101495898343,0.0023799842419892,3
0.537940379403794,0.0031365610423033,0.0007978319103297,0
0.0772357723577235,0.0020106160527585,0.0008130818202072,3
0.1720867208672086,0.0027344378317516,0.0012579626561033,3
0.0067750677506775,0.046726717066109,0.0074878090223837,3
0.005420054200542,0.0114202991796686,0.0037064682200139,3
0.016260162601626,0.0180151198327167,0.0047533762543136,3
0.3048780487804878,0.0036995335370757,0.0013634555428293,0
0.7588075880758808,0.0020910406948689,0.0006776743247147,1
0.032520325203252,0.0024127392633102,0.0023698807463932,3
0.0663956639566395,0.0208299823065787,0.0067725951339637,3
0.0880758807588075,0.0003216985684413,0.0001559415163546,3
0.1490514905149051,0.0183368184011581,0.0031699674402375,3
0.6775067750677507,0.0031365610423033,0.0006822699521834,1
0.6219512195121951,0.0069969438635998,0.001413714839491,0
0.1747967479674796,0.0016889174843171,0.0015828408151754,3
0.0149051490514905,0.0053884510213929,0.002263062528899,3
0.1002710027100271,0.000482547852662,0.0002507284844081,3
0.4850948509485094,0.0110181759691169,0.0033770288576488,0
0.3604336043360434,0.0046646292423998,0.0019467559896,0
0.9932249322493224,0.0017693421264275,0.0003247748865448,1
0.1517615176151761,0.0111790252533376,0.0043915093183489,3
0.3482384823848238,0.0057101495898343,0.0020132634972373,0
0.2723577235772357,0.0012867942737654,0.0005350377523051,0
0.021680216802168,0.0049863278108412,0.003251793706104,3
0.4268292682926829,0.0121441209586617,0.005897412100621,0
0.7181571815718157,0.003056136400193,0.0011782362649604,1
0.9796747967479674,0.0012063696316551,0.0005300462468147,1
0.6409214092140921,0.0005629724947723,0.0002125692855386,1
0.7411924119241192,0.0008042464211034,0.0002994042689833,1
0.502710027100271,0.0076403410004825,0.0020131430126221,0
0.0528455284552845,0.0025735885475309,0.001221438605584,3
0.6924119241192412,0.0027344378317516,0.0021014238114502,1
0.0230352303523035,0.0197844619591442,0.0110292133194571,3
0.0149051490514905,0.0037799581791861,0.0013493588428409,3
0.8373983739837398,0.0019301914106482,0.0006326130785981,1
0.1300813008130081,0.006112272800386,0.0004832465798204,3
0.1571815718157181,0.0028148624738619,0.0016762508161972,3
0.2276422764227642,0.0026540131896413,0.0010725884694433,3
0.0501355013550135,0.017854270548496,0.0023244580464307,3
0.086720867208672,0.003538684252855,0.0019945195335166,3
0.035230352303523,0.0275856522438475,0.0064947231869406,3
0.4864498644986449,0.0017693421264275,0.0007092412939193,0
0.0880758807588075,0.0175325719800546,0.0113313370983283,3
0.983739837398374,0.0025735885475309,0.0015077272635892,1
0.0040650406504065,0.0069969438635998,0.0011157908100669,3
0.051490514905149,0.0015280682000965,0.0007535796323442,3
0.2953929539295393,0.0076403410004825,0.0029471569623997,0
0.5907859078590786,0.0061926974424963,0.0020300797071136,0
0.4214092140921409,0.0013672189158758,0.0005443494918578,0
0.0636856368563685,0.0527585652243847,0.0052549537077453,3
0.8373983739837398,0.0008042464211034,0.0001312077460454,1
0.018970189701897,0.0790574231944667,0.0206313035829508,3
0.5691056910569106,0.0001608492842206,0.0103298173398153,0
0.4485094850948509,0.0040212321055171,0.0017505209754764,0
0.040650406504065,0.0053080263792826,0.0017287476842856,3
0.3604336043360434,0.0052276017371722,0.0004351387941459,0
0.067750677506775,0.026057584043751,0.0028071366273505,3
0.089430894308943,0.0165674762747305,0.0119605421835227,3
0.7872628726287263,0.0075599163583722,0.0027433142054253,1
0.535230352303523,0.0015280682000965,0.000717055581825,0
0.067750677506775,0.0046646292423998,0.0019978414664809,3
0.0853658536585365,0.0012063696316551,0.0003804904150701,3
0.1829268292682926,0.000723821778993,0.0008137530916352,3
0.0447154471544715,0.0269422551069647,0.0064839484199165,3
0.3238482384823848,0.0017693421264275,0.0007394312960922,0
0.5650406504065041,0.0019301914106482,0.0007877972630852,0
0.0528455284552845,0.0184976676853788,0.0046792782159133,3
0.5880758807588076,0.0047450538845102,0.0003904734260509,0
0.0975609756097561,0.0248512144120958,0.0097701663018163,3
0.0094850948509485,0.0008042464211034,0.0004646575248907,3
0.6029810298102981,0.0003216985684413,0.0002326730042033,0
0.013550135501355,0.0078011902847032,0.0018449809138599,3
0.1544715447154471,0.0028148624738619,0.0010414345903481,3
0.010840108401084,0.0046646292423998,0.0017438771095479,3
0.5230352303523035,0.0004021232105517,0.0002185935163028,0
0.029810298102981,0.003538684252855,0.0011382697968615,3
0.1571815718157181,0.0034582596107447,0.0029378968591106,3
0.521680216802168,0.000241273926331,0.0001124637823246,0
0.1449864498644986,0.0024931639054206,0.0022624428937347,3
0.043360433604336,0.0071577931478204,0.0015872298975894,3
0.5420054200542005,0.0006433971368827,0.0003855163447363,0
0.0392953929539295,0.0078011902847032,0.003090172200743,3
0.3929539295392953,0.0069969438635998,0.0091345755320118,0
0.037940379403794,0.0148785587904133,0.0068994998580346,3
0.010840108401084,0.0113398745375583,0.0014970557690925,3
0.040650406504065,0.0012867942737654,0.0033172857005553,3
0.1720867208672086,0.0014476435579861,0.0002896966514089,3
0.1097560975609756,0.0024931639054206,0.0012659662769758,3
0.5840108401084011,0.0018497667685378,0.0006030254995016,0
0.7235772357723578,0.0019301914106482,0.0001909681152268,1
0.9823848238482384,0.0005629724947723,0.0002792661261428,1
0.0013550135501355,0.0065143960109377,0.0017752719578736,3
0.2859078590785908,0.0146372848640823,0.0088898368541921,0
0.2859078590785908,0.0123049702428824,0.005432788999906,0
0.2208672086720867,0.0001608492842206,0.0008757510322433,3
0.1951219512195122,0.0964291458903007,0.0283981721864226,3
0.6178861788617886,0.0168087502010616,0.0033834145422589,0
0.8102981029810298,0.0015280682000965,0.0005807358456739,1
0.1734417344173441,0.0075599163583722,0.0023364720837834,3
1.0,0.0,0.0002426904393598,1
0.1246612466124661,0.0047450538845102,0.001705941667821,3
0.7357723577235772,0.0,0.000525450619346,1
0.5853658536585366,0.0010455203474344,0.0004585300215991,0
0.032520325203252,0.003297410326524,0.001210818747351,3
0.0718157181571815,0.0015280682000965,0.0006043680423577,3
0.5853658536585366,0.0073186424320411,0.0007793289158394,0
0.0948509485094851,0.0005629724947723,0.0005875518324814,3
0.5528455284552846,0.0034582596107447,0.0002875795645975,0
0.1233062330623306,0.0026540131896413,0.0012329879165635,3
0.1043360433604336,0.0068360945793791,0.0024161124144869,3
0.7371273712737128,0.0012867942737654,0.0011432268781761,1
0.2899728997289973,0.0012867942737654,0.0001913123569847,0
0.1612466124661246,0.0165674762747305,0.0112227976720444,3
0.6043360433604336,0.0041820813897378,0.0005270169193447,0
0.7466124661246613,0.0014476435579861,0.0003605588172844,1
0.5271002710027101,0.0040212321055171,0.0008288997289853,0
0.6097560975609756,0.000723821778993,0.000290350710749,0
0.0121951219512195,0.0010455203474344,0.0003478735085037,3
0.0392953929539295,0.0032169856844137,0.0006075522786188,3
0.4322493224932249,0.0102943541901238,0.0162534434503048,0
0.1436314363143631,0.0028148624738619,0.0010762718562534,3
0.3699186991869919,0.0048254785266205,0.0013984821417014,0
0.0013550135501355,0.000241273926331,0.0004657590985162,3
0.3238482384823848,0.0012063696316551,0.0007171244301766,0
0.0962059620596205,0.0066752452951584,0.0030594314117574,3
0.2046070460704607,0.0016084928422068,0.000769466389474,3
0.029810298102981,0.0446356763712401,0.020254290009636,3
0.4850948509485094,0.0023323146211999,0.0008198978070147,0
0.0582655826558265,0.0008042464211034,0.0004413179337012,3
0.1056910569105691,0.0004021232105517,0.000273672197576,3
0.2398373983739837,0.0064339713688274,0.0030223393623375,3
0.8577235772357723,0.0049059031687308,0.0006445066313355,1
0.5718157181571816,0.0009650957053241,0.000585778987428,0
0.2046070460704607,0.0418208138973781,0.0034098178850943,3
0.2018970189701897,0.0008042464211034,0.000308388978866,3
0.010840108401084,0.0081228888531446,0.0016574207920369,3
0.532520325203252,0.0024127392633102,0.0008649418410434,0
0.067750677506775,0.0053080263792826,0.0019279259654397,3
0.2655826558265582,0.0021714653369792,0.0007846646630878,3
0.032520325203252,0.0005629724947723,0.000467136065548,3
0.016260162601626,0.0388451021392954,0.0040715021801519,3
0.7804878048780488,0.0149589834325237,0.0078085046440967,1
0.0121951219512195,0.0040212321055171,0.0023104129827061,3
0.1016260162601626,0.0068360945793791,0.0021041777455139,3
0.013550135501355,0.0214733794434614,0.0192819963763735,3
0.513550135501355,0.0024127392633102,0.0003612645128882,0
0.010840108401084,0.0036995335370757,0.0015684687217807,3
0.08130081300813,0.0299179668650474,0.0047988333784519,3
0.0257452574525745,0.0014476435579861,0.0006389127027687,3
0.5907859078590786,0.0008042464211034,0.0002788358239454,0
0.5718157181571816,0.0004021232105517,0.0005530243841583,0
0.005420054200542,0.003538684252855,0.0006003576258775,3
0.005420054200542,0.0510696477400675,0.0059388760203669,3
0.0040650406504065,0.0382017050024127,0.0206915631026812,3
0.2005420054200542,0.0184172430432684,0.0024998664341979,3
0.0,0.049782853466302,0.0045804291951159,3
0.024390243902439,0.1017371722695834,0.0242958259447577,3
0.9769647696476964,0.000723821778993,0.0005060353841972,1
0.056910569105691,0.0123853948849927,0.0071997991555887,3
0.016260162601626,0.0184976676853788,0.0060079309170132,3
0.483739837398374,0.0009650957053241,0.0003796125985873,0
0.3468834688346883,0.0003216985684413,0.003295598469804,0
0.043360433604336,0.0155219559272961,0.0062563185574673,3
0.0094850948509485,0.0076403410004825,0.0035286157157653,3
0.2032520325203252,0.0087662859900273,0.0043740906853963,3
0.0067750677506775,0.005870998874055,0.0021171212356131,3
0.524390243902439,8.042464211034261e-05,0.00176441113041,0
0.032520325203252,0.0289528711597233,0.0029933369942296,3
0.0040650406504065,0.0065143960109377,0.0021611325443679,3
0.0799457994579945,0.0246099404857648,0.0303437921782213,3
0.2655826558265582,0.0088467106321376,0.0037025094397974,3
0.3319783197831978,0.0047450538845102,0.0022224936377238,0
0.0230352303523035,0.0093292584847997,0.0010764095529566,3
0.0094850948509485,0.0046646292423998,0.0024219473122842,3
0.2886178861788618,0.0012063696316551,0.0005358122962605,0
0.067750677506775,0.0033778349686343,0.0015047667844707,3
0.7818428184281843,0.0,0.000152326977896,1
0.2384823848238482,0.0020106160527585,0.0011798025649591,3
0.6192411924119241,0.0018497667685378,0.0009757532629299,0
0.1449864498644986,0.0023323146211999,0.0029843867085227,3
0.1612466124661246,0.0086054367058066,0.0031403282248774,3
0.056910569105691,0.0086054367058066,0.0087081460543422,3
0.3170731707317073,0.0012063696316551,0.0004828851259745,0
0.1178861788617886,0.0059514235161653,0.0021813223234721,3
0.981029810298103,0.0009650957053241,0.0007823582433095,1
0.0853658536585365,0.0197040373170339,0.0070472656326378,3
0.0948509485094851,0.0037799581791861,0.0033012612467224,3
0.3048780487804878,0.0026540131896413,0.0024405880034776,0
0.2276422764227642,0.0229210230014476,0.0068625799294937,3
0.518970189701897,0.0159240791378478,0.0020503555466572,0
0.0067750677506775,0.0056297249477239,0.0034971175949122,3
0.040650406504065,0.0061926974424963,0.0022652312519742,3
0.1056910569105691,0.0021714653369792,0.0010766505221872,3
0.0392953929539295,0.0061926974424963,0.0021998081058744,3
0.4850948509485094,0.0051471770950619,0.0050578064529632,0
0.0,0.0578253176773363,0.0541608638981,3
0.1070460704607046,0.0004021232105517,0.0032048907665823,3
0.0230352303523035,0.0024127392633102,0.005515028355882,3
0.2533875338753387,0.0062731220846067,0.0020929382521166,3
0.556910569105691,0.0036995335370757,0.0015157308844617,0
0.5799457994579946,8.042464211034261e-05,0.0010739998606509,0
0.018970189701897,0.0010455203474344,0.003521593183903,3
0.9065040650406504,0.0006433971368827,0.0005406316808719,1
0.1056910569105691,0.0041820813897378,0.0022996898519457,3
0.4850948509485094,0.000241273926331,0.0001317585328581,0
0.0284552845528455,0.0049863278108412,0.0009487474970181,3
0.0962059620596205,0.005870998874055,0.0017324482831837,3
0.0013550135501355,0.0335370757600128,0.0018446710962778,3
0.005420054200542,0.0015280682000965,0.0005894279500623,3
0.7967479674796748,0.0016084928422068,0.000252260360231,1
0.2127371273712737,0.0046646292423998,0.0008477297531456,3
0.7398373983739838,0.0,0.0017222931513239,1
0.0474254742547425,0.0143155862956409,0.0074096145070637,3
0.521680216802168,0.0011259449895447,0.0003864285853949,0
0.1436314363143631,0.0025735885475309,0.0026178897209135,3
0.075880758807588,0.0163262023483995,0.0066292700780382,3
0.037940379403794,0.0110986006112272,0.0018385263808982,3
0.086720867208672,0.0005629724947723,0.0004946754061846,3
0.5623306233062331,0.0189802155380408,0.0019623673533234,0
0.2859078590785908,0.0027344378317516,0.0022366936102395,0
0.2588075880758808,0.0068360945793791,0.0024643923210404,3
0.0501355013550135,0.0020106160527585,0.0005725428918345,3
0.9959349593495936,0.0029757117580826,0.0007298441631331,1
0.048780487804878,0.0023323146211999,0.0003162893272111,3
0.508130081300813,0.0114202991796686,0.0027700617900185,0
0.067750677506775,0.0054688756635032,0.002707805668092,3
0.016260162601626,0.0065143960109377,0.0006655742269225,3
0.7317073170731707,0.0123049702428824,0.0026023644176296,1
0.0962059620596205,0.003538684252855,0.0016488663843517,3
0.1002710027100271,0.0051471770950619,0.0007954050059361,3
0.4959349593495935,0.000482547852662,0.0002901958019579,0
0.029810298102981,0.0036995335370757,0.0018687163830711,3
0.2750677506775068,0.0046646292423998,0.0006797569873503,0
0.013550135501355,0.0180151198327167,0.0021594973960176,3
0.002710027100271,0.0031365610423033,0.0015751297997972,3
0.1151761517615176,0.0,0.0034993895905147,3
0.05420054200542,0.0054688756635032,0.0011652583506854,3
0.0067750677506775,0.01174199774811,0.0017543764831656,3
0.002710027100271,0.0170500241273926,0.0014276910548641,3
0.013550135501355,0.0228405983593373,0.0094261999372653,3
0.3536585365853658,0.0011259449895447,0.0009112079333129,0
0.0447154471544715,0.0285507479491716,0.0051221624496133,3
0.1273712737127371,0.000723821778993,0.0005204246896798,3
0.6395663956639567,0.0026540131896413,0.0024966133495852,1
0.7262872628726287,0.0016084928422068,0.0008046651092251,1
0.0203252032520325,0.0133504905903168,0.0059215434478538,3
0.0094850948509485,0.0078011902847032,0.0012600453187389,3
0.059620596205962,0.0133504905903168,0.0070008102074015,3
0.6273712737127372,0.0021714653369792,0.0010193686936631,0
0.3915989159891599,0.0,0.0001750469339212,0
0.6273712737127372,0.005870998874055,0.0021959353860974,0
0.067750677506775,0.0039408074634067,0.0016413102777645,3
0.5040650406504065,0.003056136400193,0.0010723130760369,0
0.0853658536585365,0.0019301914106482,0.001422992154868,3
0.0948509485094851,0.0016084928422068,0.0005346418742834,3
0.0880758807588075,0.0099726556216824,0.0041599895240348,3
0.032520325203252,0.0107769020427859,0.0064008312474577,3
0.0691056910569105,0.0093292584847997,0.0030619615886784,3
0.070460704607046,0.0077207656425928,0.0062152160915672,3
0.032520325203252,0.0006433971368827,0.0010179228782796,3
0.1544715447154471,0.0255750361910889,0.0049307123959253,3
0.0203252032520325,0.0164066269905098,0.0063649096200149,3
0.043360433604336,0.0202670098118063,0.0030025110370792,3
0.0392953929539295,0.0012867942737654,0.0003157385403984,3
0.7723577235772358,0.0020910406948689,0.0005999961720316,1
0.516260162601626,0.0016084928422068,0.0005185141479231,0
0.0392953929539295,0.0041016567476274,0.0016888156403626,3
0.592140921409214,0.0020106160527585,0.0002276126503613,0
0.9823848238482384,0.0004021232105517,0.0001606748405265,1
0.6138211382113821,0.0096509570532411,0.002214541653115,0
0.0121951219512195,0.0542866334244812,0.0088052910784378,3
0.016260162601626,0.0105356281164548,0.0015906378909932,3
0.7520325203252033,0.0016084928422068,0.0006800495928446,1
0.5257452574525745,0.006353546726717,0.0006963150159081,0
0.6070460704607046,0.0031365610423033,0.0010552386848422,0
0.7831978319783198,0.0014476435579861,0.001276878740703,1
0.3550135501355013,0.0016889174843171,0.0007764544971605,0
0.0121951219512195,0.0082837381373652,0.0015339584855455,3
0.067750677506775,0.0034582596107447,0.001289357504429,3
0.0311653116531165,0.0484960591925366,0.0201862334140878,3
0.0040650406504065,0.0437510053080263,0.0395744800090549,3
0.1747967479674796,0.0241273926331027,0.009322617592296,3
0.089430894308943,0.0277465015280682,0.0029663312283179,3
0.0420054200542005,0.0012063696316551,0.0004475142853444,3
0.0772357723577235,0.0275856522438475,0.0024958215935419,3
0.497289972899729,0.0019301914106482,0.0007266943510478,0
0.902439024390244,0.0017693421264275,0.0006540593401188,1
0.2127371273712737,0.0011259449895447,0.001754806785363,3
0.6964769647696477,0.0032169856844137,0.0003886661568216,1
0.3902439024390244,0.0044233553160688,0.0004169800414136,0
0.0284552845528455,0.0592729612353225,0.0265197137616012,3
0.013550135501355,0.0010455203474344,0.0004239337249243,3
0.0948509485094851,0.0296766929387164,0.0050252756068362,3
0.1747967479674796,0.0004021232105517,0.0064676141485014,3
0.037940379403794,0.0223580505066752,0.004271351732734,3
0.2899728997289973,0.0003216985684413,0.0006095144566391,0
0.0772357723577235,0.0078011902847032,0.0006649373796702,3
0.3821138211382114,0.0081228888531446,0.0010731048320802,0
0.0636856368563685,0.003538684252855,0.0006540937642946,3
0.0094850948509485,0.0032169856844137,0.0009268020849484,3
0.086720867208672,0.0060318481582756,0.0024940831726642,3
0.7276422764227642,0.0010455203474344,0.0057805075996187,1
0.5474254742547425,0.0012867942737654,0.000253620115175,0
0.013550135501355,0.0231622969277786,0.0105294947715184,3
0.0040650406504065,0.023966543348882,0.0081500613163419,3
0.0230352303523035,0.0242882419173234,0.003792236054009,3
0.1734417344173441,0.000723821778993,0.0005289618852771,3
0.2425474254742547,0.0067556699372687,0.0013294788813189,3
0.9932249322493224,0.0008846710632137,0.0003515396832259,1
0.0948509485094851,0.0043429306739585,0.0007808091553987,3
0.0392953929539295,0.0028952871159723,0.0021508569278929,3
0.573170731707317,0.000482547852662,0.0002150650382838,0
0.010840108401084,0.0202670098118063,0.0043545377535443,3
0.0257452574525745,0.0008846710632137,0.0003769447249632,3
0.6422764227642277,0.0013672189158758,0.0006588959368181,1
0.1436314363143631,0.0003216985684413,8.87455252013883e-05,3
0.8699186991869918,0.003056136400193,0.0010269936486018,1
0.9986449864498644,0.0004021232105517,0.0001502615273483,1
0.035230352303523,0.020427859096027,0.0073129686335171,3
0.0013550135501355,0.0663503297410326,0.0863612758040179,3
0.013550135501355,0.0026540131896413,0.0003765144227657,3
0.021680216802168,0.000482547852662,0.0013687568659018,3
0.6788617886178862,0.0016889174843171,0.0010717450771363,1
0.6571815718157181,0.0069969438635998,0.0006438181478196,1
0.9417344173441734,0.0008042464211034,0.0005726461643619,1
0.5813008130081301,0.0006433971368827,0.0003456531491649,0
0.010840108401084,0.029113720443944,0.012423254742481,3
0.051490514905149,0.0046646292423998,0.0021475349949286,3
0.6002710027100271,0.0029757117580826,0.0014803772559195,0
0.3631436314363143,0.0015280682000965,0.0005196329336365,0
0.086720867208672,0.0006433971368827,0.0005387039270273,3
0.7493224932249323,0.008927135274248,0.001647627114023,1
0.029810298102981,0.0085250120636963,0.003633316846448,3
0.4010840108401084,0.0014476435579861,0.0005597370984385,0
0.3143631436314363,0.0015280682000965,0.0005784810621593,0
0.0040650406504065,0.0138330384429789,0.0168600318520013,3
0.4010840108401084,0.0009650957053241,0.0006260036368453,0
0.021680216802168,0.0255750361910889,0.0246737861829069,3
0.0474254742547425,0.0045842046002895,0.0009653571618396,3
0.1043360433604336,0.0022518899790895,0.0007816181235299,3
0.1910569105691057,0.0065143960109377,0.0005890320720407,3
0.7371273712737128,0.003538684252855,0.0003871687051745,1
0.8861788617886179,0.0041016567476274,0.0003563590678373,1
0.573170731707317,0.0024931639054206,0.0007855596916585,0
0.7520325203252033,0.0029757117580826,0.0011325898078552,1
0.002710027100271,0.0051471770950619,0.0020501834257783,3
0.3252032520325203,0.0074794917162618,0.0027242776362102,0
0.4959349593495935,0.0013672189158758,0.0011416950023532,0
0.035230352303523,0.0077207656425928,0.0009854953046801,3
0.002710027100271,0.0053884510213929,0.0022146793498181,3
0.6842818428184282,0.0114202991796686,0.0050888570595309,1
0.0067750677506775,0.0022518899790895,0.0004253967523957,3
0.5989159891598916,0.0029757117580826,0.001243676623148,0
0.573170731707317,0.0016084928422068,0.000599256052252,0
0.0447154471544715,0.000723821778993,0.0004600446853341,3
0.0040650406504065,0.0320894322020267,0.0223549737013066,3
0.518970189701897,0.0008846710632137,0.0003044818349132,0
0.1856368563685637,0.0019301914106482,0.0003303860271995,3
0.056910569105691,0.020910406948689,0.0116624116090438,3
0.0338753387533875,0.0229210230014476,0.0136462080118,3
0.0257452574525745,0.0090879845584687,0.0030563160238479,3
0.013550135501355,0.0025735885475309,0.0010086283508148,3
0.0420054200542005,0.0048254785266205,0.0018708162577946,3
0.5433604336043361,0.0029757117580826,0.0034309543290328,0
0.2249322493224932,0.0185780923274891,0.0013830601109449,3
0.0013550135501355,0.0012867942737654,0.0009192287662733,3
0.0447154471544715,0.0176934212642753,0.0066803899790948,3
0.502710027100271,0.0001608492842206,6.841804939401058e-05,0
0.5067750677506775,0.0025735885475309,0.0002295059800301,0
0.5149051490514905,0.0062731220846067,0.0038038370012522,0
0.08130081300813,0.0099726556216824,0.0038148355254189,3
0.043360433604336,0.0090075599163583,0.0034079934037771,3
0.078590785907859,0.0050667524529515,0.0020311124323874,3
0.0284552845528455,0.0052276017371722,0.0054650444526266,3
0.029810298102981,0.0028952871159723,0.0002607631316526,3
0.5420054200542005,0.0114202991796686,0.0033410728060302,0
0.0203252032520325,0.0140743123693099,0.0022723570563639,3
0.6043360433604336,0.0026540131896413,0.0016026519283459,0
0.537940379403794,0.008927135274248,0.0017513815798713,0
0.0853658536585365,0.0013672189158758,0.0014459530801237,3
0.6449864498644986,0.0005629724947723,0.0002169583679525,1
0.0121951219512195,0.0153611066430754,0.0015050766020529,3
0.6869918699186992,0.0014476435579861,0.0015790885800137,1
0.8536585365853658,0.0,0.0005554168643761,1
0.0230352303523035,0.0110181759691169,0.0087733110191235,3
0.7899728997289973,0.000241273926331,0.0003305581480784,1
0.497289972899729,0.0041016567476274,0.0014061070966402,0
0.029810298102981,0.0245295158436544,0.0078221194056239,3
0.6327913279132791,0.0024931639054206,0.001088475226573,0
0.2439024390243902,0.0012867942737654,0.0003462039359776,3
0.1300813008130081,0.0160849284220685,0.0025401427198789,3
0.7872628726287263,0.000723821778993,0.0006630096258257,1
0.0962059620596205,0.0031365610423033,0.0017780086798493,3
0.048780487804878,0.0138330384429789,0.0031682806556235,3
0.1341463414634146,0.000723821778993,0.0002839994503147,3
0.0013550135501355,0.0202670098118063,0.00624540609374,3
0.4092140921409214,0.0279073508122888,0.0029058479514448,0
0.508130081300813,0.0068360945793791,0.0006339384093662,0
0.5257452574525745,0.0016889174843171,0.0007953361575845,0
0.0907859078590785,0.0092488338426894,0.0043231429052186,3
0.2682926829268293,0.0034582596107447,0.0016604501195069,3
0.9010840108401084,0.0,0.0,1
0.5257452574525745,0.0025735885475309,0.0002064073580711,0
0.0094850948509485,0.0214733794434614,0.008502754209457,3
0.029810298102981,0.0101335049059031,0.0014064341263102,3
0.002710027100271,0.0048254785266205,0.0016990051963981,3
0.1436314363143631,0.0170500241273926,0.0062210337772766,3
0.8265582655826558,0.0008042464211034,0.0003224684667664,1
0.0663956639566395,0.018095544474827,0.0088358081102807,3
0.0203252032520325,0.0139134630850892,0.004266790529441,3
0.9498644986449865,0.0005629724947723,0.0002413478965038,1
0.1734417344173441,0.006594820653048,0.0008984709882685,3
0.5040650406504065,0.0045037799581791,0.0005538677764653,0
0.1612466124661246,0.0087662859900273,0.0033775280081979,3
0.1856368563685637,0.0045037799581791,0.0103566165606723,3
0.0203252032520325,0.0066752452951584,0.0024412248507298,3
0.016260162601626,0.0172912980537236,0.004302694944796,3
0.021680216802168,0.0036191088949654,0.0014647658921961,3
0.0094850948509485,0.0019301914106482,0.0114299967861589,3
0.078590785907859,0.0268618304648544,0.0091556947638625,3
0.0257452574525745,0.0043429306739585,0.0010497480288028,3
0.6355013550135501,0.0073990670741515,0.0034711789784501,0
0.6165311653116531,0.0024931639054206,0.0003815059282561,0
0.3414634146341463,0.0010455203474344,0.0009833265816049,0
0.9254742547425474,0.0015280682000965,0.0005933867302788,1
0.0040650406504065,0.0042625060318481,0.0015432358009225,3
0.0121951219512195,0.0102943541901238,0.0030347492777119,3
0.0257452574525745,0.0249316390542062,0.0017328269491174,3
0.2940379403794038,0.0328132539810197,0.0220719570612108,0
0.3604336043360434,0.0005629724947723,0.003700048111228,0
0.0013550135501355,0.0019301914106482,0.0007571941708028,3
0.0284552845528455,0.0295158436544957,0.0063729476650632,3
0.1097560975609756,0.0008846710632137,0.0011623322957427,3
0.0636856368563685,0.0073186424320411,0.0013114922494656,3
0.0203252032520325,0.0286311725912819,0.0152952293049428,3
0.021680216802168,0.00940968312691,0.0062997618673215,3
0.5040650406504065,0.0123853948849927,0.0066820251274451,0
0.7425474254742548,0.0012063696316551,0.0002825880591071,1
0.059620596205962,0.0071577931478204,0.0006610130236295,3
0.8211382113821138,0.0014476435579861,0.0005226106248428,1
0.0013550135501355,0.0060318481582756,0.0021444540311949,3
0.494579945799458,0.0023323146211999,0.0009502449486652,0
0.089430894308943,0.0185780923274891,0.0067999795658092,3
0.0582655826558265,0.0011259449895447,0.0004120745963627,3
0.8672086720867209,0.0001608492842206,0.0001032725273871,1
0.5338753387533876,8.042464211034261e-05,0.0001218615823168,0
0.2953929539295393,0.0039408074634067,0.0018309530622232,0
0.0975609756097561,0.0172108734116133,0.0075623545750693,3
0.6097560975609756,0.0020910406948689,0.0007341471851076,0
0.2100271002710027,0.0090075599163583,0.0092527726608152,3
0.2046070460704607,0.0019301914106482,0.0008379188630438,3
0.035230352303523,0.0223580505066752,0.0020544864477527,3
0.059620596205962,0.000241273926331,5.327141204389e-05,3
0.5989159891598916,0.0020910406948689,0.00036231445025,0
0.575880758807588,0.0053884510213929,0.0007735456543058,0
0.002710027100271,0.0032169856844137,0.0023091737123774,3
0.0447154471544715,0.0106160527585652,0.0040653230405965,3
0.6192411924119241,0.0020910406948689,0.0013476204219632,0
0.5311653116531165,0.0057101495898343,0.0020532988136878,0
0.5650406504065041,0.0107769020427859,0.0036943681222217,0
0.5230352303523035,0.0036995335370757,0.0004535213040208,0
0.55420054200542,0.0012063696316551,0.0004459479853457,0
0.0284552845528455,0.0001608492842206,0.0012723175374101,3
0.9146341463414634,0.000482547852662,0.0003031048678813,1
0.8888888888888888,0.0024127392633102,0.0003534674370705,1
0.508130081300813,0.0016889174843171,0.000611889724769,0
0.002710027100271,0.0160045037799581,0.0061723063564378,3
0.3848238482384823,0.0013672189158758,0.0001618796866794,0
0.048780487804878,0.0045842046002895,0.0021935773300554,3
0.0338753387533875,0.0119028470323307,0.0205896159060622,3
0.0094850948509485,0.072301753257198,0.0432359730433918,3
0.0691056910569105,0.0160849284220685,0.0074297010136405,3
0.5826558265582655,0.0153611066430754,0.006681543188984,0
0.1273712737127371,0.0044233553160688,0.0032630676236771,3
0.032520325203252,0.0034582596107447,0.001175430694633,3
0.8197831978319783,0.0017693421264275,0.0007820484257273,1
0.7845528455284553,0.0018497667685378,0.0006943184137119,1
0.5636856368563685,0.0018497667685378,0.0011771691155107,0
0.0663956639566395,0.0006433971368827,0.0017545313919566,3
0.5338753387533876,0.0050667524529515,0.0002970806371171,0
0.3943089430894309,0.0333762264757921,0.0083445062733241,0
0.4905149051490515,0.0006433971368827,0.000233051670137,0
0.0853658536585365,0.0023323146211999,0.0028804429097075,3
0.2411924119241192,0.0045037799581791,0.001766270035903,3
0.3739837398373983,0.0139134630850892,0.0064508151507131,0
0.5149051490514905,0.0005629724947723,0.0002607459195647,0
0.0338753387533875,0.0003216985684413,0.0001834120086396,3
0.024390243902439,0.0072382177899308,0.0027018330735914,3
0.551490514905149,0.0326524046967991,0.0056676651513603,0
0.6666666666666666,0.0015280682000965,0.0008066444993334,1
0.0230352303523035,0.0121441209586617,0.0049624170618332,3
0.013550135501355,0.0027344378317516,0.0011245173386311,3
0.8197831978319783,0.003538684252855,0.0005585494643735,1
0.3577235772357723,0.0003216985684413,0.0003640356590398,0
0.2046070460704607,0.0154415312851857,0.005758544975461,3
0.1436314363143631,0.0006433971368827,0.000237767782221,3
0.3672086720867208,0.0038603828212964,0.0004911125039897,0
0.005420054200542,0.023966543348882,0.0091793441726342,3
0.021680216802168,0.0014476435579861,0.0006277592698109,3
0.4471544715447154,0.0017693421264275,0.0006931479917348,0
0.926829268292683,0.000482547852662,0.0002176468514684,1
0.056910569105691,0.0172912980537236,0.0068885701822195,3
0.0311653116531165,0.0155219559272961,0.0013836797461093,3
0.535230352303523,0.0024127392633102,0.0008431513377647,0
0.0094850948509485,0.0246099404857648,0.0066386506659425,3
0.002710027100271,0.075599163583722,0.0429835061381059,3
0.3617886178861789,0.0016889174843171,0.0006242996401434,0
0.0203252032520325,0.0118224223902203,0.0248152867575152,3
0.1016260162601626,0.0010455203474344,0.0005201492962734,3
0.7872628726287263,0.0003216985684413,0.0002257365327804,1
0.0338753387533875,0.0235644201383303,0.0136947288875841,3
0.3279132791327913,0.0017693421264275,0.0010676141760408,0
0.1368563685636856,0.0118224223902203,0.0026738462186695,3
0.1300813008130081,0.0279877754543992,0.0080011939681133,3
0.005420054200542,0.0205082837381373,0.0096013845678898,3
0.3279132791327913,0.0024127392633102,0.0008889182794852,0
0.9986449864498644,0.0008846710632137,0.0003812993832013,1
0.1897018970189702,0.003297410326524,0.0009940669244532,3
0.0663956639566395,0.0033778349686343,0.001166497621014,3
0.2249322493224932,0.0163262023483995,0.0040522246417062,3
0.024390243902439,8.042464211034261e-05,0.0021196686246219,3
0.029810298102981,0.0090879845584687,0.0041646539998551,3
0.8929539295392954,0.0012867942737654,0.0004237960282212,1
0.0284552845528455,0.0064339713688274,0.0014284139625558,3
0.013550135501355,0.0180151198327167,0.0092619621945439,3
0.1016260162601626,0.0054688756635032,0.0018602136116495,3
0.4227642276422764,0.0037799581791861,0.0039640987516692,0
0.0528455284552845,0.0036995335370757,0.0144746774385879,3
0.1205962059620596,0.0017693421264275,0.0006517184961647,3
0.0149051490514905,0.0049863278108412,0.0050256026365063,3
0.7357723577235772,0.0008846710632137,0.0003879604612178,1
0.1815718157181571,0.0054688756635032,0.0018332250578257,3
0.5799457994579946,0.0160849284220685,0.0018576834347285,0
0.1395663956639566,0.0136721891587582,0.0055705201272648,3
0.7601626016260162,0.0022518899790895,0.0008539949531404,1
0.1612466124661246,0.0047450538845102,0.0017881982358849,3
0.6178861788617886,0.0023323146211999,0.000769466389474,0
0.2574525745257452,0.0048254785266205,0.0010032581793907,3
0.6368563685636857,0.000482547852662,0.0002234989613537,0
0.1639566395663956,0.0049059031687308,0.0021579827322826,3
0.0772357723577235,0.0261380086858613,0.0117341171672263,3
0.991869918699187,0.0024127392633102,0.0002818823635033,1
0.062330623306233,0.0018497667685378,0.0006688273115352,3
0.5176151761517616,0.0053884510213929,0.0021973984135687,0
0.0013550135501355,0.0197844619591442,0.0015352838163136,3
0.929539295392954,0.0011259449895447,0.0004416621754591,1
0.3441734417344173,0.0288724465176129,0.0048098663267944,0
0.5718157181571816,0.0043429306739585,0.0016996592557383,0
0.7411924119241192,0.0189802155380408,0.0051366378155354,1
0.059620596205962,0.0202670098118063,0.0059217327808207,3
0.6111111111111112,0.0064339713688274,0.0013253824043992,0
0.2981029810298103,0.0021714653369792,0.0007687262696944,0
0.5420054200542005,0.0012867942737654,0.0006828207389961,0
0.0420054200542005,0.0213125301592407,0.0035143641069859,3
0.6937669376693767,0.0045037799581791,0.0020351228488676,1
0.7655826558265583,0.0012867942737654,0.0006197728610262,1
0.0257452574525745,0.0230818722856683,0.0031301903051056,3
0.5663956639566395,0.0020910406948689,0.0003280107590695,0
0.0826558265582655,0.0005629724947723,0.0009597804453607,3
0.5230352303523035,0.0084445874215859,0.0029461242371258,0
0.0311653116531165,8.042464211034261e-05,0.000441180236998,3
0.016260162601626,0.0065143960109377,0.001467984552633,3
0.2560975609756097,0.0021714653369792,0.0008723086146637,3
0.0528455284552845,0.0062731220846067,0.0027124357197365,3
0.0203252032520325,0.0480939359819848,0.0202450299063469,3
0.7168021680216802,0.0026540131896413,0.0012187879440477,1
0.005420054200542,0.003538684252855,0.0023184166035786,3
0.5840108401084011,0.0068360945793791,0.0030545948150581,0
0.3631436314363143,0.0022518899790895,0.0007556622949799,0
0.7059620596205962,0.0036995335370757,0.0014273123889303,1
0.7046070460704607,0.0004021232105517,0.0001956153789592,1
0.7330623306233063,8.042464211034261e-05,3.545690106960045e-05,1
0.078590785907859,0.0020910406948689,0.0006119929972964,3
0.0067750677506775,0.0299179668650474,0.0215472104162598,3
0.8035230352303523,0.0019301914106482,0.0006210981917944,1
0.0420054200542005,0.0078011902847032,0.0007972811235169,3
0.2154471544715447,0.0024127392633102,0.0002660128184614,3
0.8848238482384824,0.0012867942737654,0.0006072786064212,1
0.994579945799458,0.0003216985684413,0.0002243079294849,1
0.2967479674796748,0.0,0.0009195385838555,0
0.0230352303523035,0.0049059031687308,0.0022467454695719,3
0.9823848238482384,0.0001608492842206,7.797075817732527e-05,1
0.0040650406504065,0.0121441209586617,0.00456827746106,3
0.048780487804878,0.0021714653369792,0.0006509611642972,3
0.0230352303523035,0.0009650957053241,0.0002782678250447,3
0.3807588075880759,0.0011259449895447,0.000528307825937,0
0.3252032520325203,0.000723821778993,0.0003185096865499,0
0.7357723577235772,0.0016889174843171,0.0001974054361006,1
0.2005420054200542,0.0042625060318481,0.0029439383019628,3
0.0,0.0131896413060961,0.004513680718248,3
0.013550135501355,0.000241273926331,0.0012268776253597,3
0.013550135501355,0.0001608492842206,0.0001332215603294,3
0.1246612466124661,0.0078011902847032,0.0009430502959239,3
0.0826558265582655,0.0049059031687308,0.0005580847380003,3
0.075880758807588,0.0252533376226475,0.0107998278240423,3
0.3577235772357723,0.0052276017371722,0.0027280642955477,0
0.059620596205962,0.0179346951906064,0.0076765567782716,3
0.2289972899728997,0.0174521473379443,0.0029917362700551,3
0.0121951219512195,0.0316068843493646,0.0131221343594858,3
0.0149051490514905,0.0106964774006755,0.0033029996676001,3
0.0094850948509485,0.0098922309795721,0.0016809669282812,3
0.6598915989159891,0.000241273926331,0.0006155042632276,1
0.1558265582655826,0.0004021232105517,0.0009347024332935,3
0.3563685636856368,0.0039408074634067,0.000987027180503,0
0.0203252032520325,0.0024931639054206,0.0009251153003344,3
0.018970189701897,0.0314460350651439,0.0060476736279693,3
0.0420054200542005,0.0106160527585652,0.0143837804023993,3
0.078590785907859,0.0373974585813093,0.0059025240907267,3
0.05420054200542,0.0085250120636963,0.0022009957399393,3
0.0094850948509485,0.0004021232105517,0.000159246237231,3
0.051490514905149,0.0032169856844137,0.0006148329917996,3
0.7330623306233063,0.0032169856844137,0.0006799979565809,1
0.0582655826558265,0.0113398745375583,0.0053411346318499,3
0.005420054200542,0.0021714653369792,0.0009416216926284,3
0.0392953929539295,0.0022518899790895,0.0017436017161415,3
0.2601626016260162,0.0028952871159723,0.001018697422235,3
0.6260162601626016,0.0016084928422068,0.0002346179701357,0
0.0338753387533875,0.0195431880328132,0.0232668873302234,3
0.0149051490514905,0.0024127392633102,0.0007929264652788,3
0.2100271002710027,0.0024127392633102,0.0003223651942391,3
0.8401084010840109,0.0026540131896413,0.0008388311037024,1
0.5704607046070461,0.0057101495898343,0.0035331080707067,0
0.086720867208672,0.0130287920218755,0.0018983211742554,3
0.029810298102981,0.0630529194145086,0.0082336776393497,3
0.1395663956639566,0.0034582596107447,0.0019354820720269,3
0.005420054200542,0.0195431880328132,0.019920616473648,3
0.0067750677506775,0.0056297249477239,0.001673083792024,3
0.2303523035230352,0.0008846710632137,0.0004089764205411,3
0.592140921409214,0.0003216985684413,5.697201094193081e-05,0
0.5555555555555556,0.0037799581791861,0.000656038730227,0
0.4024390243902439,0.0,6.454532961699111e-06,0
0.078590785907859,0.0023323146211999,0.0008632894806052,3
0.5704607046070461,0.0014476435579861,0.0005640056962372,0
0.1084010840108401,0.0065143960109377,0.0054324275460602,3
0.8414634146341463,0.0006433971368827,0.0002259086536594,1
0.048780487804878,0.0175325719800546,0.0068952656844118,3
0.0948509485094851,0.0247707897699855,0.0115488462530937,3
0.5636856368563685,0.0133504905903168,0.001893002639095,0
0.1260162601626016,0.0005629724947723,0.0002211753294875,3
0.2208672086720867,0.0059514235161653,0.0027440026889412,3
0.048780487804878,0.0082033134952549,0.0049051696574849,3
0.048780487804878,0.0051471770950619,0.002221271579483,3
0.1531165311653116,0.0067556699372687,0.0296722625688862,3
0.7439024390243902,8.042464211034261e-05,0.0019742609060608,1
0.0257452574525745,0.0087662859900273,0.0010847402034992,3
0.532520325203252,0.0009650957053241,0.0010188867552019,0
0.0149051490514905,0.0481743606240952,0.0066995470329252,3
0.9878048780487804,0.0017693421264275,0.0003515741074017,1
0.2967479674796748,0.000241273926331,0.0003509028359737,0
0.005420054200542,0.0925687630690043,0.0163855634370088,3
0.086720867208672,0.0101335049059031,0.0045204106446161,3
0.8943089430894309,0.0008846710632137,0.0007349561532388,1
0.0975609756097561,0.0009650957053241,0.0025580605033805,3
0.2859078590785908,0.0013672189158758,0.0004588570512691,0
0.0826558265582655,0.0069969438635998,0.0007043358488685,3
0.5853658536585366,0.0017693421264275,0.0010344981189253,0
0.0,0.0114202991796686,0.017175047484708,3
0.013550135501355,0.0315264597072543,0.0109954259909136,3
0.5989159891598916,0.0037799581791861,0.0020348474554613,0
0.5785907859078591,0.0003216985684413,0.0017571820534929,0
0.013550135501355,0.0004021232105517,0.0001763378405136,3
0.0582655826558265,0.0025735885475309,0.0004435038688642,3
0.1422764227642276,0.0010455203474344,0.0007737177751847,3
0.043360433604336,0.0079620395689239,0.0057053940480324,3
0.0880758807588075,0.0004021232105517,0.000186544608637,3
0.535230352303523,0.0050667524529515,0.0018796632709741,0
0.024390243902439,0.0090879845584687,0.0032340308313934,3
0.1097560975609756,0.0050667524529515,0.0006931307796469,3
0.002710027100271,0.015039408074634,0.0070994526831441,3
0.005420054200542,0.0044233553160688,0.047069965622641,3
0.0257452574525745,0.0193823387485925,0.0081261193020759,3
0.2181571815718157,0.0021714653369792,0.0006977436192036,3
0.0067750677506775,0.0116615731059996,0.001143071969385,3
0.1951219512195122,0.0087662859900273,0.0033260810774711,3
0.4457994579945799,0.015280682000965,0.0024803651386096,0
0.5691056910569106,0.0020106160527585,0.0007447326191647,0
0.005420054200542,0.0423033617500402,0.0062844603211803,3
0.6449864498644986,0.0011259449895447,0.000573472344581,1
0.3753387533875338,0.0015280682000965,0.0005432134940565,0
0.3414634146341463,0.0056297249477239,0.001986016762095,0
0.3170731707317073,0.0084445874215859,0.0019159463522628,0
0.1476964769647696,0.0308026379282612,0.0035537970003599,3
0.024390243902439,0.0001608492842206,7.435621971877376e-05,3
0.4769647696476964,0.0014476435579861,0.0011009712023868,0
0.5271002710027101,0.0038603828212964,0.0015336314558755,0
0.040650406504065,0.0008042464211034,0.0003778053293581,3
0.5094850948509485,0.008927135274248,0.0006880532137171,0
0.5691056910569106,0.0008846710632137,0.0002569764723151,0
0.6897018970189702,0.0024127392633102,0.0002063040855438,1
0.1002710027100271,0.0032169856844137,0.0012190633374541,3
0.2804878048780488,0.0031365610423033,0.0022443013530904,0
0.067750677506775,0.0094901077690204,0.0010319679420043,3
0.3631436314363143,0.0006433971368827,0.0016249932184373,0
0.021680216802168,0.0137526138008685,0.0056593345008177,3
0.051490514905149,0.0050667524529515,0.0031444591259729,3
0.907859078590786,0.0012063696316551,0.0001837390383097,1
0.9308943089430894,8.042464211034261e-05,0.0002716067470282,1
0.2506775067750677,0.0109377513270065,0.0050811116199769,3
0.6937669376693767,0.0008846710632137,0.000288509017344,1
0.55420054200542,0.0008042464211034,0.0024942725056311,0
0.037940379403794,0.0075599163583722,0.0026527269868188,3
0.05420054200542,0.0032169856844137,0.0008737888542229,3
0.5853658536585366,0.006112272800386,0.0010632250936268,0
0.056910569105691,0.0301592407913784,0.0590050683402507,3
0.2195121951219512,0.0009650957053241,0.0002187656371818,3
0.1084010840108401,0.0010455203474344,0.0004171349502047,3
0.1178861788617886,0.0016084928422068,0.0006273806038771,3
0.2655826558265582,0.0080424642110342,0.0169357650387519,3
0.062330623306233,0.0054688756635032,0.0018706097127398,3
0.7750677506775068,0.0029757117580826,0.0002456337063904,1
0.513550135501355,0.0079620395689239,0.0018493872083618,0
0.002710027100271,0.1501528068200096,0.2962766088551648,4
0.6747967479674797,0.0016084928422068,0.0006888277576725,1
0.5338753387533876,0.000482547852662,0.000138178641644,0
0.5609756097560976,0.0087662859900273,0.0011954483528582,0
0.1260162601626016,0.0042625060318481,0.0025053226660615,3
0.8441734417344173,0.0004021232105517,0.0003776332084791,1
0.016260162601626,0.0124658195271031,0.0014572097856089,3
0.2005420054200542,0.0049059031687308,0.0023218245969824,3
0.048780487804878,0.0131092166639858,0.0049143437003345,3
0.1070460704607046,0.0121441209586617,0.0045341114665828,3
0.5934959349593496,0.0049863278108412,0.0014174670746528,0
0.5,0.0141547370114203,0.0051740913188011,0
0.0067750677506775,0.0286311725912819,0.0068876579415609,3
0.0013550135501355,0.0057905742319446,0.0018429154633122,3
0.029810298102981,0.0,5.1636263693592886e-05,3
0.6233062330623306,0.0006433971368827,0.000271985412962,0
0.035230352303523,0.0047450538845102,0.0016773523898226,3
0.1924119241192411,0.0146372848640823,0.0011479774144359,3
0.1761517615176151,0.0019301914106482,0.0032367503412812,3
0.4864498644986449,0.003056136400193,0.0004997357600265,0
0.013550135501355,0.017612996622165,0.0069971956689429,3
0.559620596205962,0.0101335049059031,0.0010989746001907,0
0.4403794037940379,0.0026540131896413,0.1334908606567196,0
0.078590785907859,0.0139938877271996,0.0042881851546981,3
0.3333333333333333,0.0008846710632137,0.000527636554509,0
0.0040650406504065,0.0562168248351294,0.0048038076718544,3
0.4932249322493225,0.003538684252855,0.0014198595548706,0
0.0528455284552845,0.0470484156345504,0.0067555895911206,3
0.0691056910569105,0.0271835290332958,0.0435759462035504,3
0.2344173441734417,0.0199453112433649,0.0018784240006455,3
0.2384823848238482,0.0024127392633102,0.0007836663619897,3
0.1165311653116531,0.0164066269905098,0.0038033378507031,3
0.062330623306233,0.0008042464211034,0.0002250308371766,3
0.056910569105691,0.0028952871159723,0.0011580292737683,3
0.024390243902439,0.0064339713688274,0.0019366180698282,3
0.2425474254742547,0.0046646292423998,0.0016173510514107,3
0.6666666666666666,0.0,6.144715379537555e-05,1
0.3726287262872628,0.0018497667685378,0.0002073023866418,0
0.2723577235772357,0.0037799581791861,0.0008710004959835,0
0.0880758807588075,0.0008846710632137,0.0005708561072205,3
0.2127371273712737,0.0067556699372687,0.0032807444379482,3
0.9214092140921408,0.0021714653369792,0.0007275549554427,1
0.2493224932249322,0.0016084928422068,0.0007187940027027,3
0.010840108401084,0.0193019141064822,0.0064556173232366,3
0.013550135501355,0.0005629724947723,0.0003352914722503,3
0.024390243902439,0.006353546726717,0.0020073253269126,3
0.8929539295392954,0.0,6.45453296169911e-05,1
0.0447154471544715,0.0040212321055171,0.0007041465159016,3
0.3902439024390244,0.0008846710632137,0.00120828857043,0
0.005420054200542,0.000482547852662,0.0001549776394323,3
0.5799457994579946,0.0032169856844137,0.0014346791625506,0
0.1151761517615176,0.0028148624738619,0.0010794733046024,3
0.067750677506775,0.0069165192214894,0.0015568677745376,3
0.2506775067750677,0.0003216985684413,0.0003026401415081,3
0.5934959349593496,0.003538684252855,0.0204494062380462,0
0.2967479674796748,0.0156828052115168,0.0067106316175314,0
0.0284552845528455,0.0065143960109377,0.0024482473825922,3
0.086720867208672,0.0020106160527585,0.0024238750661288,3
0.005420054200542,0.0042625060318481,0.0018545164105553,3
0.1205962059620596,0.0016084928422068,0.0037696882188628,3
0.0,0.0554930030561364,0.0748984882692047,3
0.5813008130081301,0.0003216985684413,0.0001054756746381,0
0.5691056910569106,0.0027344378317516,0.0002142044338889,0
0.0013550135501355,0.0037799581791861,0.0016704675546635,3
0.0094850948509485,0.0146372848640823,0.0080142407307398,3
0.1653116531165311,0.0003216985684413,0.0011471512342168,3
0.5853658536585366,0.0024931639054206,0.0008761641223528,0
0.0311653116531165,0.020669133022358,0.0055366811624576,3
0.0772357723577235,0.0092488338426894,0.0027824028570413,3
0.5691056910569106,0.0,0.0001549087910807,0
0.0772357723577235,0.0017693421264275,0.0018763585500977,3
0.010840108401084,0.0100530802637928,0.0054010843339982,3
0.005420054200542,0.0012867942737654,0.0007214963005026,3
0.4024390243902439,0.0,0.0002106759558698,0
0.018970189701897,0.0056297249477239,0.002045002587321,3
0.7628726287262872,0.000723821778993,6.21872735749837e-05,1
0.1585365853658536,0.0041820813897378,0.0034289577268367,3
0.9051490514905148,0.0031365610423033,0.0005493065731724,1
0.8848238482384824,0.0004021232105517,0.0001418276042784,1
0.8116531165311653,0.0004021232105517,0.0018021056029063,1
0.0338753387533875,0.0014476435579861,0.0010248421376146,3
0.078590785907859,0.0018497667685378,0.0007709638411211,3
0.5284552845528455,0.0042625060318481,0.0006281207236567,0
0.7330623306233063,0.000482547852662,0.0001858905492969,1
0.0257452574525745,0.0619269744249638,0.0383046238002142,3
0.073170731707317,0.0081228888531446,0.0041599895240348,3
0.5338753387533876,0.0008042464211034,0.0003396117063127,0
0.5501355013550135,0.006353546726717,0.0021919077575293,0
0.089430894308943,0.0017693421264275,0.0006608581148384,3
0.1273712737127371,0.0043429306739585,0.0015876257756111,3
0.021680216802168,0.0078011902847032,0.0045344212841649,3
0.3563685636856368,0.0023323146211999,0.0007187251543511,0
0.0149051490514905,0.0160849284220685,0.017471147032815,3
0.0718157181571815,0.0192214894643718,0.0075772602431889,3
0.0040650406504065,0.0028148624738619,0.0011721259737566,3
0.6747967479674797,0.0047450538845102,0.0016759926348787,1
0.048780487804878,0.0034582596107447,0.0020784628861945,3
0.0094850948509485,0.0020106160527585,0.0008120318828454,3
0.032520325203252,0.0034582596107447,0.000661615446706,3
0.0338753387533875,0.0196236126749235,0.0016718445216953,3
0.024390243902439,0.0018497667685378,0.0009819151903973,3
0.1138211382113821,0.0242078172752131,0.0155872840123938,3
0.0948509485094851,0.0017693421264275,0.0007625815543148,3
0.0067750677506775,0.0248512144120958,0.0100976951224247,3
0.010840108401084,0.0102139295480135,0.0102963226167661,3
0.7845528455284553,0.0008042464211034,0.00030164184041,1
0.067750677506775,0.0041016567476274,0.002002540366477,3
0.0257452574525745,0.073025575036191,0.0101918796674018,3
0.6463414634146342,0.0012867942737654,0.0005661916314002,1
0.7831978319783198,0.0012063696316551,0.0002330344580491,1
0.3265582655826558,0.0023323146211999,0.0002326902162912,0
0.5501355013550135,0.0006433971368827,0.0010215374167382,0
0.037940379403794,0.0027344378317516,0.0025801091879777,3
0.0338753387533875,0.0057101495898343,0.0021473972982254,3
0.059620596205962,0.0039408074634067,0.0016421880942473,3
0.0094850948509485,0.0101335049059031,0.0054055250526758,3
0.0013550135501355,0.0264597072543027,0.0047172308697281,3
0.0609756097560975,0.0001608492842206,0.000164977862501,3
0.4281842818428184,0.0012867942737654,0.0022521672772597,0
0.010840108401084,0.0279877754543992,0.0209304324585278,3
0.6937669376693767,0.0099726556216824,0.001726492900771,1
0.0040650406504065,0.0094901077690204,0.0049966863288379,3
0.2628726287262872,0.0008846710632137,0.0003565484008042,3
0.5311653116531165,0.0008042464211034,0.0003037933513973,0
0.5420054200542005,0.0031365610423033,0.0005277914633001,0
0.002710027100271,0.0305613640019301,0.0097952098897076,3
0.5311653116531165,0.0020910406948689,0.0003178384151219,0
0.9105691056910568,0.000241273926331,0.00040276285681,1
0.3604336043360434,0.0004021232105517,0.0002043935437871,0
0.3523035230352303,0.0017693421264275,0.0005771557313911,0
0.013550135501355,0.0245295158436544,0.0178328762720765,3
0.0338753387533875,0.0012867942737654,0.0005697201094193,3
0.010840108401084,0.0341000482547852,0.0096405076436816,3
0.8536585365853658,0.0033778349686343,0.000414725257899,1
0.8970189701897019,0.0012063696316551,0.0003121412140277,1
0.0718157181571815,0.0012063696316551,0.0004839178512484,3
0.005420054200542,0.0106964774006755,0.0013565707076701,3
0.6070460704607046,0.0160045037799581,0.0021913741828044,0
0.089430894308943,0.0024127392633102,0.0001922245976433,3
0.3699186991869919,0.0009650957053241,0.0008888666432215,0
0.1002710027100271,0.0046646292423998,0.0023172117574257,3
0.2344173441734417,0.000241273926331,0.0012640557352191,3
0.005420054200542,0.0386842528550748,0.0172479923132192,3
0.6002710027100271,0.000241273926331,0.0030465395579219,0
0.2344173441734417,0.0019301914106482,0.0006958847137106,3
0.1531165311653116,0.0067556699372687,0.003611922221191,3
0.2940379403794038,0.0021714653369792,0.0016392964634804,0
0.08130081300813,0.0049059031687308,0.0018122090985024,3
0.029810298102981,0.0008042464211034,0.0029559351272276,3
0.048780487804878,0.0021714653369792,0.0010496791804512,3
0.6070460704607046,0.0001608492842206,0.000394501054619,0
0.1056910569105691,0.0142351616535306,0.0022558678761577,3
0.0284552845528455,0.0036191088949654,0.0008062314092238,3
0.7330623306233063,0.0015280682000965,0.000219075454764,1
0.037940379403794,0.0105356281164548,0.0013962962065384,3
0.532520325203252,0.000482547852662,0.0077656809694068,0
0.073170731707317,0.0073990670741515,0.0005236605622046,3
0.575880758807588,0.0049863278108412,0.0018183193897061,0
0.005420054200542,0.0071577931478204,0.0053016328901243,3
0.0609756097560975,0.0345021714653369,0.0030664883677956,3
0.035230352303523,0.0051471770950619,0.006104525154296,3
0.056910569105691,0.0008042464211034,0.0003776159963912,3
0.3739837398373983,0.0062731220846067,0.0010588360112129,0
0.7330623306233063,0.0008846710632137,0.0001976808295069,1
0.516260162601626,0.0054688756635032,0.000913720898146,0
0.021680216802168,0.0025735885475309,0.0013434034604283,3
0.6585365853658537,0.0017693421264275,0.0015928238261562,1
0.048780487804878,0.000723821778993,0.0002599885876972,3
0.7168021680216802,0.0041016567476274,0.0006362964654082,1
0.0284552845528455,0.0092488338426894,0.0036925780650804,3
0.067750677506775,0.0097313816953514,0.0033600921631573,3
0.0094850948509485,0.0024127392633102,0.0010053064178505,3
0.8387533875338753,0.0001608492842206,5.180838457257153e-05,1
0.024390243902439,0.0297571175808267,0.0027200090384115,3
0.5433604336043361,0.0008846710632137,0.0004516451864399,0
0.0013550135501355,0.0160045037799581,0.0020951758235433,3
0.2777777777777778,0.0219559272961235,0.0084075541512939,0
0.0094850948509485,0.0008846710632137,0.0003064612250214,3
0.0121951219512195,0.012224545600772,0.0106790850274388,3
0.0257452574525745,0.0014476435579861,0.0006148157797117,3
0.0149051490514905,0.0066752452951584,0.0008113778235053,3
0.0040650406504065,0.020910406948689,0.0043398558425675,3
0.1531165311653116,0.0041820813897378,0.0014246100911304,3
0.5650406504065041,0.0038603828212964,0.0013772768494113,0
0.075880758807588,0.0320894322020267,0.0038499481847305,3
0.6571815718157181,0.0011259449895447,0.0004858972413567,1
0.3536585365853658,0.0018497667685378,0.0006830961324025,0
0.5948509485094851,0.0012063696316551,0.0005090130754035,0
0.002710027100271,0.0702107125623291,0.0288996635794147,3
0.4024390243902439,0.0016084928422068,0.0014132845372936,0
0.013550135501355,0.2486729934051793,0.0220001465092921,4
0.2289972899728997,0.0045037799581791,0.0060140756323927,3
0.1056910569105691,0.0235644201383303,0.010701460741706,3
0.1544715447154471,0.0181759691169374,0.0077235285661449,3
0.7371273712737128,0.0012867942737654,0.0009822250079795,1
0.9146341463414634,0.0012063696316551,0.0003580114282755,1
0.3157181571815718,0.0020910406948689,0.0004596143831366,0
0.0121951219512195,0.0043429306739585,0.002235265006944,3
0.1043360433604336,0.0043429306739585,0.0046048703599309,3
0.0975609756097561,0.023242721569889,0.0053567287834854,3
0.024390243902439,0.0004021232105517,0.0005029372083755,3
0.1178861788617886,0.000482547852662,0.0002019838514814,3
0.078590785907859,0.0073186424320411,0.0041951193954343,3
0.3604336043360434,0.0015280682000965,0.0005936449115973,0
0.005420054200542,0.0234035708541097,0.0180662893960595,3
0.3821138211382114,0.0045842046002895,0.0020083580521864,0
0.0772357723577235,0.0040212321055171,0.0014011844395014,3
0.0948509485094851,0.0299983915071577,0.0064793011561841,3
0.1016260162601626,0.0106160527585652,0.003437839164192,3
0.1368563685636856,0.0033778349686343,0.0003647069304678,3
0.559620596205962,0.0012867942737654,0.0006306509005777,0
0.518970189701897,0.0012063696316551,0.0005686013237059,0
0.4010840108401084,0.000482547852662,0.0002451001316655,0
0.2289972899728997,0.0043429306739585,0.0022126311113583,3
0.037940379403794,0.0026540131896413,0.0006618392038486,3
0.8970189701897019,0.0,0.0001022398021133,1
0.516260162601626,0.0028148624738619,0.0011017973826059,0
0.029810298102981,0.0025735885475309,0.0014667280702165,3
0.005420054200542,0.0764838346469358,0.0321359836184986,3
0.0284552845528455,0.0097313816953514,0.0038794152792117,3
0.08130081300813,0.1046324593855557,0.0238179839605372,3
0.037940379403794,0.0023323146211999,0.0002792144898791,3
0.010840108401084,0.0661894804568119,0.0120404751197203,3
0.5894308943089431,0.0016084928422068,0.0006613916895633,0
0.5067750677506775,0.0086054367058066,0.0015861971723155,0
0.3956639566395664,0.006594820653048,0.0008706218300497,0
0.4471544715447154,0.0049059031687308,0.0023096040145749,0
0.0067750677506775,0.0741515200257358,0.0367017136905497,3
0.535230352303523,0.0027344378317516,0.0015843038426468,0
0.8631436314363143,0.0004021232105517,0.0006970895598635,1
0.010840108401084,0.0121441209586617,0.0068299458108394,3
0.5338753387533876,0.0037799581791861,0.0016381776777671,0
0.005420054200542,0.0086054367058066,0.0037133358430852,3
0.075880758807588,0.0,3.5801142827557735e-05,3
0.0040650406504065,0.0172912980537236,0.0965227038455109,3
0.1287262872628726,0.01174199774811,0.0064095577760219,3
0.037940379403794,0.0190606401801512,0.0023691234145257,3
0.2953929539295393,0.0012867942737654,0.0014302040196972,0
0.2859078590785908,0.0072382177899308,0.0026209706846472,0
0.0311653116531165,0.0046646292423998,0.0019434856928994,3
0.3197831978319783,0.0011259449895447,0.0004001466194495,0
0.5609756097560976,0.0175325719800546,0.0014673821295566,0
0.0311653116531165,0.018095544474827,0.00474759299278,3
0.1205962059620596,0.0143155862956409,0.005043847449678,3
0.024390243902439,0.0040212321055171,0.0022602741706596,3
0.2682926829268293,0.0016889174843171,0.0016349762294181,3
0.494579945799458,0.0053080263792826,0.0019965849840643,0
0.3834688346883468,0.0008846710632137,0.0011805771089145,0
0.4105691056910569,0.0005629724947723,0.000204737785545,0
0.0257452574525745,0.020427859096027,0.0208273148399317,3
0.0149051490514905,0.0119028470323307,0.013305959458235,3
0.8008130081300813,0.0057101495898343,0.0071565796028772,1
0.8590785907859079,0.0043429306739585,0.0039282803967537,1
0.978319783197832,0.0020910406948689,0.0007702925696931,1
0.2560975609756097,0.0081228888531446,0.0029080338866078,3
0.513550135501355,0.0019301914106482,0.000187732242702,0
0.8631436314363143,0.0008846710632137,0.0003351193513714,1
0.021680216802168,0.0213929548013511,0.0086942558994087,3
0.0284552845528455,0.0127875180955444,0.0031109816150115,3
0.0121951219512195,0.0272639536754061,0.0440382456723991,3
0.2940379403794038,0.0057905742319446,0.0012487886132537,0
0.3577235772357723,0.0045037799581791,0.0005050887193628,0
0.0121951219512195,0.0048254785266205,0.0069091042030817,3
0.4878048780487805,0.0098922309795721,0.0043064471799577,0
0.002710027100271,0.0283094740228406,0.0415694298447689,3
0.2127371273712737,0.0102139295480135,0.0042094226404774,3
0.0040650406504065,0.075357889657391,0.0045868493039018,3
0.2533875338753387,0.0057905742319446,0.0015218583877533,3
0.9363143631436316,0.0019301914106482,0.0117020166232967,1
0.7357723577235772,0.0008846710632137,0.0003278558502785,1
0.556910569105691,0.0043429306739585,0.0017483006161376,0
0.2398373983739837,0.0049059031687308,0.0014351094647481,3
0.2384823848238482,8.042464211034261e-05,8.081075268047287e-05,3
0.6287262872628726,0.0054688756635032,0.0006576050302258,0
0.1585365853658536,0.0020106160527585,0.0009028428585945,3
0.0826558265582655,0.0362715135917645,0.003025454750247,3
0.0311653116531165,0.0047450538845102,0.0009242719080274,3
0.010840108401084,0.0342608975390059,0.0139035287258731,3
0.0230352303523035,0.0026540131896413,0.000954668455255,3
0.0392953929539295,0.0579057423194466,0.0083729406425313,3
0.5663956639566395,0.0070773685057101,0.001123519037533,0
0.0149051490514905,0.0228405983593373,0.014971297810705,3
0.070460704607046,0.0051471770950619,0.0020539528730279,3
0.067750677506775,0.0021714653369792,0.000787831687261,3
0.535230352303523,8.042464211034261e-05,0.000172723302055,0
0.0501355013550135,0.0132700659482065,0.0057262206743888,3
0.5948509485094851,0.0016889174843171,0.0006038861038965,0
0.3075880758807588,0.0008042464211034,0.000354052648059,0
0.05420054200542,0.0054688756635032,0.0034139832103655,3
0.0230352303523035,0.0003216985684413,0.0003315048129128,3
0.913279132791328,0.0017693421264275,0.0006011321698329,1
0.7588075880758808,0.0016084928422068,0.0003747587898001,1
0.1463414634146341,0.0016084928422068,0.0007196373950097,3
0.513550135501355,0.0181759691169374,0.0081055680691259,0
0.9932249322493224,0.0018497667685378,0.000750756849929,1
0.0257452574525745,0.0053080263792826,0.0009572158442639,3
0.0040650406504065,0.0098922309795721,0.0036353995090837,3
0.518970189701897,0.0037799581791861,0.0004111279315283,0
0.6395663956639567,0.0,0.0001396244570274,1
0.002710027100271,0.0216342287276821,0.009881425237988,3
0.021680216802168,0.0484156345504262,0.0168044368080912,3
0.0948509485094851,0.0153611066430754,0.0055580585756267,3
0.535230352303523,0.0017693421264275,0.0020471713103961,0
0.2682926829268293,0.0039408074634067,0.0006215629181676,3
0.9159891598915988,0.0003216985684413,0.0004866889974,1
0.3170731707317073,0.0020910406948689,0.0003616259667341,0
0.1016260162601626,0.0041820813897378,0.0024792291408083,3
0.7506775067750677,0.0135113398745375,0.0014478119856167,1
0.2425474254742547,0.0055493003056136,0.0019097327885317,3
0.3346883468834688,0.0009650957053241,0.0003549304645418,0
0.6165311653116531,0.0,0.0016854076469588,0
0.010840108401084,0.0365932121602058,0.0162659394261186,3
0.4322493224932249,0.0004021232105517,0.0003444138788362,0
0.6897018970189702,0.0010455203474344,0.0002989051184343,1
0.551490514905149,0.0005629724947723,0.0001845824306166,0
0.5067750677506775,0.0126266688113237,0.0009436010827367,0
0.2655826558265582,0.0005629724947723,0.0002307108261829,3
0.513550135501355,0.0031365610423033,0.0003648790513468,0
0.1097560975609756,0.0100530802637928,0.0110011404040957,3
0.592140921409214,0.008685861347917,0.0036566392255496,0
0.0284552845528455,0.0280682000965095,0.0048113465663537,3
0.4566395663956639,0.000723821778993,0.0006917538126151,0
0.573170731707317,0.0012063696316551,0.0005558299544857,0
0.1490514905149051,0.0053884510213929,0.0018667714171386,3
0.7533875338753387,0.0019301914106482,0.0007233379939077,1
0.5094850948509485,0.0060318481582756,0.0021221643773671,0
0.013550135501355,0.003056136400193,0.0011049127705155,3
0.2195121951219512,0.0034582596107447,0.0014553680922039,3
0.013550135501355,0.0251729129805372,0.0085616883984193,3
0.002710027100271,0.0,0.0066455871373654,3
0.5149051490514905,0.0049059031687308,0.0017119142623215,0
0.5880758807588076,0.000723821778993,0.0011101796694122,0
0.037940379403794,0.0168891748431719,0.0065297669979006,3
0.0013550135501355,0.0115007238217789,0.0047657345334243,3
0.1463414634146341,0.0327328293389094,0.0094550990328458,3
0.1056910569105691,0.0054688756635032,0.0019319019577441,3
0.7425474254742548,0.0016084928422068,0.000278732551418,1
0.0907859078590785,0.0011259449895447,0.0007146458895193,3
0.535230352303523,0.0019301914106482,0.0008759403652102,0
0.018970189701897,0.0,0.0,3
0.0203252032520325,0.0011259449895447,0.0026689924098823,3
0.043360433604336,0.0020910406948689,0.0006592746027518,3
0.0040650406504065,0.0018497667685378,0.0002902474382216,3
0.2533875338753387,0.0001608492842206,0.0001024119229922,3
0.6476964769647696,0.000723821778993,0.0005100974369411,1
0.5365853658536586,0.0015280682000965,0.0005304765490121,0
0.2764227642276423,0.0018497667685378,0.0007001188873335,0
0.2533875338753387,0.0068360945793791,0.0026073042868563,3
0.035230352303523,0.0105356281164548,0.0045903089335693,3
0.005420054200542,0.0023323146211999,0.0017694026359004,3
0.2466124661246612,0.0038603828212964,0.0020306649181021,3
0.032520325203252,0.0038603828212964,0.0007814460026509,3
0.0528455284552845,0.0114202991796686,0.0047599512718906,3
0.2913279132791327,0.0183368184011581,0.0031040279315008,0
0.2249322493224932,0.0004021232105517,0.0002262528954174,3
0.010840108401084,0.0500241273926331,0.004304037487652,3
0.05420054200542,0.0125462441692134,0.0012075484506504,3
0.1138211382113821,0.0017693421264275,0.0007065217840315,3
0.1205962059620596,0.0226797490751166,0.0079892659912,3
0.0284552845528455,0.000482547852662,0.0001901247229198,3
0.067750677506775,0.0,9.666308563440588e-05,3
0.2303523035230352,0.0078011902847032,0.0035082538157821,3
0.0474254742547425,0.0164066269905098,0.0015783140360583,3
0.5271002710027101,0.0019301914106482,0.0006885867884419,0
0.0203252032520325,0.0005629724947723,0.0002110890459794,3
0.3157181571815718,0.0012867942737654,0.0008025824465895,0
0.9796747967479674,0.0001608492842206,0.000169194824036,1
0.0718157181571815,0.003538684252855,0.0014809452548201,3
0.016260162601626,0.0161653530641788,0.0022863676959128,3
0.505420054200542,0.0024127392633102,0.000756815504869,0
0.4512195121951219,0.0012063696316551,0.0037761599639124,0
0.3536585365853658,0.0001608492842206,0.0001330494394504,0
0.0121951219512195,0.0256554608331992,0.0061264533542779,3
0.013550135501355,0.1149268135756795,0.0107076743054371,3
0.0040650406504065,0.0097313816953514,0.0122078626745271,3
0.0094850948509485,0.0284703233070612,0.0087572693532027,3
0.002710027100271,0.0027344378317516,0.000719069396109,3
0.2222222222222222,0.0021714653369792,0.0008103967344951,3
0.0853658536585365,8.042464211034261e-05,1.0671494496675864e-05,3
0.0609756097560975,0.000482547852662,0.0003086815843602,3
0.575880758807588,0.0113398745375583,0.004376672498581,0
0.2872628726287263,0.0045842046002895,0.001774686746885,0
0.0149051490514905,0.0661894804568119,0.0244269476303636,3
0.0311653116531165,0.0014476435579861,0.0005023864215628,3
0.537940379403794,0.0009650957053241,0.0003087848568876,0
0.062330623306233,0.0004021232105517,0.0007273484103879,3
0.059620596205962,0.000723821778993,0.0009866313024813,3
0.6788617886178862,0.0005629724947723,0.0001736011185378,1
0.5284552845528455,0.0029757117580826,0.0008677301992829,0
0.037940379403794,0.0082837381373652,0.002952664830527,3
0.2953929539295393,0.0087662859900273,0.0025772175572109,0
0.1355013550135501,0.0262184333279716,0.0279694190768868,3
0.8794037940379403,0.0029757117580826,0.0010253240760757,1
0.0230352303523035,0.0167283255589512,0.0024960797748603,3
0.8861788617886179,0.0009650957053241,0.0164032574633678,1
0.6558265582655827,0.0005629724947723,0.0002598164668182,1
0.010840108401084,0.0039408074634067,0.0022981407640349,3
0.0392953929539295,0.0162457777062892,0.0096625735403667,3
0.6680216802168022,0.0039408074634067,0.0004841071842153,1
0.2777777777777778,0.0012063696316551,0.0006695674313148,0
0.3712737127371274,0.0049059031687308,0.00204820403567,0
0.0,0.0060318481582756,0.0021332317498855,3
0.005420054200542,0.0181759691169374,0.0079489552813432,3
0.6368563685636857,0.0014476435579861,0.0006107709390557,0
0.0284552845528455,0.0141547370114203,0.0086154417489243,3
0.051490514905149,0.0010455203474344,0.0004593734139061,3
0.0582655826558265,0.0341804728968956,0.0135159813547648,3
0.1327913279132791,0.0008042464211034,0.0004676524281849,3
0.2479674796747967,0.0075599163583722,0.0027721616647421,3
0.0392953929539295,0.0159240791378478,0.0030725470227356,3
0.5474254742547425,0.000723821778993,0.0009641178915109,0
0.8468834688346883,0.0016084928422068,0.0004704924226881,1
0.0257452574525745,0.0140743123693099,0.0018637420896686,3
0.0284552845528455,0.017854270548496,0.0073906295741123,3
0.089430894308943,0.0275856522438475,0.0111639168405546,3
0.4417344173441734,0.0036191088949654,0.0008853381652024,0
0.0772357723577235,0.0135917645166479,0.0070256128260623,3
0.0257452574525745,0.0199453112433649,0.0074913030762269,3
0.5663956639566395,0.005870998874055,0.0015753879811157,0
0.013550135501355,0.0151198327167444,0.0057653093260049,3
0.078590785907859,0.0052276017371722,0.0013677413527158,3
0.934959349593496,0.0004021232105517,0.0001049248878253,1
0.024390243902439,0.0219559272961235,0.0029759527854528,3
0.0121951219512195,0.1204761138812932,0.0606437623806548,3
0.1517615176151761,0.003056136400193,0.0012647614308229,3
0.981029810298103,0.0020910406948689,0.0006497391060564,1
0.056910569105691,0.0090879845584687,0.0036982408419988,3
0.3550135501355013,0.0045037799581791,0.0006772095983414,0
0.0474254742547425,0.0142351616535306,0.0090088068057421,3
0.0149051490514905,0.0060318481582756,0.0029485855656952,3
0.5474254742547425,0.0045037799581791,0.0021843000146784,0
0.086720867208672,0.0288724465176129,0.004121193477913,3
0.6517615176151762,0.006353546726717,0.0032574220588466,1
0.535230352303523,0.0024931639054206,0.0003905594864904,0
0.6612466124661247,0.0057101495898343,0.000723286357644,1
0.05420054200542,0.0100530802637928,0.003857951805603,3
0.070460704607046,0.0068360945793791,0.0023765246123218,3
0.0230352303523035,0.014556860221972,0.0065424006704177,3
0.0311653116531165,0.0315264597072543,0.0443653786149859,3
0.0121951219512195,0.0135113398745375,0.0045581911775519,3
0.2967479674796748,0.0086054367058066,0.0029147810250638,0
0.0962059620596205,0.0014476435579861,0.0004100779941666,3
0.0067750677506775,0.0105356281164548,0.0013741270373259,3
0.2574525745257452,0.0102139295480135,0.0034196976235476,3
0.2981029810298103,0.0013672189158758,0.0004967408567323,0
0.535230352303523,0.000241273926331,0.000176596021832,0
0.078590785907859,0.0120636963165513,0.005331685195594,3
0.0853658536585365,0.0274248029596268,0.0194234281026303,3
0.559620596205962,0.0010455203474344,0.0003280279711574,0
0.5447154471544715,0.0008846710632137,0.0005417332544973,0
0.8075880758807588,0.0029757117580826,0.0007775216466102,1
0.8075880758807588,0.0156828052115168,0.0014039727977408,1
0.029810298102981,0.0217146533697925,0.0033939999763161,3
0.021680216802168,0.0288724465176129,0.0114976230795096,3
0.2208672086720867,0.0018497667685378,0.0001909164789631,3
0.9214092140921408,0.0,0.0001313626548365,1
0.0149051490514905,0.0041016567476274,0.0012148119517433,3
0.7439024390243902,0.000723821778993,0.0001821038899594,1
0.2777777777777778,0.0059514235161653,0.0024666126803792,0
0.021680216802168,0.0131092166639858,0.0011837097089119,3
0.3644986449864498,0.0056297249477239,0.0025978892747762,0
0.5799457994579946,0.0023323146211999,0.0009337385563712,0
0.05420054200542,0.0472896895608814,0.0060090841269023,3
0.4756097560975609,0.0025735885475309,0.0011556712177263,0
0.1070460704607046,0.0015280682000965,0.000555606197343,3
0.997289972899729,0.0037799581791861,0.0003516429557533,1
0.0772357723577235,0.0073186424320411,0.0007053513620544,3
0.0040650406504065,0.0099726556216824,0.0279869754065426,3
0.0257452574525745,0.0078011902847032,0.0010951018804137,3
0.2330623306233062,0.0083641627794756,0.0010686813254904,3
0.0907859078590785,0.0184172430432684,0.0072885102566143,3
0.9796747967479674,0.0009650957053241,0.0001984553734623,1
0.1205962059620596,0.018095544474827,0.0056764261041003,3
0.0094850948509485,0.0586295640984397,0.0150373233798812,3
0.8915989159891599,0.0046646292423998,0.0002834658755899,1
0.1084010840108401,0.0134309152324272,0.0107839410669126,3
0.1056910569105691,0.0019301914106482,0.0007156786147931,3
0.483739837398374,0.000723821778993,0.0002891630766841,0
0.0121951219512195,0.0066752452951584,0.0049479933321748,3
0.070460704607046,0.008927135274248,0.0010773734298789,3
0.5907859078590786,0.000482547852662,0.0002577510162705,0
0.2127371273712737,0.0041016567476274,0.0279623793329365,3
0.7710027100271003,0.0010455203474344,0.0003415050359815,1
0.0609756097560975,0.0212321055171304,0.0076628559563049,3
0.3848238482384823,0.000482547852662,0.0003037933513973,0
0.1002710027100271,0.0026540131896413,0.0008304316048082,3
0.0284552845528455,0.0279073508122888,0.0098079296226642,3
0.0094850948509485,0.0344217468232266,0.0142805422991879,3
0.002710027100271,0.0504262506031848,0.0111069448296127,3
0.0121951219512195,0.000723821778993,0.0002757032239479,3
0.3699186991869919,0.0021714653369792,0.0005378088984566,0
0.7398373983739838,0.0006433971368827,0.0002169239437767,1
0.4498644986449864,0.0028952871159723,0.0010260469837674,0
0.075880758807588,0.0053884510213929,0.0008985226245322,3
0.056910569105691,0.0016889174843171,0.0006416666368323,3
0.3550135501355013,0.0028952871159723,0.0005034019347488,0
0.0040650406504065,0.0120636963165513,0.0045597230533748,3
0.0203252032520325,0.0167283255589512,0.0027309215021388,3
0.1910569105691057,0.0086054367058066,0.004194671881149,3
0.010840108401084,0.0435901560238057,0.004780950019126,3
0.0257452574525745,0.0049059031687308,0.0018840179292123,3
0.078590785907859,0.0152002573588547,0.0029717874601815,3
0.7940379403794038,0.0006433971368827,0.0002762540107607,1
0.037940379403794,0.0077207656425928,0.0051380319946551,3
0.3468834688346883,0.0075599163583722,0.018950594835988,0
0.0501355013550135,0.0082033134952549,0.0020434362873223,3
0.0040650406504065,0.0077207656425928,0.0233253912169882,3
0.040650406504065,0.0004021232105517,0.0054500355119797,3
0.5433604336043361,0.0012063696316551,0.0002253922910225,0
0.8753387533875339,0.000723821778993,0.0007344225785139,1
0.5799457994579946,0.0081228888531446,0.0046986246027105,0
0.5840108401084011,0.0021714653369792,0.0007946476740685,0
0.0663956639566395,0.0045037799581791,0.0015005326108479,3
0.021680216802168,0.0176934212642753,0.0017480252227313,3
0.035230352303523,0.0201061605275856,0.0015236312328068,3
0.0013550135501355,0.0013672189158758,0.0005912352192916,3
0.3319783197831978,0.0231622969277786,0.0029172079294574,0
0.1327913279132791,0.0005629724947723,0.0013538511977823,3
0.0582655826558265,0.0022518899790895,0.00141388696037,3
0.5813008130081301,0.0009650957053241,0.0008160250872377,0
0.6883468834688347,0.0020910406948689,0.011524680481685,1
0.1002710027100271,0.0320894322020267,0.0049858082892864,3
0.1531165311653116,0.0012063696316551,0.0002392135976045,3
0.7791327913279132,0.0016084928422068,0.0002708322030728,1
0.056910569105691,0.0028148624738619,0.0009277315376948,3
0.575880758807588,0.0020106160527585,0.001633306656892,0
0.9336043360433603,0.0023323146211999,0.0003153254502888,1
0.1476964769647696,0.0062731220846067,0.0023638220914531,3
0.2289972899728997,0.0016889174843171,0.0005681882335963,3
0.002710027100271,0.0625703715618465,0.0134287504932984,3
0.6029810298102981,0.0008846710632137,0.0001921385372038,0
0.0094850948509485,0.0088467106321376,0.0032772675961928,3
0.1558265582655826,0.006112272800386,0.0037809277122601,3
0.048780487804878,0.0105356281164548,0.0180958769751559,3
0.0121951219512195,0.0012063696316551,0.001332318875822,3
0.7696476964769647,0.000241273926331,0.0001910541756662,1
0.2181571815718157,0.0081228888531446,0.004191969583349,3
0.0040650406504065,0.0327328293389094,0.0139285723137645,3
0.021680216802168,0.0158436544957374,0.0093891078878454,3
0.0311653116531165,0.0003216985684413,0.0013060876538657,3
0.4566395663956639,0.0044233553160688,0.0005875518324814,0
0.002710027100271,0.0017693421264275,0.0031721877995763,3
0.024390243902439,0.0062731220846067,0.0015113762262235,3
0.037940379403794,0.0227601737172269,0.0094963047712733,3
0.4119241192411924,0.0,0.000136319736151,0
0.2384823848238482,0.0006433971368827,0.0002080941426851,3
0.1070460704607046,0.0044233553160688,0.0032293835676609,3
0.029810298102981,0.0106964774006755,0.0020624900686252,3
0.7967479674796748,0.0008042464211034,0.0005860715929222,1
0.0799457994579945,0.0102943541901238,0.0046261445005726,3
0.013550135501355,0.0110181759691169,0.0008236672542643,3
0.0040650406504065,0.0052276017371722,0.0016094162788898,3
0.532520325203252,0.0106964774006755,0.0020455877983095,0
0.021680216802168,0.0116615731059996,0.0045168993786849,3
0.8102981029810298,0.0021714653369792,0.0007659379114549,1
0.002710027100271,0.0130287920218755,0.0053529421241478,3
0.8360433604336044,0.0047450538845102,0.0003889759744038,1
0.08130081300813,0.0043429306739585,0.0020543315389616,3
0.08130081300813,0.0114202991796686,0.0047966130191131,3
0.5609756097560976,0.0012867942737654,0.0007277270763217,0
0.0230352303523035,0.0019301914106482,0.0003433467293865,3
0.8604336043360433,0.0003216985684413,0.0006463139005648,1
0.0094850948509485,0.0367540614444265,0.0108866111712233,3
0.1002710027100271,0.0013672189158758,0.0111904389467964,3
0.7411924119241192,0.0029757117580826,0.001101453140848,1
0.0772357723577235,0.0012063696316551,0.0004196995513015,3
0.070460704607046,0.0015280682000965,0.0015789336712226,3
0.016260162601626,0.0105356281164548,0.001508759988863,3
0.056910569105691,0.003297410326524,0.0011533131616842,3
0.0311653116531165,0.0233231462119993,0.0057935027259816,3
0.505420054200542,0.0008042464211034,0.000635986647826,0
0.1043360433604336,0.0041820813897378,0.0015185020306132,3
0.2289972899728997,0.0020106160527585,0.0008668007465364,3
0.032520325203252,0.0519543188032813,0.0168037655366632,3
0.002710027100271,0.2666076885957857,0.1952141824024164,4
0.0392953929539295,0.0167283255589512,0.0025317087968089,3
0.9336043360433603,0.0010455203474344,0.0004247082688798,1
0.1720867208672086,0.0003216985684413,0.0001078165185922,3
0.4959349593495935,0.0028148624738619,0.0020000446137318,0
0.0230352303523035,0.003297410326524,0.0019950703203293,3
0.089430894308943,0.0012063696316551,0.0006436288148527,3
0.2100271002710027,0.0028952871159723,0.0013152616967153,3
0.516260162601626,0.0019301914106482,0.000663457140111,0
0.9322493224932248,0.0006433971368827,0.0002551175668221,1
0.0691056910569105,0.020910406948689,0.0076897756617772,3
0.5989159891598916,0.0029757117580826,0.0002855141140497,0
0.059620596205962,0.0057905742319446,0.001853397624842,3
0.2655826558265582,0.0213125301592407,0.0077417905914045,3
0.0013550135501355,0.0037799581791861,0.00169465053816,3
0.0718157181571815,0.0027344378317516,0.0002929841601974,3
0.029810298102981,0.0132700659482065,0.0109991438018996,3
0.940379403794038,0.0019301914106482,0.0006569165467098,1
0.551490514905149,0.0016889174843171,0.0004783927710332,0
0.2682926829268293,0.0046646292423998,0.0019357746775212,3
0.0338753387533875,0.003297410326524,0.0010328457584871,3
0.070460704607046,0.0032169856844137,0.0013728189186457,3
0.018970189701897,0.0041016567476274,0.0024152001738283,3
0.8685636856368564,0.0013672189158758,0.0005791867577631,1
0.4295392953929539,0.0034582596107447,0.0020929038279408,0
0.0013550135501355,0.0008846710632137,0.000338888798621,3
0.2113821138211382,0.0020910406948689,0.0008835308959731,3
0.8956639566395664,0.000723821778993,0.0003402829777407,1
0.0013550135501355,0.0406948689078333,0.0071841189435137,3
0.6883468834688347,0.0001608492842206,0.0001678178570041,1
0.6409214092140921,0.0263792826121923,0.0017677330633743,1
0.3536585365853658,0.0,4.389082413955395e-05,0
0.3008130081300813,0.006594820653048,0.0028396674734775,0
0.4552845528455284,0.0008042464211034,0.0028578090141218,0
0.051490514905149,0.0046646292423998,0.0017117593535305,3
0.7411924119241192,0.0,8.003620872506897e-05,1
0.1761517615176151,0.0049863278108412,0.0018747061896595,3
0.0447154471544715,0.0066752452951584,0.0013458303648219,3
0.0203252032520325,0.0013672189158758,0.0010579581947301,3
0.013550135501355,0.0102943541901238,0.0011341905320297,3
0.3279132791327913,0.0003216985684413,0.0009084195750734,0
0.0257452574525745,0.0097313816953514,0.0009048222487028,3
0.0121951219512195,0.0026540131896413,0.0007803960652891,3
0.013550135501355,0.0368344860865369,0.0105854856934502,3
0.1273712737127371,0.0109377513270065,0.0037143169320954,3
0.6775067750677507,0.0057905742319446,0.0022553687256087,1
0.021680216802168,0.0062731220846067,0.0015269015295074,3
0.0121951219512195,0.0270226797490751,0.0119368755626631,3
0.3075880758807588,0.0094901077690204,0.0012348123978806,0
0.3468834688346883,0.0041016567476274,0.0019303356577454,0
0.5704607046070461,0.000241273926331,0.002280601646467,0
0.551490514905149,0.0017693421264275,0.0006460385071584,0
0.0284552845528455,0.0243686665594338,0.0030301708623311,3
0.2235772357723577,0.0055493003056136,0.0020781014323486,3
0.002710027100271,0.0613640019301914,0.0583551226891395,3
0.0067750677506775,0.0634550426250603,0.0089241921816362,3
0.040650406504065,0.0044233553160688,0.0016338574437047,3
0.0880758807588075,0.000723821778993,0.0002415544415586,3
0.1192411924119241,0.0073990670741515,0.0009810201618266,3
0.0230352303523035,0.0021714653369792,0.000851034474022,3
0.1802168021680217,0.000482547852662,0.0001993159778572,3
0.2154471544715447,0.0008846710632137,0.0002700748712053,3
0.1151761517615176,0.0209908315907994,0.0026858774681101,3
0.5609756097560976,0.0020106160527585,0.000887765069596,0
0.7899728997289973,0.0054688756635032,0.0019474616852038,1
0.4173441734417344,0.0,0.0009480418014143,0
0.043360433604336,0.0225993244330062,0.0034716437048234,3
0.1165311653116531,0.0031365610423033,0.0022940098629394,3
0.0392953929539295,0.0031365610423033,0.0016266111546997,3
0.0149051490514905,0.0009650957053241,0.0004218682743766,3
0.0149051490514905,0.0111790252533376,0.0019508868906955,3
0.5636856368563685,0.0345825961074473,0.0076880372408995,0
0.05420054200542,0.0162457777062892,0.002128085335604,3
0.3360433604336043,0.0021714653369792,0.0025177497935237,0
0.1558265582655826,0.0112594498954479,0.0102511925222979,3
0.6978319783197832,0.0020910406948689,0.0002773383722982,1
0.9173441734417344,0.0005629724947723,0.0001568709691011,1
0.5271002710027101,0.0032169856844137,0.0004451906534782,0
0.005420054200542,0.0875020106160527,0.0282723346118013,3
0.2100271002710027,0.0024931639054206,0.0005707184105173,3
0.0772357723577235,0.0006433971368827,0.0003232946469855,3
0.5799457994579946,0.0011259449895447,0.0007890881696775,0
0.035230352303523,0.0159240791378478,0.0052468984506091,3
0.0013550135501355,0.0205082837381373,0.058092466227818,3
0.1612466124661246,0.0118224223902203,0.0059122317083011,3
0.5853658536585366,0.0016889174843171,0.0007546812059697,0
0.3428184281842818,0.0045037799581791,0.0014066578834529,0
0.08130081300813,0.0086054367058066,0.00371084009034,3
0.051490514905149,0.0526781405822744,0.0124018773293118,3
0.1666666666666666,0.0383625542866334,0.0033200912708827,3
0.1666666666666666,0.0673154254463567,0.0137642829347794,3
0.8834688346883469,0.0032169856844137,0.0075324399663028,1
0.2886178861788618,0.0012063696316551,0.0007342676697228,0
0.8509485094850948,0.000482547852662,0.0006557805489086,1
0.5067750677506775,0.0098118063374617,0.0018710400149373,0
0.029810298102981,0.0218755026540131,0.0060003920225139,3
0.1653116531165311,0.0036995335370757,0.001383886291164,3
0.029810298102981,0.0017693421264275,0.0037535432804146,3
0.0203252032520325,0.0133504905903168,0.0056547044491732,3
0.0203252032520325,0.0393276499919575,0.0521384435701009,3
0.013550135501355,0.0077207656425928,0.0023151290947901,3
0.3726287262872628,0.0005629724947723,0.0010647913936255,0
0.3712737127371274,0.000482547852662,0.0001744272987569,0
0.2398373983739837,0.0184172430432684,0.0018958082094223,3
0.029810298102981,0.0025735885475309,0.0016481090524842,3
0.032520325203252,0.003538684252855,0.0030093958722383,3
0.2723577235772357,0.0012063696316551,0.0045019937105653,0
0.1449864498644986,0.0013672189158758,0.0003675641370588,3
0.0392953929539295,0.0072382177899308,0.0025058562407863,3
0.8509485094850948,0.0013672189158758,0.001579553306387,1
0.6300813008130082,0.005870998874055,0.000483143307293,0
0.7737127371273713,0.0010455203474344,0.0003954477194534,1
0.6517615176151762,0.0,0.000525450619346,1
0.551490514905149,0.000241273926331,0.0001838250987491,0
0.0230352303523035,0.003538684252855,0.0023283651903835,3
0.0420054200542005,0.0236448447804407,0.0118960312780815,3
0.3441734417344173,0.0036995335370757,0.0014609792328586,0
0.1205962059620596,0.0167283255589512,0.0059559331994737,3
0.1856368563685637,0.0127070934534341,0.0029521140437142,3
0.048780487804878,0.0036995335370757,0.0013368628670271,3
0.1463414634146341,0.0141547370114203,0.0058356379171556,3
0.1138211382113821,0.0055493003056136,0.001899233414914,3
0.8753387533875339,0.000482547852662,0.0001652360438194,1
0.0962059620596205,0.0068360945793791,0.0022406351783681,3
0.521680216802168,0.003538684252855,0.002682021960421,0
0.078590785907859,0.0247707897699855,0.0105551924187499,3
0.7235772357723578,0.0024931639054206,0.0009208294904478,1
0.4200542005420054,0.0016084928422068,0.0009668201893109,0
0.013550135501355,0.0538040855718192,0.0282452944217137,3
0.0921409214092141,0.0087662859900273,0.0022175021322334,3
0.2330623306233062,0.0047450538845102,0.0006842149181159,3
0.016260162601626,0.00940968312691,0.0007954050059361,3
0.1829268292682926,0.0033778349686343,0.0012953817351932,3
0.0528455284552845,0.0011259449895447,0.0003403001898286,3
0.075880758807588,0.0021714653369792,0.0004201470655868,3
0.5907859078590786,0.0015280682000965,0.0005584461918462,0
1.0,0.0009650957053241,0.0002552552635253,1
0.5447154471544715,0.0006433971368827,0.0003278386381906,0
0.5067750677506775,0.000723821778993,0.000307545586559,0
0.7981029810298103,0.000241273926331,0.0001075755493616,1
0.5040650406504065,0.0001608492842206,8.700710432370403e-05,0
0.0975609756097561,0.0111790252533376,0.0062053191410259,3
0.1043360433604336,0.0022518899790895,0.0001965276196178,3
0.0975609756097561,0.0131896413060961,0.00200742859944,3
0.3563685636856368,0.0092488338426894,0.0033362706335067,0
0.8157181571815718,0.0016889174843171,0.0005666563577734,1
0.016260162601626,0.0468071417082194,0.0121403396537038,3
0.5840108401084011,0.0012867942737654,0.0005300462468147,0
0.1287262872628726,0.0022518899790895,0.001571790654745,3
0.0067750677506775,0.0124658195271031,0.0042264626074963,3
0.1273712737127371,8.042464211034261e-05,0.0001101573625463,3
0.1233062330623306,0.0071577931478204,0.0031175394205006,3
0.5040650406504065,0.0111790252533376,0.1127392962156264,0
0.5907859078590786,0.0019301914106482,0.0006746277851567,0
0.5284552845528455,0.0005629724947723,0.000271314141534,0
0.3319783197831978,0.0040212321055171,0.0017474400117427,0
0.3577235772357723,0.017371722695834,0.0161595515108219,0
0.0826558265582655,0.0028952871159723,0.0002857722953682,3
0.073170731707317,0.0034582596107447,0.0013026452362861,3
0.5094850948509485,0.0141547370114203,0.001587970017369,0
0.043360433604336,0.003538684252855,0.0013371227695543,3
0.029810298102981,0.0261380086858613,0.0100425475928,3
0.3048780487804878,0.0011259449895447,0.000184530794353,0
0.005420054200542,0.0591925365932121,0.0348926027678689,3
0.3048780487804878,0.0053080263792826,0.0020244685664589,0
0.0447154471544715,0.0118224223902203,0.001801658088621,3
0.086720867208672,0.0041016567476274,0.0023595018573908,3
0.2127371273712737,0.0032169856844137,0.001628917574478,3
0.0149051490514905,0.0148785587904133,0.0055944965657065,3
0.5785907859078591,0.0493807302557503,0.0103217965068549,0
0.0257452574525745,0.0096509570532411,0.0008032192938417,3
0.0149051490514905,0.0075599163583722,0.0037602043584311,3
0.018970189701897,0.0616052758565224,0.0205251566368847,3
0.1436314363143631,0.0031365610423033,0.0024132379958079,3
0.3699186991869919,0.0008846710632137,0.0003450163019126,0
0.9227642276422764,0.0028952871159723,0.0005812005720471,1
0.508130081300813,0.0073990670741515,0.0028863810800323,0
0.0921409214092141,0.0134309152324272,0.0020301313433772,3
0.1016260162601626,0.0130287920218755,0.0050434687837442,3
0.1043360433604336,0.0053080263792826,0.0013234030142909,3
0.2059620596205962,0.0357085410969921,0.003470697039989,3
0.010840108401084,0.026781405822744,0.010973962517305,3
0.991869918699187,0.0008042464211034,0.0002473377030923,1
0.6138211382113821,0.0057905742319446,0.000698845192829,0
0.0311653116531165,0.0119028470323307,0.0057036900513305,3
0.0392953929539295,0.0139134630850892,0.0084145594710684,3
0.048780487804878,0.0191410648222615,0.0034767040586654,3
0.4850948509485094,0.0054688756635032,0.0035270149915908,0
0.3766937669376693,0.0090075599163583,0.0012970340956314,0
0.1436314363143631,0.0049059031687308,0.0017771480754544,3
0.513550135501355,0.0053080263792826,0.0008301906355776,0
0.6842818428184282,0.0040212321055171,0.0004322815875548,1
0.2046070460704607,0.0056297249477239,0.0022529073970393,3
0.0799457994579945,0.000241273926331,0.0001401752438402,3
0.513550135501355,0.003297410326524,0.0007767643147427,0
0.0230352303523035,0.0036995335370757,0.0012774639516915,3
0.502710027100271,0.0084445874215859,0.0039015672363362,0
0.5528455284552846,0.0009650957053241,0.0004289940787663,0
0.0067750677506775,0.0372366092970886,0.0028577057415945,3
0.0718157181571815,0.0272639536754061,0.0092856804516672,3
0.556910569105691,0.0009650957053241,0.0008947015410188,0
0.2005420054200542,0.000723821778993,0.0002932939777796,3
0.070460704607046,0.0041016567476274,0.0011132089968822,3
0.0013550135501355,0.0049059031687308,0.0013355547483468,3
0.1775067750677506,0.0048254785266205,0.0030052993953186,3
0.1043360433604336,0.0036191088949654,0.0011886495781386,3
0.3821138211382114,0.0001608492842206,0.0008554407685238,0
0.0799457994579945,0.0038603828212964,0.0016292790283239,3
0.991869918699187,0.0036191088949654,0.0006394462774935,1
0.3943089430894309,0.0025735885475309,0.0010386118079329,0
0.0392953929539295,0.0031365610423033,0.0004763445325733,3
0.6327913279132791,0.0033778349686343,0.0014601530526395,0
0.7181571815718157,0.0011259449895447,0.0004332454644771,1
0.035230352303523,0.0020910406948689,0.0007744234707886,3
0.2506775067750677,0.0036191088949654,0.0011763773594674,3
0.0230352303523035,0.0183368184011581,0.0020663283642265,3
0.2046070460704607,0.0123049702428824,0.0008742535805962,3
0.6775067750677507,0.0,7.022531862328632e-05,1
0.5650406504065041,0.0024931639054206,0.0009148052596835,0
0.1016260162601626,0.0123049702428824,0.002446422901275,3
0.0447154471544715,0.0144764355798616,0.0046887965005209,3
0.4146341463414634,0.0055493003056136,0.0010084906541116,0
0.6395663956639567,0.003538684252855,0.0008722225542242,1
0.1626016260162601,0.0003216985684413,0.0004339167359051,3
0.535230352303523,0.0070773685057101,0.0007536656927837,0
0.0691056910569105,0.0011259449895447,0.0005801162105096,3
0.010840108401084,0.0020910406948689,0.000380851868916,3
0.032520325203252,0.0152002573588547,0.0011145859639141,3
0.0,0.0285507479491716,0.0854378094217041,3
0.070460704607046,0.0025735885475309,0.0009179550717688,3
0.7615176151761518,0.0016889174843171,0.0004058266084558,1
0.002710027100271,0.0066752452951584,0.0038312558572735,3
0.1056910569105691,0.0128679427376548,0.0052839044395895,3
0.0989159891598916,0.0281486247386199,0.0119593545494577,3
0.0,0.0029757117580826,0.0014605317185732,3
0.0230352303523035,0.003297410326524,0.010160002880615,3
0.0284552845528455,0.0137526138008685,0.007990625746144,3
0.1544715447154471,0.0029757117580826,0.0011246033990706,3
0.0203252032520325,0.0086054367058066,0.0031244586798356,3
0.7831978319783198,0.0022518899790895,0.0006753679049363,1
0.0392953929539295,0.000482547852662,0.0002171132767436,3
0.067750677506775,0.0013672189158758,0.0017822256413843,3
0.3794037940379404,0.0049863278108412,0.009012696737607,0
0.4200542005420054,0.000241273926331,0.0001955981668713,0
0.0,0.0448769502975711,0.0289062213849038,3
0.2127371273712737,0.0053884510213929,0.0013508218703122,3
0.5609756097560976,0.0036191088949654,0.0002353408778274,0
0.5650406504065041,0.0056297249477239,0.0003217627711626,0
0.010840108401084,0.0075599163583722,0.0025974589725788,3
0.1707317073170731,0.0050667524529515,0.0103011075772017,3
0.5799457994579946,0.0057905742319446,0.0009455116244933,0
0.489159891598916,0.000723821778993,0.0011860333407781,0
0.1097560975609756,0.0049059031687308,0.0020308370389811,3
0.5338753387533876,0.0036191088949654,0.0003427098821343,0
0.029810298102981,0.020669133022358,0.005353596183488,3
0.6422764227642277,0.0071577931478204,0.0036943853343096,1
0.5420054200542005,0.0454399227923435,0.0143001296552157,0
0.5176151761517616,0.0016084928422068,0.0020856747510237,0
0.1056910569105691,0.0072382177899308,0.0029973301986219,3
0.1016260162601626,0.0110181759691169,0.0041121054955029,3
0.5230352303523035,0.0014476435579861,0.0005079803501296,0
0.9823848238482384,0.0012063696316551,0.0004097337524086,1
0.075880758807588,0.0054688756635032,0.0006668134972511,3
0.9051490514905148,0.0043429306739585,0.0006422862719967,1
0.0799457994579945,0.0055493003056136,0.0019519024038815,3
0.032520325203252,0.0050667524529515,0.0027377547010342,3
0.0880758807588075,0.0088467106321376,0.0029718046722694,3
0.1449864498644986,0.0286311725912819,0.00257534143963,3
0.0013550135501355,0.3098761460511501,0.909835303727257,2
0.0040650406504065,0.018095544474827,0.0015193454229202,3
0.2222222222222222,0.0005629724947723,0.0011873242473704,3
0.518970189701897,0.0017693421264275,0.0001963899229146,0
0.7615176151761518,0.000241273926331,0.0003494914447661,1
0.55420054200542,0.0027344378317516,0.0009187468278122,0
0.040650406504065,0.0019301914106482,0.0006100308192761,3
0.037940379403794,0.0169695994852822,0.0251087700682617,3
0.0799457994579945,0.0043429306739585,0.0015361272086206,3
0.0853658536585365,0.0020910406948689,0.0007359888785126,3
0.0772357723577235,0.0051471770950619,0.0007250419906096,3
0.2317073170731707,0.0028952871159723,0.0002325008833243,3
0.0013550135501355,0.5113398745375584,0.0515525613101455,4
0.013550135501355,0.0410165674762747,0.0218075088215392,3
0.2046070460704607,0.0008846710632137,0.0012662244582942,3
0.6788617886178862,0.0001608492842206,9.415012080131768e-05,1
0.1151761517615176,0.0053884510213929,0.0004593045655545,3
0.6788617886178862,0.0001608492842206,0.0001556316987724,1
0.005420054200542,0.0492198809715296,0.0096527110140012,3
0.043360433604336,0.0114202991796686,0.0014758676888902,3
0.1436314363143631,0.000723821778993,0.0003955337798929,3
0.0067750677506775,0.0076403410004825,0.001087803955145,3
0.1747967479674796,0.0028148624738619,0.001568262176726,3
0.1192411924119241,0.0214733794434614,0.0106789301186477,3
0.508130081300813,0.0005629724947723,0.000531165032528,0
0.0880758807588075,0.0313656104230336,0.0052558315242281,3
0.043360433604336,0.0261380086858613,0.002660110972527,3
0.2384823848238482,0.003056136400193,0.0011608692682714,3
0.5501355013550135,0.0004021232105517,0.0005759508852383,0
0.978319783197832,0.0,5.077565929869968e-06,1
0.0311653116531165,0.0049863278108412,0.0016687291337858,3
0.8482384823848238,8.042464211034261e-05,0.0001228943075907,1
0.7154471544715447,0.0016084928422068,0.0005447281577916,1
0.0121951219512195,0.3246742801994531,0.5394915865937387,2
0.1991869918699187,0.0069165192214894,0.0008425661267762,3
0.0962059620596205,0.0083641627794756,0.0031996582918613,3
0.7831978319783198,0.000241273926331,0.0002681643294487,1
0.524390243902439,0.0021714653369792,0.0002934660986585,0
0.073170731707317,0.0192214894643718,0.0044577070084041,3
0.0392953929539295,0.0082033134952549,0.0011163760210554,3
0.1571815718157181,0.0041016567476274,0.0013676036560127,3
0.059620596205962,0.0011259449895447,0.0003952583864865,3
0.051490514905149,0.0296766929387164,0.2026957778610689,3
0.8563685636856369,0.0013672189158758,0.0006699977335122,1
0.0853658536585365,0.003056136400193,0.0012333149462335,3
0.043360433604336,0.0110986006112272,0.002973560305235,3
0.005420054200542,0.0160045037799581,0.0060338867455632,3
0.5745257452574526,0.005870998874055,0.0021783274201779,0
0.002710027100271,0.0023323146211999,0.0007476070378437,3
0.0962059620596205,0.0082837381373652,0.0030921171666755,3
0.08130081300813,0.0509087984558468,0.0060559182180724,3
0.513550135501355,0.0022518899790895,0.0007964893674736,0
0.5650406504065041,0.000482547852662,0.0003491127788323,0
0.3428184281842818,0.0110986006112272,0.0019358607379606,0
0.5338753387533876,0.0014476435579861,0.0006872786697617,0
0.4132791327913279,0.0019301914106482,0.0011699056144178,0
0.1327913279132791,0.0096509570532411,0.0036191512981081,3
0.5040650406504065,0.0025735885475309,0.001268616938512,0
0.075880758807588,0.0027344378317516,0.0025683877561193,3
0.037940379403794,0.003538684252855,0.0039963369923019,3
0.1165311653116531,0.0023323146211999,0.0004918181995935,3
0.4959349593495935,0.0054688756635032,0.0021173449927557,0
0.513550135501355,0.0014476435579861,0.0004867406336637,0
0.5785907859078591,0.0073990670741515,0.0005641261808525,0
0.05420054200542,0.029354994370275,0.0029064331624333,3
0.2845528455284553,0.0096509570532411,0.0063478180167323,0
0.6355013550135501,0.0037799581791861,0.001035221026617,0
0.5826558265582655,0.0014476435579861,0.0009787481662241,0
0.005420054200542,0.0234035708541097,0.0822412837298401,3
0.5067750677506775,0.0032169856844137,0.0003108675195233,0
0.6856368563685636,0.0001608492842206,7.266943510478306e-05,1
0.508130081300813,0.0012063696316551,0.0004424539315024,0
0.0582655826558265,0.0088467106321376,0.0011313505375266,3
0.0013550135501355,0.0026540131896413,0.0010281296464031,3
0.7615176151761518,0.0056297249477239,0.0039973869296636,1
0.0528455284552845,0.0044233553160688,0.0012016274924136,3
0.4200542005420054,0.0010455203474344,0.0018296449435429,0
0.0257452574525745,0.0118224223902203,0.004157424922938,3
0.7466124661246613,0.0022518899790895,0.0002512792712209,1
0.029810298102981,0.0322502814862473,0.0135731943349373,3
0.5149051490514905,0.0020106160527585,0.0002623294316513,0
0.6395663956639567,0.0015280682000965,0.0001766820822715,1
0.3224932249322493,0.0024931639054206,0.0019683743719997,0
0.9336043360433603,0.0017693421264275,0.0003648102029952,1
0.3265582655826558,0.0012867942737654,0.0004668606721416,0
0.494579945799458,0.0021714653369792,0.0011123656045752,0
0.010840108401084,0.0097313816953514,0.0016781097216901,3
0.035230352303523,0.0023323146211999,0.0001872847284166,3
0.6707317073170732,0.0012867942737654,0.0003276320931358,1
0.1287262872628726,0.0049863278108412,0.00185980052154,3
0.0230352303523035,0.0138330384429789,0.006409884805692,3
0.2113821138211382,0.0175325719800546,0.0021897390344541,3
0.0311653116531165,0.0087662859900273,0.002686738072505,3
0.1815718157181571,0.0036995335370757,0.0009117759322135,3
0.8265582655826558,0.0085250120636963,0.0144951081869227,1
0.0853658536585365,0.0043429306739585,0.0018254451940958,3
0.1802168021680217,0.0050667524529515,0.0077141651903285,3
0.7452574525745257,0.0023323146211999,0.0007772290411159,1
0.002710027100271,0.0199453112433649,0.0153161419917387,3
0.0447154471544715,0.000241273926331,0.0002554962327558,3
0.8021680216802168,0.0010455203474344,0.0003182687173194,1
0.9105691056910568,0.0048254785266205,0.0005963988456609,1
0.8794037940379403,0.0008846710632137,0.0004669467325811,1
0.067750677506775,0.0106964774006755,0.0026398007088075,3
0.029810298102981,0.0066752452951584,0.0024526192529182,3
0.6300813008130082,0.0023323146211999,0.000277717038232,0
0.7425474254742548,0.0025735885475309,0.0004520582765495,1
0.0067750677506775,0.0147177095061926,0.0029440415744901,3
0.4186991869918699,0.0031365610423033,0.0011997857990085,0
0.1111111111111111,0.038040855718192,0.0106745926724974,3
0.6300813008130082,0.0052276017371722,0.0005600297039328,0
0.0691056910569105,0.017612996622165,0.005971389654406,3
0.018970189701897,0.0133504905903168,0.0058659828281195,3
0.5718157181571816,0.0024127392633102,0.0023586412529959,0
0.494579945799458,0.0047450538845102,0.001679142446964,0
0.1084010840108401,0.0021714653369792,0.0015636493371693,3
0.070460704607046,0.0038603828212964,0.0012466887385302,3
0.0420054200542005,0.0020910406948689,0.0016446149986409,3
0.005420054200542,0.0081228888531446,0.002798633855929,3
0.1246612466124661,0.0024127392633102,0.0009834126420444,3
0.5745257452574526,0.0020106160527585,0.0008517401696258,0
0.021680216802168,0.0245295158436544,0.0054136147339878,3
0.2859078590785908,0.0026540131896413,0.0010547223222053,0
0.2886178861788618,0.0032169856844137,0.0009179206475931,0
0.0149051490514905,0.008685861347917,0.001070609079335,3
0.0040650406504065,0.0073990670741515,0.0026603347296697,3
0.3468834688346883,0.0003216985684413,0.0001518106152591,0
0.1233062330623306,0.0029757117580826,0.001240819416557,3
0.0040650406504065,0.0195431880328132,0.0072957909697951,3
0.0948509485094851,0.0077207656425928,0.0340095021740932,3
0.2181571815718157,0.0033778349686343,0.0016819135931156,3
0.5555555555555556,0.0217950780119028,0.0092953209420988,0
0.1341463414634146,0.0017693421264275,0.0004964310391502,3
0.6747967479674797,8.042464211034261e-05,0.0063865452145025,1
0.0392953929539295,0.0008042464211034,0.0004591496567634,3
0.0040650406504065,0.006112272800386,0.0037006677463924,3
0.035230352303523,0.0078011902847032,0.0023217901728066,3
0.0474254742547425,0.0014476435579861,0.0005648146643684,3
0.032520325203252,0.0230818722856683,0.0161152820207486,3
0.0149051490514905,0.015039408074634,0.0052821143824481,3
0.032520325203252,0.0107769020427859,0.001215207829765,3
0.018970189701897,0.0078011902847032,0.0050032957705906,3
0.4986449864498645,0.0,0.0001313626548365,0
0.0447154471544715,0.0143960109377513,0.0010037401178518,3
0.1626016260162601,0.0116615731059996,0.0039858892549479,3
0.013550135501355,0.0001608492842206,0.0005790146368841,3
0.078590785907859,0.0052276017371722,0.001624545704152,3
0.002710027100271,0.0143960109377513,0.0015322544888436,3
0.7886178861788617,0.0005629724947723,0.0002324320349727,1
0.0094850948509485,0.003538684252855,0.0458302822038853,3
0.021680216802168,0.0018497667685378,0.003235097980843,3
0.556910569105691,0.0016084928422068,0.0006420453027661,0
0.0447154471544715,0.0049059031687308,0.0018046702040031,3
0.535230352303523,0.0102943541901238,0.0022915829585458,0
0.3929539295392953,0.0006433971368827,9.208467025357398e-05,0
0.05420054200542,0.0627312208460672,0.0215560918536151,3
0.1002710027100271,0.0033778349686343,0.0020892221623394,3
0.1151761517615176,0.006594820653048,0.0023939604573623,3
0.3279132791327913,0.0045037799581791,0.0016196230470132,0
0.7073170731707317,0.0,2.3959226353827096e-05,1
0.0257452574525745,0.0015280682000965,0.0008735995212561,3
0.5691056910569106,0.0005629724947723,0.0002765121920791,0
0.6842818428184282,0.0,0.0001375245823039,1
0.0040650406504065,0.0076403410004825,0.0040244443318391,3
0.035230352303523,0.0148785587904133,0.0050911290551334,3
0.516260162601626,0.000482547852662,0.0001950990163222,0
0.1842818428184282,0.0039408074634067,0.0021856597696223,3
0.021680216802168,0.0092488338426894,0.0035372389718021,3
0.508130081300813,0.0115811484638893,0.0009813988277604,0
0.5907859078590786,0.0010455203474344,0.0003266510041256,0
0.1924119241192411,0.0115811484638893,0.0089124535376899,3
0.0203252032520325,0.003056136400193,0.001181162319903,3
0.0040650406504065,0.0041820813897378,0.0003898021546229,3
0.1761517615176151,0.000482547852662,0.002466974134225,3
0.4932249322493225,0.0164066269905098,0.002371429834304,0
0.1205962059620596,0.0013672189158758,0.0005260358303345,3
0.3712737127371274,0.0078816149268135,0.0028469309745704,0
0.1002710027100271,0.0014476435579861,0.0012117998363612,3
0.4322493224932249,0.0005629724947723,0.0002667873624168,0
0.4024390243902439,0.0028952871159723,0.0013020256011218,0
0.1233062330623306,0.0081228888531446,0.0024199162859123,3
0.002710027100271,0.0111790252533376,0.0252909600186606,3
0.016260162601626,0.0251729129805372,0.0059041248149012,3
0.0,0.0604793308669776,0.0228991510722855,3
0.4796747967479675,0.0074794917162618,0.002720439340609,0
0.024390243902439,0.0008042464211034,0.0003362553491726,3
0.1720867208672086,0.0008042464211034,0.0026093525253162,3
0.7317073170731707,0.0012867942737654,0.0004381336974401,1
0.0203252032520325,0.0008042464211034,0.0003708860700231,3
0.018970189701897,0.0062731220846067,0.0019546563379451,3
0.3631436314363143,0.0049059031687308,0.0020976371521127,0
0.0013550135501355,0.0223580505066752,0.0023611025815653,3
0.0447154471544715,0.043911854592247,0.0455036828360233,3
0.0013550135501355,0.0262184333279716,0.0103764793101064,3
0.0880758807588075,0.008927135274248,0.0027186664955555,3
0.0203252032520325,0.0106160527585652,0.0056465803436854,3
0.1991869918699187,0.0107769020427859,0.0050604226903236,3
0.070460704607046,0.0012867942737654,0.0003724523700218,3
0.0392953929539295,0.0108573266848962,0.0068309096877617,3
0.029810298102981,0.0285507479491716,0.012867309398158,3
0.1775067750677506,0.0055493003056136,0.0011628486583797,3
0.2466124661246612,0.0001608492842206,0.06870463065751,3
0.0203252032520325,0.0116615731059996,0.0067146248219237,3
0.0528455284552845,0.0126266688113237,0.0053412379043773,3
0.6124661246612466,0.0056297249477239,0.0021014410235381,0
0.043360433604336,0.0135113398745375,0.0033642058521649,3
0.2344173441734417,0.0069969438635998,0.0011405762166398,3
0.2859078590785908,0.0053884510213929,0.0169784510167386,0
0.0094850948509485,0.107045198648866,0.0173102828593216,3
0.6043360433604336,0.0006433971368827,0.0002771146151556,0
0.3414634146341463,8.042464211034261e-05,6.437320873801246e-05,0
0.0718157181571815,8.042464211034261e-05,0.0014375535812296,3
0.029810298102981,0.0157632298536271,0.0368844544277614,3
0.070460704607046,0.0009650957053241,0.0015914296470365,3
0.5474254742547425,0.0012063696316551,0.0007156614027052,0
0.0121951219512195,0.005870998874055,0.0026561349802226,3
0.5433604336043361,0.0090075599163583,0.0006272945434376,0
0.067750677506775,0.0119028470323307,0.002605169987957,3
0.1680216802168021,0.0006433971368827,0.0009850477903947,3
0.1842818428184282,0.0075599163583722,0.0018119509171839,3
0.075880758807588,0.0009650957053241,0.0002732418953785,3
0.1138211382113821,0.0038603828212964,0.0013382914703226,3
0.3617886178861789,0.0,0.0001228943075907,0
0.2479674796747967,0.0054688756635032,0.0021267600048359,3
0.013550135501355,0.0108573266848962,0.0357091270056557,3
0.7913279132791328,0.0008846710632137,0.0004989267918953,1
0.1056910569105691,0.003056136400193,0.001646456692046,3
0.2588075880758808,0.0008042464211034,0.0010620718837377,3
0.0501355013550135,0.0106964774006755,0.0009095899970505,3
0.6504065040650406,0.0100530802637928,0.003681510692562,1
0.1341463414634146,0.0313656104230336,0.0103288706749809,3
0.6449864498644986,0.0018497667685378,0.001715373891989,1
0.5176151761517616,0.0046646292423998,0.0009797464673222,0
0.5094850948509485,0.0073186424320411,0.0023373154760904,0
0.0149051490514905,0.0025735885475309,0.0056071818744872,3
0.002710027100271,0.0044233553160688,0.0017534126062433,3
0.1205962059620596,0.0070773685057101,0.0038425814111103,3
0.0609756097560975,0.0008042464211034,0.0010430869507863,3
0.0962059620596205,0.0012063696316551,0.0004192176128403,3
0.002710027100271,0.0006433971368827,0.021332145377976,3
0.3699186991869919,0.0026540131896413,0.0019718167895793,0
0.7560975609756098,0.0013672189158758,0.0006629924137378,1
0.3292682926829268,0.0010455203474344,0.0001937220492904,0
0.5691056910569106,0.0022518899790895,0.0002483532162782,0
0.6558265582655827,0.0005629724947723,0.0007744923191401,1
0.8780487804878049,0.0036191088949654,0.0002895417426178,1
0.3075880758807588,0.0028952871159723,0.0010879244397603,0
0.1246612466124661,0.0020910406948689,0.0022415302069388,3
0.6571815718157181,0.0006433971368827,0.0002714346261493,1
0.7452574525745257,0.0017693421264275,0.0001942556240152,1
0.035230352303523,0.0100530802637928,0.0028489447888544,3
0.6653116531165312,0.003056136400193,0.0010187318464108,1
0.1355013550135501,0.0056297249477239,0.0040472847724796,3
0.0962059620596205,0.0116615731059996,0.0037502901958019,3
0.8279132791327913,0.0047450538845102,0.0023047846299635,1
0.1341463414634146,0.0008042464211034,0.005284833892336,3
0.6097560975609756,0.0034582596107447,0.002023762870855,0
0.1720867208672086,0.0129483673797651,0.0051219731166464,3
0.8008130081300813,0.0013672189158758,0.0005029544204634,1
0.0609756097560975,0.0073186424320411,0.0005766565808421,3
0.1449864498644986,0.0024127392633102,0.0008587627014881,3
0.0948509485094851,0.006594820653048,0.0031727902226528,3
0.0230352303523035,0.0560559755509088,0.1065787457152228,3
0.4363143631436314,0.0013672189158758,0.0006922701752521,0
0.7235772357723578,0.0004021232105517,0.0002591279833023,1
0.5609756097560976,0.0045842046002895,0.001187066066052,0
0.1097560975609756,0.014798134148303,0.0060302549950167,3
0.2005420054200542,0.0104552034743445,0.0031507415380556,3
0.1192411924119241,0.0021714653369792,0.0009368539442807,3
0.0338753387533875,0.0041016567476274,0.0005169478479244,3
0.497289972899729,0.0092488338426894,0.005383923882364,0
0.2344173441734417,0.0044233553160688,0.0017206580029736,3
0.0338753387533875,0.0009650957053241,0.0006376045840884,3
0.0962059620596205,0.0070773685057101,0.0103634841837435,3
0.5636856368563685,0.0115811484638893,0.0036032817530662,0
0.0392953929539295,0.0015280682000965,0.0006406683357343,3
0.2940379403794038,0.0001608492842206,0.0006960568345896,0
0.0338753387533875,0.0037799581791861,0.0014478808339683,3
0.078590785907859,0.0188193662538201,0.0019734175137538,3
0.043360433604336,0.0054688756635032,0.0019870839115447,3
0.048780487804878,0.0024931639054206,0.0008904845794839,3
0.010840108401084,0.0220363519382338,0.0170687628419387,3
0.7398373983739838,0.0019301914106482,0.0001794532284231,1
0.013550135501355,0.0477722374135435,0.0077232531727385,3
0.7344173441734417,0.000482547852662,0.0002313993096988,1
0.0013550135501355,0.0109377513270065,0.0012990823340913,3
0.3536585365853658,0.0051471770950619,0.0031652169039777,0
0.048780487804878,0.1145246903651278,0.0142415224959234,3
0.029810298102981,0.0011259449895447,0.0003605760293723,3
0.5718157181571816,0.0004021232105517,0.0001095721515578,0
0.029810298102981,0.0108573266848962,0.005507782066877,3
0.024390243902439,0.0049059031687308,0.002047532764242,3
0.5785907859078591,0.0082837381373652,0.0026689579857065,0
0.532520325203252,0.0102139295480135,0.0017229472106641,0
0.002710027100271,0.1123532250281486,0.0267030224977135,3
0.0474254742547425,0.0012063696316551,0.0004267909315154,3
0.0203252032520325,0.0603989062248673,0.01416761379049,3
0.5880758807588076,0.0031365610423033,0.0014362454625493,0
0.6287262872628726,0.0098922309795721,0.0033696104477648,0
0.1300813008130081,0.0318481582756956,0.0056349449722665,3
0.3523035230352303,0.003056136400193,0.0012278931385457,0
0.4241192411924119,0.0096509570532411,0.0015314455207124,0
0.043360433604336,0.0155219559272961,0.004071984118613,3
0.924119241192412,0.0,0.000108849243866,1
0.8008130081300813,0.0034582596107447,0.0003949485689043,1
0.016260162601626,0.0233231462119993,0.0018378206852944,3
0.5230352303523035,0.0045842046002895,0.0018234658039876,0
0.1246612466124661,0.0014476435579861,0.0007624954938753,3
0.021680216802168,0.0418208138973781,0.0098985168412706,3
0.3523035230352303,0.0005629724947723,0.0002667013019774,0
0.5853658536585366,0.003297410326524,0.000539943197356,0
0.6897018970189702,0.0084445874215859,0.0011025030782097,1
0.3143631436314363,0.0017693421264275,0.0001265088460493,0
0.7628726287262872,0.0012063696316551,0.0005350033281293,1
0.0853658536585365,0.0221972012224545,0.0115362814289282,3
0.0447154471544715,0.0423033617500402,0.0213615952603693,3
0.067750677506775,0.0061926974424963,0.0018436555830918,3
0.0040650406504065,0.0741515200257358,0.0086036514687143,3
0.0230352303523035,0.0003216985684413,0.0019587356027769,3
0.3333333333333333,0.0016889174843171,0.0006418731818871,0
0.073170731707317,0.0112594498954479,0.0035855188783557,3
0.7181571815718157,0.0031365610423033,0.0012213525451445,1
0.078590785907859,0.0253337622647579,0.0065497846561258,3
0.002710027100271,0.0182563937590477,0.0072638797588324,3
0.035230352303523,0.0821135595946598,0.0122034735921131,3
0.3739837398373983,0.0039408074634067,0.0031874721336296,0
0.5365853658536586,0.0070773685057101,0.0007483471576233,0
0.3373983739837398,0.0012867942737654,0.0005236777742925,0
0.521680216802168,0.0019301914106482,0.0008657852333504,0
0.010840108401084,0.0006433971368827,0.0003040171085399,3
0.6937669376693767,0.0015280682000965,0.0002208482998174,1
0.1544715447154471,0.0057101495898343,0.0066435561109934,3
0.0013550135501355,0.008685861347917,0.0044602371853251,3
0.3726287262872628,0.0833199292263149,0.0931935590163939,0
0.8482384823848238,0.005870998874055,0.0022611003508787,1
0.5840108401084011,0.0052276017371722,0.0026741560362516,0
0.2303523035230352,0.0082837381373652,0.0004981178237641,3
0.518970189701897,0.003297410326524,0.0005896000709413,0
0.8482384823848238,0.0014476435579861,0.0005017323622227,1
0.0501355013550135,0.0012867942737654,0.0001548055185533,3
0.3265582655826558,0.003056136400193,0.0013609942142599,0
0.0609756097560975,0.014798134148303,0.0019965849840643,3
0.5121951219512195,0.0036191088949654,0.0012997708176072,0
0.0203252032520325,0.0059514235161653,0.0034581838520873,3
0.0040650406504065,0.0034582596107447,0.0035246913597246,3
0.3157181571815718,0.0015280682000965,0.0002574584107762,0
0.5284552845528455,0.0017693421264275,0.0005540743215201,0
0.08130081300813,0.0018497667685378,0.0006850066741592,3
0.5826558265582655,0.0012867942737654,0.0003924356040713,0
0.040650406504065,0.0157632298536271,0.0031327893303781,3
0.3604336043360434,0.0022518899790895,0.0028044859658143,0
0.3726287262872628,0.0055493003056136,0.005604186971193,0
0.0663956639566395,0.0048254785266205,0.0002674242096691,3
0.0284552845528455,0.0074794917162618,0.0172588703527706,3
0.1138211382113821,0.0107769020427859,0.0038484851572592,3
0.924119241192412,0.0,0.0001844103097377,1
0.0948509485094851,0.0024931639054206,0.0009829307035833,3
0.0013550135501355,0.0212321055171304,0.0082921987382024,3
0.0094850948509485,0.005870998874055,0.0029556425217333,3
0.8252032520325203,0.0016084928422068,0.001171885004526,1
0.556910569105691,0.0017693421264275,0.0006118036643295,0
0.0040650406504065,0.0044233553160688,0.0006574501214347,3
0.6273712737127372,0.0020106160527585,0.0007657657905759,0
0.075880758807588,0.0023323146211999,0.0013423707351544,3
0.0094850948509485,0.0389255267814058,0.0205844006434291,3
0.0474254742547425,0.0015280682000965,0.0005317502435166,3
0.505420054200542,0.0166479009168409,0.0019664294060673,0
0.6666666666666666,0.0045842046002895,0.0015836497833066,1
0.573170731707317,0.0029757117580826,0.000486843906191,0
0.0826558265582655,0.0115811484638893,0.0090036259672849,3
0.010840108401084,0.0003216985684413,0.0001390736702147,3
0.5650406504065041,0.0059514235161653,0.0024251143364574,0
0.029810298102981,0.0109377513270065,0.0048406243278679,3
0.0718157181571815,0.0097313816953514,0.0010210038420134,3
0.3170731707317073,0.0017693421264275,0.0007046628785385,0
0.5,0.0076403410004825,0.0005663293281034,0
0.1585365853658536,0.0080424642110342,0.0035657938256247,3
0.0094850948509485,0.0008846710632137,0.0019505598610254,3
0.9878048780487804,0.0044233553160688,0.0008910697904724,1
0.005420054200542,0.0205887083802477,0.0084119604457958,3
0.8035230352303523,0.000482547852662,0.0002880442909707,1
0.0501355013550135,0.000482547852662,0.0088125890037065,3
0.0501355013550135,0.0029757117580826,0.0117294182672301,3
0.4878048780487805,0.0018497667685378,0.0009445305354832,0
0.029810298102981,0.0110181759691169,0.0039559057978298,3
0.035230352303523,0.0203474344539166,0.0096467556315886,3
0.005420054200542,0.0026540131896413,0.0014525453097886,3
0.8414634146341463,0.0031365610423033,0.0004399237545815,1
0.4241192411924119,0.0036995335370757,0.0009632056508523,0
0.3523035230352303,0.0077207656425928,0.0019226762786309,0
0.2235772357723577,0.0038603828212964,0.0008604322740142,3
0.0975609756097561,0.0013672189158758,0.0006525791005596,3
0.2330623306233062,0.0328936786231301,0.0171213113462909,3
0.2764227642276423,0.0018497667685378,0.0011007130210684,0
0.8265582655826558,0.0020910406948689,0.0007465226763061,1
0.029810298102981,0.0218755026540131,0.003494621842167,3
0.0121951219512195,0.014798134148303,0.0049285953091139,3
0.1070460704607046,0.0015280682000965,0.0005364835676885,3
0.0149051490514905,0.0039408074634067,0.004774375001549,3
0.913279132791328,0.0051471770950619,0.0016031855030707,1
0.021680216802168,0.0164066269905098,0.0061873325091726,3
0.981029810298103,0.0,0.0001040987076062,1
0.040650406504065,0.029354994370275,0.0146466434087755,3
0.5799457994579946,0.0056297249477239,0.0020642629136787,0
0.024390243902439,0.0038603828212964,0.0011694753122203,3
0.0,0.0834003538684252,0.0159804769483326,3
0.1490514905149051,0.0012063696316551,0.007043186367806,3
0.1991869918699187,0.0123049702428824,0.0021012000543075,3
0.3997289972899729,0.0005629724947723,0.0002627425217608,0
0.1639566395663956,0.0026540131896413,0.0011114533639166,3
0.021680216802168,0.0057101495898343,0.0021498069905311,3
0.002710027100271,0.0082837381373652,0.0033630698543637,3
0.8373983739837398,0.0015280682000965,0.0004369804875509,1
0.048780487804878,0.0054688756635032,0.003422158952117,3
0.8699186991869918,0.000482547852662,0.0005471378500973,1
0.5623306233062331,0.0072382177899308,0.0019119703599584,0
0.1531165311653116,0.0060318481582756,0.000639532337933,3
0.6680216802168022,0.0014476435579861,0.0009692126695287,1
0.0311653116531165,0.0028952871159723,0.0023836332046236,3
0.3048780487804878,0.0029757117580826,0.0005168789995728,0
0.6273712737127372,0.000241273926331,0.0001217583097894,0
0.1287262872628726,0.0008846710632137,0.0003533641645431,3
0.4227642276422764,0.0024931639054206,0.0020472917950114,0
0.8075880758807588,0.0017693421264275,0.0007550082356398,1
0.9959349593495936,0.0038603828212964,0.0007395345686196,1
0.505420054200542,0.0003216985684413,0.0002922612525057,0
0.037940379403794,0.006594820653048,0.002334527117851,3
0.2953929539295393,0.0027344378317516,0.0042556543085711,0
0.0989159891598916,0.0318481582756956,0.0153047131653745,3
0.086720867208672,0.0172912980537236,0.0098604953391042,3
0.1422764227642276,0.0251729129805372,0.0095640171250635,3
0.1178861788617886,0.0045842046002895,0.0044658827501556,3
0.0067750677506775,0.0323307061283577,0.0029089633393543,3
0.3319783197831978,0.0043429306739585,0.0015888650459397,0
0.005420054200542,0.0069165192214894,0.0031761637918807,3
0.3848238482384823,0.0079620395689239,0.0030883993556895,0
0.0392953929539295,0.0024931639054206,0.0022858857574516,3
0.3468834688346883,0.0036995335370757,0.0014234568812412,0
0.010840108401084,0.0132700659482065,0.0051517500287097,3
0.8861788617886179,0.0011259449895447,0.0002005208240101,1
0.010840108401084,0.0041016567476274,0.0055921385096645,3
0.0067750677506775,0.1092166639858452,0.0182599770211741,3
0.2425474254742547,0.0248512144120958,0.0037231811573628,3
0.0,0.0143155862956409,0.0075958665102064,3
0.043360433604336,0.0028952871159723,0.0010715729562573,3
0.1178861788617886,0.0111790252533376,0.0044008554820775,3
0.3753387533875338,0.0010455203474344,0.0003738465491416,0
0.6666666666666666,0.006594820653048,0.0026426923395743,1
0.0121951219512195,0.0110986006112272,0.0052353663517175,3
0.0149051490514905,0.0188997908959305,0.0022236468476129,3
0.5880758807588076,0.0038603828212964,0.0014663149801069,0
0.540650406504065,0.0045037799581791,0.0016073336162541,0
0.0636856368563685,0.0085250120636963,0.0011588210298116,3
0.5555555555555556,0.0064339713688274,0.0021591015179959,0
0.1192411924119241,0.0031365610423033,0.0031675749600197,3
0.05420054200542,0.0308830625703715,0.0032494700742378,3
0.1476964769647696,0.0029757117580826,0.0189102841261312,3
0.6016260162601627,0.0041016567476274,0.001473371936145,0
0.0853658536585365,0.000723821778993,0.0004412835095254,3
0.2560975609756097,8.042464211034261e-05,6.733368785644512e-05,3
0.5176151761517616,0.0069165192214894,0.0025759610747943,0
0.037940379403794,0.0115811484638893,0.0048103482652556,3
0.2086720867208672,0.0065143960109377,0.0029360379536176,3
0.1151761517615176,0.0068360945793791,0.0027011962263392,3
0.4485094850948509,0.0003216985684413,0.0022194987344296,0
0.0013550135501355,0.0874215859739424,0.0140325161125797,3
0.1233062330623306,0.0098922309795721,0.0021194276553914,3
0.7831978319783198,0.0,0.0005266898896746,1
0.0501355013550135,0.0220363519382338,0.0018938116072262,3
0.002710027100271,0.0384429789287437,0.013403534784528,3
0.6327913279132791,0.0028148624738619,0.0016433240920485,0
0.005420054200542,0.0094901077690204,0.0031734787061687,3
0.5528455284552846,0.000482547852662,0.0004219543348161,0
0.0203252032520325,0.0198648866012546,0.0047902617586788,3
0.902439024390244,0.0,0.0001375245823039,1
0.013550135501355,0.1120315264597072,0.0130587078155822,3
0.3807588075880759,0.0019301914106482,0.0011893208495666,0
0.989159891598916,8.042464211034261e-05,0.000491060867726,1
0.021680216802168,0.0212321055171304,0.0141190412784422,3
0.013550135501355,0.009168409200579,0.006472244200146,3
0.016260162601626,0.0041820813897378,0.0002690937821952,3
0.0474254742547425,0.0100530802637928,0.0041479410625063,3
0.016260162601626,0.0073990670741515,0.0028689796591676,3
0.070460704607046,0.0064339713688274,0.0061578137784278,3
0.4308943089430894,0.0018497667685378,0.0005651589061263,0
0.048780487804878,0.0041820813897378,0.0013399610428487,3
0.2344173441734417,0.0042625060318481,0.0028101659548206,3
0.029810298102981,0.0205887083802477,0.0049217276860427,3
0.002710027100271,0.0156828052115168,0.0025267689275822,3
0.029810298102981,0.0726234518256393,0.0107522708251805,3
0.1043360433604336,0.0115007238217789,0.0039367315319116,3
0.0121951219512195,0.216663985845263,0.0673706594212497,4
0.3184281842818428,0.0049863278108412,0.0051821121517615,0
0.8577235772357723,0.0001608492842206,0.0008610174850027,1
0.0853658536585365,0.0044233553160688,0.001795754342472,3
0.1016260162601626,0.0041820813897378,0.0013241087098948,3
0.1517615176151761,0.0027344378317516,0.0012038134275766,3
0.3794037940379404,0.0032169856844137,0.000664644774176,0
0.0948509485094851,0.0106964774006755,0.0052375522868806,3
0.8008130081300813,0.000482547852662,0.0003212808327015,1
0.2953929539295393,0.0073186424320411,0.0030848536655826,0
0.1016260162601626,0.0014476435579861,0.0007237682961051,3
0.4295392953929539,0.000723821778993,0.0002702642041722,0
0.5447154471544715,0.0038603828212964,0.0024670601946645,0
0.0338753387533875,0.0275052276017371,0.0075736284926424,3
0.8373983739837398,0.0042625060318481,0.0011431580298245,1
0.1815718157181571,0.0021714653369792,0.0003388715865331,3
0.3915989159891599,0.0004021232105517,0.0001617936262399,0
0.089430894308943,0.0005629724947723,0.0007730292916688,3
0.0040650406504065,0.0015280682000965,0.0005412168918604,3
0.0040650406504065,0.0095705324111307,0.0035868269970359,3
0.0447154471544715,0.023725269422551,0.0314768811366256,3
0.0013550135501355,0.0390863760656265,0.0191009940600396,3
0.575880758807588,0.003297410326524,0.0012355697297481,0
0.0528455284552845,0.0009650957053241,0.0005186346325384,3
0.3699186991869919,0.0001608492842206,0.0002085588690584,0
0.062330623306233,0.0143960109377513,0.0053190343109891,3
0.0040650406504065,0.0155219559272961,0.0021139369993519,3
0.540650406504065,0.0024127392633102,0.0010677862969198,0
0.4037940379403794,0.0011259449895447,0.0005525940819609,0
0.5894308943089431,0.0026540131896413,0.0009980429167576,0
0.2303523035230352,0.0012063696316551,0.0001971816789579,3
0.035230352303523,0.0249316390542062,0.0036176194222852,3
0.3794037940379404,0.0068360945793791,0.0023883148925318,0
0.2560975609756097,0.0027344378317516,0.0009329468003279,3
0.5040650406504065,0.0027344378317516,0.001167168892442,0
0.029810298102981,0.0149589834325237,0.0059301150676269,3
0.4376693766937669,0.0020106160527585,0.0007208766653383,0
0.1517615176151761,0.0012063696316551,0.0013707362560101,3
0.3902439024390244,0.0426250603184815,0.0071948076500983,0
0.5365853658536586,0.006112272800386,0.0020941258861815,0
0.067750677506775,0.0072382177899308,0.0026746896109765,3
0.1937669376693767,0.0041016567476274,0.0014451957482562,3
0.9254742547425474,0.0013672189158758,0.0003708516458473,1
0.6991869918699187,0.0027344378317516,0.000260195132752,1
0.0230352303523035,0.0443139778027987,0.017018658454068,3
0.2682926829268293,0.0,0.0003080963733717,3
0.0040650406504065,0.0012867942737654,0.0004206806403117,3
0.2127371273712737,0.0066752452951584,0.0041881829240115,3
0.4525745257452574,0.0023323146211999,0.0006501866203418,0
0.3455284552845528,0.0061926974424963,0.0023045436607329,0
0.4417344173441734,0.0028148624738619,0.0008879027662992,0
0.0447154471544715,0.0110986006112272,0.0016864231601448,3
0.556910569105691,0.0084445874215859,0.0032598489632402,0
0.002710027100271,0.0071577931478204,0.0010696279903248,3
0.0230352303523035,0.034743445391668,0.0054644076053744,3
0.0149051490514905,0.0090075599163583,0.0017095562062795,3
0.3428184281842818,0.0011259449895447,0.000529323339123,0
0.0636856368563685,0.0018497667685378,0.0001896944207223,3
0.3414634146341463,0.0074794917162618,0.0009312083794502,0
0.1192411924119241,0.0861347917001769,0.0178154232149481,3
0.005420054200542,0.0053080263792826,0.0020563797774215,3
0.0257452574525745,0.0236448447804407,0.0081891671800458,3
1.0,0.0005629724947723,0.0002213474503665,1
0.5420054200542005,0.0,0.0001197961317691,0
0.5894308943089431,0.003056136400193,0.0012474116462219,0
0.2086720867208672,0.0013672189158758,0.0005422840413101,3
0.3644986449864498,0.0016084928422068,0.0002380087514516,0
0.532520325203252,0.0014476435579861,0.000523591713853,0
0.6802168021680217,0.0068360945793791,0.002122353710334,1
0.0203252032520325,0.0024931639054206,0.0007147319499588,3
0.1653116531165311,0.0024931639054206,0.0011612995704689,3
0.2154471544715447,0.0008846710632137,0.0003236216766556,3
0.1056910569105691,0.0101335049059031,0.0061387944213006,3
0.0880758807588075,0.0016889174843171,0.0006357112544197,3
0.0121951219512195,0.0092488338426894,0.0153873311872843,3
0.0094850948509485,0.0067556699372687,0.0022601192618685,3
0.0609756097560975,0.0082033134952549,0.0072787337906883,3
0.0094850948509485,0.0602380569406466,0.0671607235851595,3
0.005420054200542,0.0517130448769503,0.0119765150010919,3
0.8062330623306233,0.0017693421264275,0.0002721058975773,1
0.0582655826558265,0.0016084928422068,0.0038718935968003,3
0.4986449864498645,0.0101335049059031,0.0073884436389493,0
0.0040650406504065,0.0326524046967991,0.0130318741705494,3
0.021680216802168,0.0034582596107447,0.0015341822426882,3
0.3455284552845528,0.0084445874215859,0.0024489875023718,0
0.048780487804878,0.0078816149268135,0.0029982596513684,3
0.016260162601626,0.0143960109377513,0.0021677419861207,3
0.035230352303523,0.0041820813897378,0.0006521487983621,3
0.0067750677506775,0.0256554608331992,0.008101333895503,3
0.1178861788617886,0.0079620395689239,0.0031721017391369,3
0.926829268292683,0.0004021232105517,0.0005285832193434,1
0.0013550135501355,0.0203474344539166,0.0043061889986392,3
0.0691056910569105,0.0175325719800546,0.0171387988275951,3
0.4552845528455284,0.008685861347917,0.0029414941854813,0
0.0948509485094851,0.0011259449895447,0.0003274599722568,3
0.524390243902439,0.0019301914106482,0.0006139723874047,0
0.1517615176151761,0.0071577931478204,0.0025193333056103,3
0.2872628726287263,0.0198648866012546,0.0053690182142445,0
0.0962059620596205,0.000723821778993,0.0002322943382695,3
0.0447154471544715,0.0135917645166479,0.008144811629533,3
0.6395663956639567,0.0053080263792826,0.0010894218914074,1
0.497289972899729,0.0022518899790895,0.0003110224283144,0
0.073170731707317,0.0026540131896413,0.00062318085443,3
0.0691056910569105,0.0152002573588547,0.006382758555165,3
0.035230352303523,0.01174199774811,0.0070914490622716,3
0.0853658536585365,0.0006433971368827,0.002167862470736,3
0.4119241192411924,0.0005629724947723,0.000229523192118,0
0.3604336043360434,0.0016084928422068,0.0002433961349636,0
0.7113821138211383,0.0,0.0002340843954109,1
0.4078590785907859,0.0013672189158758,0.0007227699950071,0
0.0948509485094851,0.0003216985684413,0.0003438975161993,3
0.5311653116531165,0.0041820813897378,0.000433262676565,0
0.021680216802168,0.0389255267814058,0.0138215647633034,3
0.0067750677506775,0.0006433971368827,0.0002816241821848,3
0.4173441734417344,0.0008042464211034,0.0002649628810997,0
0.037940379403794,0.003056136400193,0.002014502767566,3
0.3197831978319783,0.0045037799581791,0.0026293357593656,0
0.2710027100271002,0.0042625060318481,0.0014804461042711,0
0.0230352303523035,0.0049059031687308,0.0018311940314537,3
0.0121951219512195,0.0019301914106482,0.0006496530456169,3
0.0921409214092141,0.0282290493807302,0.0034908007586537,3
0.2398373983739837,0.000723821778993,0.0005205968105588,3
0.540650406504065,0.000241273926331,0.0058934533204045,0
0.0094850948509485,0.003297410326524,0.0013593934900854,3
0.089430894308943,0.0386842528550748,0.0137913231248669,3
0.2886178861788618,0.0060318481582756,0.001072795014498,0
0.010840108401084,0.0399710471288402,0.0043241756304925,3
0.5907859078590786,0.0006433971368827,0.0003645520216767,0
0.021680216802168,0.0407752935499437,0.0077970758177325,3
0.0067750677506775,0.0135113398745375,0.0010232930497038,3
0.0040650406504065,0.0366736368023162,0.07776266403464,3
0.0948509485094851,0.0022518899790895,0.0028086168669098,3
0.494579945799458,0.0010455203474344,0.0005306142457153,0
0.0718157181571815,0.0048254785266205,0.00197877047309,3
0.051490514905149,0.003297410326524,0.0018583202819808,3
0.005420054200542,0.0437510053080263,0.0025972352154361,3
0.2750677506775068,0.0164066269905098,0.0021005287828795,0
0.6327913279132791,0.0008846710632137,0.0002877172613006,0
0.029810298102981,0.0005629724947723,0.0007294482851114,3
0.3184281842818428,0.0143155862956409,0.0036906675233237,0
0.8875338753387534,0.0005629724947723,0.000560666551185,1
0.1571815718157181,0.0026540131896413,0.001012294525537,3
0.2344173441734417,0.0033778349686343,0.0003219521041295,3
0.3536585365853658,0.0027344378317516,0.0009728960563388,0
0.1829268292682926,0.0053884510213929,0.0012514909110537,3
0.0962059620596205,8.042464211034261e-05,0.0001734978460104,3
0.0013550135501355,0.0314460350651439,0.0168868482849462,3
0.2289972899728997,0.0165674762747305,0.0013597549439312,3
0.0121951219512195,0.0077207656425928,0.0060404617631401,3
0.3143631436314363,0.0008042464211034,0.0003099897030405,0
0.2750677506775068,0.0,0.0001029282856292,0
0.018970189701897,0.0041016567476274,0.0019290275390652,3
0.0230352303523035,0.0081228888531446,0.0029671229843612,3
0.1192411924119241,0.0053080263792826,0.0071374741853105,3
0.0338753387533875,0.0046646292423998,0.0017825182468786,3
0.0582655826558265,0.0020106160527585,0.001619313229431,3
0.516260162601626,0.0011259449895447,0.0004059815172469,0
0.005420054200542,0.0032169856844137,0.0013536618648154,3
0.6287262872628726,0.0011259449895447,0.0004740209007071,0
0.2046070460704607,0.0012063696316551,0.0004003531645043,3
0.1056910569105691,0.0119028470323307,0.0038066253594916,3
0.0392953929539295,0.0127070934534341,0.0046161098533282,3
0.037940379403794,0.009168409200579,0.0034269439125526,3
0.3008130081300813,0.0069969438635998,0.0029691023744694,0
0.521680216802168,0.0008846710632137,0.000297424878875,0
0.0907859078590785,0.0129483673797651,0.0051621805539758,3
0.1517615176151761,0.0003216985684413,0.0002339983349714,3
0.021680216802168,0.0054688756635032,0.0020872410510224,3
0.9986449864498644,0.0,0.0003697156480461,1
0.3888888888888889,0.006353546726717,0.0036051922948229,0
0.0772357723577235,0.0021714653369792,0.0005333165435153,3
0.7818428184281843,0.0011259449895447,0.0004243468150339,1
0.062330623306233,0.0052276017371722,0.0024468876276482,3
0.6802168021680217,0.0020106160527585,0.00396597486925,1
0.0013550135501355,0.0188193662538201,0.0027226769120357,3
0.5853658536585366,0.0019301914106482,0.0001816907998498,0
0.1178861788617886,0.0086054367058066,0.045231404817567,3
0.08130081300813,0.0043429306739585,0.000738278086203,3
0.024390243902439,0.000482547852662,0.0003201620469881,3
0.067750677506775,0.0010455203474344,0.0007118058950161,3
0.1192411924119241,0.005870998874055,0.0042503529854986,3
0.3712737127371274,0.0036191088949654,0.0007981761520876,0
0.8672086720867209,0.0034582596107447,0.0017495570985542,1
0.3279132791327913,0.0005629724947723,0.0003195424118238,0
0.556910569105691,0.0004021232105517,0.0002081802031246,0
0.0420054200542005,0.0093292584847997,0.0036455718530313,3
0.0718157181571815,0.015280682000965,0.0011123483924873,3
0.1287262872628726,0.0042625060318481,0.0019468592621274,3
0.521680216802168,0.0130287920218755,0.0043078757832532,0
0.0392953929539295,0.0297571175808267,0.0072499896038989,3
0.3834688346883468,0.0181759691169374,0.0035999426080141,0
0.532520325203252,0.0019301914106482,0.0009445993838347,0
0.8265582655826558,0.0065143960109377,0.0021347292015326,1
0.4092140921409214,0.0003216985684413,0.0002878721700917,0
0.4905149051490515,0.0076403410004825,0.0013158985439675,0
0.040650406504065,0.0021714653369792,0.0011561359440995,3
0.0149051490514905,0.0051471770950619,0.0022367452465032,3
0.4214092140921409,0.0040212321055171,0.0019409210918026,0
0.1449864498644986,0.0057905742319446,0.0037139038419858,3
0.5609756097560976,0.0021714653369792,0.0007918937400049,0
0.5704607046070461,0.0020106160527585,0.0006487580170463,0
0.7886178861788617,0.000482547852662,0.0003750513952944,1
0.9796747967479674,0.0012063696316551,0.0005563807412984,1
0.0203252032520325,0.0412578414026057,0.0242413496865609,3
0.005420054200542,0.0789769985523564,0.0310622247270782,3
0.0420054200542005,0.0078816149268135,0.0038147494649794,3
0.0772357723577235,0.0290332958018336,0.015272956863203,3
0.2113821138211382,0.0004021232105517,0.000556948740199,3
0.1612466124661246,0.0136721891587582,0.0034451543015486,3
0.010840108401084,0.0221972012224545,0.009496029377867,3
0.0447154471544715,0.0234035708541097,0.002462258022141,3
0.4363143631436314,0.0069165192214894,0.0015188979086349,0
0.5894308943089431,8.042464211034261e-05,0.0002395922635382,0
0.1151761517615176,0.0041820813897378,0.0017171295249546,3
0.3753387533875338,0.0016889174843171,0.0002023280932393,0
0.0989159891598916,0.0003216985684413,0.0019241393061022,3
0.2100271002710027,0.0254946115489786,0.0056297124975455,3
0.7533875338753387,0.0020910406948689,0.0002435166195789,1
0.0826558265582655,0.0255750361910889,0.0075389633476161,3
0.002710027100271,0.0027344378317516,0.0019398883665287,3
0.7032520325203252,0.0009650957053241,0.0003981844414291,1
0.0230352303523035,0.1048737333118867,0.0204640193006714,3
0.8468834688346883,0.003297410326524,0.0002912457393197,1
0.0040650406504065,0.0219559272961235,0.0050640372287822,3
0.1436314363143631,0.0,2.9260549426369304e-05,3
0.0311653116531165,0.0069165192214894,0.0230140417590037,3
0.913279132791328,0.0005629724947723,0.0003365823788427,1
0.5420054200542005,0.0243686665594338,0.0018111591611406,0
0.2344173441734417,0.0019301914106482,0.0004980489754126,3
0.7425474254742548,0.0026540131896413,0.0001913123569847,1
0.040650406504065,0.0133504905903168,0.0054409475295696,3
0.0257452574525745,0.0126266688113237,0.0015358862393901,3
0.0230352303523035,0.0127070934534341,0.0145241449792064,3
0.9959349593495936,0.0008042464211034,0.0006046606478519,1
0.0447154471544715,0.0357889657391024,0.0086641691697632,3
0.1747967479674796,0.0034582596107447,0.0002042558470839,3
0.1626016260162601,0.0011259449895447,0.0004704752106002,3
0.8468834688346883,0.0008042464211034,0.0002978723931604,1
0.029810298102981,0.0109377513270065,0.0044273793095281,3
0.516260162601626,0.000723821778993,0.0007056611796366,0
0.6016260162601627,0.0049059031687308,0.000461748682036,0
0.4146341463414634,0.0006433971368827,0.0002270274393728,0
0.3807588075880759,0.0022518899790895,0.0008528245311633,0
0.1720867208672086,0.0184172430432684,0.0051516639682702,3
0.5528455284552846,0.003297410326524,0.0016440986360039,0
0.4783197831978319,0.0042625060318481,0.0019643123192558,0
0.5094850948509485,0.000241273926331,8.848734388292036e-05,0
0.5650406504065041,0.0032169856844137,0.0010983205408506,0
0.005420054200542,0.0027344378317516,0.0015053519954593,3
0.5907859078590786,0.0,0.0001239270328646,0
0.0,0.0020106160527585,0.0009706584849121,3
0.6287262872628726,0.0039408074634067,0.0035451221080594,0
0.9010840108401084,0.0014476435579861,0.0004259991754721,1
0.024390243902439,0.0028148624738619,0.0011808352902329,3
0.5067750677506775,0.0008846710632137,0.0005682054456842,0
0.1070460704607046,0.0025735885475309,0.0012069632396619,3
0.5894308943089431,0.0014476435579861,0.0005866568039108,0
0.2005420054200542,0.0068360945793791,0.007161657168807,3
0.0013550135501355,0.0545279073508122,0.010962000116216,3
0.013550135501355,0.0333762264757921,0.0031034427205123,3
0.075880758807588,0.0295158436544957,0.0073649835631445,3
0.021680216802168,0.0031365610423033,0.0011096977309511,3
0.0094850948509485,0.0154415312851857,0.015880302596767,3
0.0691056910569105,0.0040212321055171,0.0033213477532992,3
0.1341463414634146,0.0,0.0003569098546501,3
0.0636856368563685,0.0103747788322341,0.0026602658813181,3
0.0013550135501355,0.0124658195271031,0.2019220256617084,3
0.3414634146341463,0.0034582596107447,0.0012169634627305,0
0.070460704607046,0.0067556699372687,0.0024296927518383,3
0.0311653116531165,0.0390059514235161,0.0077307404309741,3
0.4959349593495935,0.0008042464211034,0.0011714891265044,0
0.2479674796747967,0.000723821778993,0.0004323848600822,3
0.062330623306233,0.0069165192214894,0.0026388884681489,3
0.575880758807588,0.0104552034743445,0.0016947365985995,0
0.0230352303523035,0.0153611066430754,0.006173958716876,3
0.0203252032520325,0.0291941450860543,0.0134850684449002,3
0.0907859078590785,0.0104552034743445,0.0026979603538144,3
0.0338753387533875,0.0048254785266205,0.0020881016554173,3
0.2859078590785908,0.0029757117580826,0.001930920868734,0
0.0,0.0092488338426894,0.0047341847763075,3
0.6070460704607046,0.0020106160527585,0.0008063863180149,0
0.5894308943089431,0.0053080263792826,0.0049552912574435,0
0.0772357723577235,0.0076403410004825,0.0042503013492349,3
0.0691056910569105,0.0017693421264275,0.0005820267522662,3
0.0257452574525745,0.0164870516326202,0.0065599053638098,3
0.0392953929539295,0.0479330866977642,0.029774244189681,3
0.2493224932249322,0.0043429306739585,0.00174418692713,3
0.0284552845528455,0.0023323146211999,0.0012044674869167,3
0.05420054200542,0.0044233553160688,0.0010586811024218,3
0.0284552845528455,0.0180151198327167,0.007365396653254,3
0.505420054200542,0.0049059031687308,0.0018159613336641,0
0.010840108401084,0.0092488338426894,0.0303871494276361,3
0.1869918699186991,0.0359498150233231,0.0451974109439687,3
0.9173441734417344,0.000482547852662,0.0001836185536944,1
0.518970189701897,0.0028952871159723,0.0005931457610483,0
0.6273712737127372,0.000723821778993,0.0005010955149705,0
0.0149051490514905,0.0120636963165513,0.0077739427715977,3
0.8102981029810298,0.0023323146211999,0.0008435300036985,1
0.8455284552845529,0.000723821778993,0.0004120573842748,1
0.0474254742547425,0.0069165192214894,0.0073585462422707,3
0.0230352303523035,0.0064339713688274,0.0029021645646346,3
0.5040650406504065,0.0006433971368827,0.0003571508238806,0
0.021680216802168,0.0016889174843171,0.0007411008686183,3
0.086720867208672,0.0182563937590477,0.0078707779781111,3
0.1084010840108401,0.0037799581791861,0.0013951602087371,3
0.3509485094850949,0.0013672189158758,0.0002942406426139,0
0.043360433604336,0.0009650957053241,0.0002599713756093,3
0.1341463414634146,0.0012063696316551,0.0008761124860891,3
0.005420054200542,0.0033778349686343,0.0057711097996265,3
0.1043360433604336,0.0128679427376548,0.0040175767087678,3
0.1084010840108401,0.0113398745375583,0.0022241115739862,3
0.059620596205962,0.0106160527585652,0.0055041158921548,3
0.002710027100271,0.0283094740228406,0.0032079200940523,3
0.4959349593495935,0.0022518899790895,0.0035494767662975,0
0.002710027100271,0.0177738459063857,0.0084709806951976,3
0.8170731707317073,0.0041820813897378,0.0013452795780091,1
0.4241192411924119,0.0033778349686343,0.0006941635049208,0
0.024390243902439,0.0253337622647579,0.0235846568969937,3
0.073170731707317,0.0076403410004825,0.0015485543360829,3
0.8970189701897019,0.0010455203474344,0.0003987696524177,1
0.8265582655826558,0.0042625060318481,0.0013734557658979,1
0.2710027100271002,0.0184172430432684,0.0068157458383236,0
0.0230352303523035,0.0038603828212964,0.0014443351438613,3
0.0284552845528455,0.0090075599163583,0.0005067066556252,3
0.0067750677506775,0.0083641627794756,0.0036730767694921,3
0.6124661246612466,0.0008042464211034,0.0004014719502176,0
0.6761517615176151,0.0004021232105517,0.0005403218632897,1
0.005420054200542,0.0102943541901238,0.002814641097674,3
0.1246612466124661,0.0309634872124819,0.0045300494138389,3
0.0718157181571815,0.0068360945793791,0.0024825338616847,3
0.1287262872628726,0.0217146533697925,0.0090490486672473,3
0.089430894308943,0.0024127392633102,0.0002275093778339,3
0.3739837398373983,0.0029757117580826,0.0037251089112073,0
0.2628726287262872,0.017371722695834,0.0043488921887138,3
0.924119241192412,0.0,8.42703823479436e-05,1
0.018970189701897,0.0073186424320411,0.0023054042651278,3
0.010840108401084,0.0539649348560399,0.012744948665292,3
0.1287262872628726,0.0069969438635998,0.003850550607807,3
0.5230352303523035,0.000241273926331,0.000221089269048,0
0.010840108401084,0.0067556699372687,0.0031377119875169,3
0.8468834688346883,0.0053080263792826,0.0020680667851041,1
0.7303523035230353,0.0075599163583722,0.0029235764019796,1
0.1815718157181571,0.0053080263792826,0.0025649969748034,3
0.4119241192411924,0.0017693421264275,0.0002442739514464,0
0.0474254742547425,0.0045037799581791,0.0021691189531525,3
0.2506775067750677,0.0106964774006755,0.0035177376762139,3
0.08130081300813,0.0051471770950619,0.0015907583756085,3
0.040650406504065,0.0048254785266205,0.0021471907531706,3
0.0149051490514905,0.0274248029596268,0.005926053014883,3
0.043360433604336,0.1422711918931961,0.0175493931843987,3
0.2777777777777778,0.0020106160527585,0.000710480564248,0
0.035230352303523,0.006594820653048,0.0021516142597604,3
0.521680216802168,0.0037799581791861,0.0016324288404092,0
0.3834688346883468,0.0012063696316551,0.0003519871975113,0
0.0975609756097561,0.003056136400193,0.0058934533204045,3
0.6097560975609756,0.0027344378317516,0.001375469580182,0
0.505420054200542,0.0102139295480135,0.0010162705178414,0
0.0474254742547425,0.0191410648222615,0.0051267752891699,3
0.7831978319783198,0.0067556699372687,0.0038635973704335,1
0.086720867208672,0.0068360945793791,0.0434859958321961,3
0.035230352303523,0.0843654495737494,0.0134757911295233,3
0.013550135501355,0.0297571175808267,0.0103154108222448,3
0.2981029810298103,0.0005629724947723,0.0002320189448632,0
0.016260162601626,0.0126266688113237,0.0033206592697833,3
0.024390243902439,0.020427859096027,0.0080338625109434,3
0.0257452574525745,0.0095705324111307,0.0012717839626852,3
0.6897018970189702,0.0024931639054206,0.0003724867941976,1
0.0447154471544715,0.0020106160527585,0.0002314337338746,3
0.0257452574525745,0.0017693421264275,0.0005285660072555,3
0.7913279132791328,0.0017693421264275,0.0006972616807424,1
0.4173441734417344,0.0046646292423998,0.00154129083499,0
0.3346883468834688,0.0029757117580826,0.0026076313165264,0
0.997289972899729,0.0004021232105517,0.0001421718460363,1
0.037940379403794,0.0083641627794756,0.0030740444743827,3
0.2235772357723577,0.0303200900755991,0.002916433385502,3
0.0311653116531165,0.0184976676853788,0.0057911618820275,3
0.059620596205962,0.0086054367058066,0.0020289437093123,3
0.040650406504065,0.0103747788322341,0.0027230383658816,3
0.0718157181571815,0.0070773685057101,0.00759493705746,3
0.8008130081300813,0.003538684252855,0.0003991999546151,1
0.2181571815718157,0.0011259449895447,0.0001737904515047,3
0.3523035230352303,0.003297410326524,0.0013353998395558,0
0.7317073170731707,0.0013672189158758,0.0002162698844366,1
0.1341463414634146,0.0040212321055171,0.0010949297595347,3
0.6964769647696477,0.0043429306739585,0.0009903319013794,1
0.3807588075880759,0.0041016567476274,0.0021218889839608,0
0.5528455284552846,0.0068360945793791,0.0005376195654897,0
0.0691056910569105,0.006353546726717,0.0024621547496136,3
0.0284552845528455,0.0113398745375583,0.0031131159139109,3
0.0501355013550135,0.0033778349686343,0.0015858701426455,3
0.3346883468834688,0.0013672189158758,0.0007816353356178,0
0.0230352303523035,0.0049863278108412,0.0030408939930914,3
0.3075880758807588,0.0054688756635032,0.0018336897841989,0
0.7628726287262872,0.0021714653369792,0.0007336480345585,1
0.0230352303523035,0.0036995335370757,0.0017326204040627,3
0.7493224932249323,0.0014476435579861,0.0005415955577941,1
0.0040650406504065,0.0047450538845102,0.0022139392300385,3
0.070460704607046,0.0037799581791861,0.004806561605918,3
0.0013550135501355,0.0017693421264275,0.0006862459444878,3
0.0311653116531165,0.0021714653369792,0.0009839634288572,3
0.5799457994579946,0.0010455203474344,0.0004129179886697,0
0.016260162601626,0.0135113398745375,0.002643759489024,3
0.7059620596205962,0.0009650957053241,0.0004418342963381,1
0.0284552845528455,0.0005629724947723,0.0012439864407302,3
0.535230352303523,0.0048254785266205,0.0004266015985485,0
0.9214092140921408,0.0009650957053241,0.0002378366305726,1
0.0149051490514905,0.0034582596107447,0.0017374397886741,3
0.0338753387533875,0.006594820653048,0.0051450717386053,3
0.5663956639566395,0.0049863278108412,0.0007329767631305,0
0.6869918699186992,0.0012063696316551,0.0005168962116607,1
0.0,0.0303200900755991,0.0313777567224218,3
0.0392953929539295,0.0306417886440405,0.0252064142429063,3
0.0772357723577235,0.0146372848640823,0.0059925088862567,3
0.0989159891598916,0.003297410326524,0.0023480730310266,3
0.0067750677506775,0.0028952871159723,0.0011425556067481,3
0.067750677506775,0.0027344378317516,0.0003967386260457,3
0.005420054200542,0.0008042464211034,0.0002907121645949,3
0.0338753387533875,0.0192214894643718,0.0293033558889712,3
0.524390243902439,0.0018497667685378,0.0011067372518326,0
0.0013550135501355,0.0390059514235161,0.0146945102252194,3
0.0392953929539295,0.0033778349686343,0.0023425479508114,3
0.8075880758807588,0.0016084928422068,0.000518531360011,1
0.0880758807588075,0.0021714653369792,0.0010184908771803,3
0.1436314363143631,0.0029757117580826,0.0011035185913957,3
0.08130081300813,0.041096992118385,0.0056088686591012,3
0.524390243902439,0.0041820813897378,0.0008996241981576,0
0.6490514905149052,0.0013672189158758,0.0005338329061522,1
0.0230352303523035,0.0046646292423998,0.0008376090454616,3
0.0013550135501355,0.0579057423194466,0.1298288340476579,3
0.0420054200542005,0.0106160527585652,0.0017530167282216,3
0.05420054200542,0.0096509570532411,0.0018516936281401,3
0.010840108401084,0.0023323146211999,0.000283448663502,3
0.9065040650406504,0.0005629724947723,0.0002075777800482,1
0.0121951219512195,0.0238861187067717,0.0092843206967232,3
0.4092140921409214,0.0064339713688274,0.0044995840182596,0
0.040650406504065,0.0049863278108412,0.0012791507363055,3
0.0880758807588075,0.0004021232105517,0.0001591429647036,3
0.059620596205962,0.0123853948849927,0.0045207032501103,3
0.2127371273712737,0.0036995335370757,0.0018571154358279,3
0.1558265582655826,0.000723821778993,0.0003199727140212,3
0.0772357723577235,0.0190606401801512,0.0072893020126576,3
0.059620596205962,0.0102139295480135,0.0021776045124861,3
0.0203252032520325,0.017371722695834,0.0053316335593303,3
0.1897018970189702,0.0163262023483995,0.0064281296188637,3
0.8414634146341463,0.0036995335370757,0.0010234651705828,1
0.4214092140921409,0.0084445874215859,0.0040687482460882,0
0.0826558265582655,0.0024127392633102,0.0030003251019162,3
0.2872628726287263,0.0,0.001603305987686,0
0.0799457994579945,0.0073186424320411,0.0051077042957791,3
0.1246612466124661,0.009168409200579,0.0033594897400809,3
0.2913279132791327,0.003538684252855,0.0013364497769175,0
0.0013550135501355,0.1010133504905903,0.0156183346189615,3
0.3563685636856368,0.0010455203474344,0.0001482821372401,0
0.7804878048780488,0.0042625060318481,0.0017529134556942,1
0.573170731707317,0.0055493003056136,0.0013251930714323,0
0.2560975609756097,0.0070773685057101,0.0011263590320362,3
0.002710027100271,0.0090879845584687,0.0140019302323852,3
0.043360433604336,0.006594820653048,0.0019203182225889,3
0.9823848238482384,0.000241273926331,5.495819665788069e-05,1
0.1463414634146341,0.0066752452951584,0.0049730541321541,3
0.4336043360433604,0.0086054367058066,0.0026105917956448,0
0.0230352303523035,0.031928582917806,0.0050952083199652,3
0.592140921409214,0.0064339713688274,0.0054172636966222,0
0.997289972899729,0.0024931639054206,0.0001928270207197,1
0.3265582655826558,0.0016084928422068,0.0001940662910484,0
0.540650406504065,0.0045842046002895,0.0005615443676678,0
0.005420054200542,0.0142351616535306,0.0079787666175823,3
0.013550135501355,0.0088467106321376,0.0051229714177445,3
0.5853658536585366,0.000723821778993,0.0002945848843719,0
0.3075880758807588,0.0037799581791861,0.0015472978536664,0
0.2086720867208672,0.0067556699372687,0.0009364580662591,3
0.5094850948509485,0.0016889174843171,0.0005745567061186,0
0.08130081300813,0.0170500241273926,0.0009959086178583,3
0.062330623306233,0.0004021232105517,0.0004790124061975,3
0.010840108401084,0.003538684252855,0.0104478062023552,3
0.8089430894308943,0.0010455203474344,0.0012585478670918,1
0.7140921409214093,0.0,0.0001755632965582,1
0.059620596205962,0.0124658195271031,0.0017706763304048,3
0.035230352303523,0.0012867942737654,0.00039400190407,3
0.4403794037940379,0.000482547852662,0.0001849438844625,0
0.005420054200542,0.0064339713688274,0.0029860734931367,3
0.0880758807588075,0.0028952871159723,0.0010047556310378,3
0.2493224932249322,0.0078816149268135,0.0031852001380271,3
0.0718157181571815,0.0071577931478204,0.0036019047860344,3
0.0853658536585365,0.0111790252533376,0.0019268243918143,3
0.3753387533875338,0.0012867942737654,0.0002800406700982,0
0.5853658536585366,0.0009650957053241,0.0004849677886102,0
0.1043360433604336,0.0040212321055171,0.0013685675329349,3
0.037940379403794,0.0398906224867299,0.007418995094968,3
0.3387533875338753,0.0045037799581791,0.0013405290417493,0
0.0013550135501355,0.0093292584847997,0.0031650447830987,3
0.0338753387533875,0.0028148624738619,0.0007557139312436,3
0.7940379403794038,0.0004021232105517,0.0002344286371689,1
0.043360433604336,0.0098922309795721,0.0030350074590304,3
0.029810298102981,0.0016084928422068,0.0010866851694316,3
0.0609756097560975,0.0172108734116133,0.0380396781312023,3
0.6422764227642277,0.0064339713688274,0.0009451501706475,1
0.0582655826558265,0.0193019141064822,0.0107720991504388,3
0.0474254742547425,0.0010455203474344,0.000390456213963,3
0.5420054200542005,0.0018497667685378,0.0009328091036247,0
0.021680216802168,0.0250924883384268,0.0053492931615135,3
0.010840108401084,0.2302557503619109,0.1569647577680906,4
0.4376693766937669,0.0078816149268135,0.002159927698215,0
0.2344173441734417,0.0103747788322341,0.0017975788237892,3
0.002710027100271,0.0069165192214894,0.0044974497193603,3
0.1246612466124661,0.0020910406948689,0.0002095399580685,3
0.1178861788617886,0.0051471770950619,0.0017438426853721,3
0.1422764227642276,0.0028148624738619,0.0009544102739365,3
0.1016260162601626,0.0040212321055171,0.0034758090300947,3
0.3482384823848238,0.0012867942737654,0.0003321932964287,0
0.0257452574525745,0.0036191088949654,0.0014976065559052,3
0.0311653116531165,0.0041820813897378,0.0025918822560998,3
0.7154471544715447,8.042464211034261e-05,0.0005111990105665,1
0.7046070460704607,0.0001608492842206,0.0003302311184084,1
0.0284552845528455,0.0008846710632137,0.0003962566875846,3
0.55420054200542,0.0009650957053241,0.0003542764052017,0
0.0501355013550135,0.0006433971368827,0.0003041031689794,3
0.3319783197831978,0.0037799581791861,0.001692120361239,0
0.6192411924119241,0.0006433971368827,0.000233051670137,0
0.5609756097560976,0.0008042464211034,0.0003532781041036,0
0.2913279132791327,0.0221972012224545,0.0051583422583746,0
0.3048780487804878,0.0026540131896413,0.0017680600930444,0
0.3319783197831978,0.0024127392633102,0.001602462595379,0
0.5149051490514905,0.0068360945793791,0.0025725186572147,0
0.6002710027100271,0.000723821778993,0.0015966104854937,0
0.040650406504065,0.012224545600772,0.0054115492834401,3
0.7886178861788617,0.0036191088949654,0.0014310990482679,1
0.0609756097560975,0.0020910406948689,0.0011301973276374,3
0.3265582655826558,0.003056136400193,0.0030338198249654,0
0.1680216802168021,0.0074794917162618,0.0027192172823682,3
0.1802168021680217,0.0010455203474344,0.0005808046940255,3
0.032520325203252,0.0028148624738619,0.0012820423670724,3
0.0663956639566395,0.0057905742319446,0.004998855051913,3
0.029810298102981,0.0113398745375583,0.0109670776821458,3
0.0582655826558265,0.0133504905903168,0.0062107065245379,3
0.2384823848238482,0.000723821778993,0.0003261690656645,3
0.0663956639566395,0.0201061605275856,0.0097891340226797,3
0.002710027100271,0.0303200900755991,0.021647625737056,3
0.2018970189701897,0.0033778349686343,0.0025916757110451,3
0.0962059620596205,0.0037799581791861,0.0019813694983626,3
0.0149051490514905,0.0029757117580826,0.0004896150523426,3
0.7466124661246613,0.0023323146211999,0.0003091290986456,1
0.013550135501355,0.000482547852662,0.0003682698326627,3
0.9336043360433603,0.0016889174843171,0.0005340222391191,1
0.2533875338753387,0.0213929548013511,0.0038659382143877,3
0.0203252032520325,0.1918931960752775,0.0236745039958206,4
0.8414634146341463,0.0012867942737654,0.0002197123020162,1
0.0501355013550135,0.0215538040855718,0.0111432950380442,3
0.013550135501355,0.0207495576644683,0.0048552546025811,3
0.0853658536585365,0.003297410326524,0.0012310257385431,3
0.2018970189701897,0.0057905742319446,0.0029819425920412,3
0.0420054200542005,0.0132700659482065,0.0027066868823786,3
0.05420054200542,0.0020910406948689,0.0011707317946369,3
0.0013550135501355,0.0100530802637928,0.0008439603058959,3
0.524390243902439,0.0093292584847997,0.0009030321915614,0
0.024390243902439,0.0045037799581791,0.0019125211467711,3
0.062330623306233,0.0029757117580826,0.0013366907461481,3
0.1043360433604336,0.0013672189158758,0.0020880500191536,3
0.929539295392954,0.0008042464211034,0.0003122100623793,1
0.1056910569105691,8.042464211034261e-05,0.0002044796042266,3
0.518970189701897,0.0059514235161653,0.0021033859894706,0
0.0230352303523035,0.0131896413060961,0.0062606043673538,3
0.0284552845528455,0.003056136400193,0.0010773045815273,3
0.943089430894309,0.0024931639054206,0.0011341905320297,1
0.5420054200542005,0.0084445874215859,0.0027036919790844,0
0.1084010840108401,0.003056136400193,0.0007386739642247,3
0.0284552845528455,0.0008042464211034,0.000305187530517,3
0.4295392953929539,0.0053884510213929,0.0023046125090845,0
0.7981029810298103,0.0020910406948689,0.0006985525873348,1
0.5338753387533876,0.0153611066430754,0.0036286695827156,0
0.002710027100271,0.0077207656425928,0.0017841706073168,3
0.7710027100271003,0.000723821778993,0.0006406339115585,1
0.002710027100271,0.0185780923274891,0.0269848015886894,3
0.0772357723577235,0.0059514235161653,0.0019909738434096,3
0.5826558265582655,0.0050667524529515,0.0010697484749401,0
0.7168021680216802,0.0008846710632137,0.0004469634985317,1
0.0718157181571815,0.003056136400193,0.0003251019162148,3
0.040650406504065,0.0024127392633102,0.0003038794118367,3
0.5934959349593496,0.0009650957053241,0.0005458125193291,0
0.5650406504065041,0.0015280682000965,0.0004063946073564,0
0.0149051490514905,0.0036995335370757,0.0028282558592012,3
0.4986449864498645,0.000241273926331,9.681799442548666e-05,0
0.8861788617886179,0.0005629724947723,0.0002654964558245,1
0.1111111111111111,0.0021714653369792,0.0071637398314427,3
0.1070460704607046,0.0088467106321376,0.0036697720486157,3
0.062330623306233,0.0113398745375583,0.0045094293325372,3
0.0420054200542005,0.0011259449895447,0.0004760175029033,3
0.0230352303523035,0.0266205565385234,0.0047710874927605,3
0.032520325203252,0.0126266688113237,0.0066280135956216,3
0.513550135501355,0.0051471770950619,0.003336391118122,0
0.067750677506775,0.0036995335370757,0.0014499634966039,3
0.7710027100271003,0.0005629724947723,0.0001879559998446,1
0.0420054200542005,0.0537236609297088,0.0055759763591284,3
0.002710027100271,0.000241273926331,0.0006144715379537,3
0.7330623306233063,0.0,1.2891853835500356e-05,1
0.0718157181571815,0.0028148624738619,0.0009432568409787,3
0.5094850948509485,0.026540131896413,0.0068151089910714,0
0.010840108401084,0.0139134630850892,0.005569470189903,3
0.1734417344173441,0.0280682000965095,0.010505810938571,3
0.5704607046070461,0.0,0.0001755632965582,0
0.6178861788617886,0.0005629724947723,0.0002306419778313,0
0.1151761517615176,0.0021714653369792,0.0008757510322433,3
0.8130081300813008,0.0038603828212964,0.0012649335517019,1
0.0094850948509485,0.0045842046002895,0.0019902681478058,3
0.2506775067750677,0.0018497667685378,0.0010487325156168,3
0.0094850948509485,0.0112594498954479,0.0088674955641007,3
0.086720867208672,0.0023323146211999,0.0008816031421286,3
0.0094850948509485,0.014556860221972,0.0031412576776239,3
0.3929539295392953,0.0054688756635032,0.0021070693762807,0
0.0420054200542005,0.0076403410004825,0.0045570551797506,3
0.2113821138211382,0.0045842046002895,0.0008844947728954,3
0.002710027100271,0.0112594498954479,0.0044074993480061,3
0.05420054200542,0.009168409200579,0.0035348637036722,3
0.5040650406504065,0.0008042464211034,0.0002673897854933,0
0.0420054200542005,0.0176934212642753,0.0075520445344185,3
0.6409214092140921,0.0042625060318481,0.0009232736069293,1
0.0447154471544715,0.0252533376226475,0.0022208929135493,3
0.0,0.5296766929387164,0.0921528989700011,4
0.1544715447154471,0.0033778349686343,0.0038956118539236,3
0.0975609756097561,0.0085250120636963,0.004129954430653,3
0.516260162601626,0.006594820653048,0.0005612689742614,0
0.7791327913279132,0.0006433971368827,0.0003960501425298,1
0.535230352303523,0.0100530802637928,0.0008382803168896,0
0.3360433604336043,0.0087662859900273,0.0041071312021004,0
0.9444444444444444,0.0001608492842206,1.669572526092837e-05,1
0.021680216802168,0.0115811484638893,0.0043488405524501,3
0.3699186991869919,0.005870998874055,0.0023478836980597,0
0.5704607046070461,0.0042625060318481,0.0005540571094322,0
0.0718157181571815,0.000482547852662,0.0003515396832259,3
0.062330623306233,0.0297571175808267,0.0062408965267108,3
0.037940379403794,0.0125462441692134,0.0049279584618617,3
0.010840108401084,0.0165674762747305,0.008549106362166,3
0.029810298102981,0.0102943541901238,0.0038646645198832,3
0.4308943089430894,0.0028952871159723,0.0007324776125815,0
0.9037940379403794,0.0062731220846067,0.0005965021181883,1
0.2384823848238482,0.0020106160527585,0.0045257291797765,3
0.062330623306233,0.0323307061283577,0.0298271025116154,3
0.032520325203252,0.0085250120636963,0.0048935514981539,3
0.6260162601626016,0.0008846710632137,0.0004242779666823,0
0.6775067750677507,0.0012867942737654,0.0035699075146323,1
0.5826558265582655,0.0019301914106482,0.0003629168733264,0
0.1260162601626016,0.0048254785266205,0.0076640435903699,3
0.2818428184281842,0.0009650957053241,0.0001941523514879,0
0.505420054200542,0.0013672189158758,0.0005128341589168,0
0.8766937669376694,0.0011259449895447,0.0001833775844638,1
0.1951219512195122,0.0163262023483995,0.0023736846178186,3
0.0,0.0098922309795721,0.0035403371476238,3
0.0962059620596205,0.0034582596107447,0.0010539994145136,3
0.062330623306233,0.0006433971368827,0.0044757280644332,3
0.1111111111111111,0.0022518899790895,0.0029402377030647,3
0.043360433604336,0.0133504905903168,0.0055860626426365,3
0.0149051490514905,0.0137526138008685,0.0079053914868737,3
0.0338753387533875,0.0070773685057101,0.0026902149142603,3
0.5934959349593496,0.0,0.0003590957898131,0
0.0663956639566395,0.006112272800386,0.0029400311580099,3
0.4227642276422764,0.0032169856844137,0.000892309060801,0
0.013550135501355,0.0057101495898343,0.0168374668047672,3
0.035230352303523,0.0134309152324272,0.0021795150542428,3
0.2764227642276423,0.0014476435579861,0.0006016485324698,0
0.0311653116531165,0.0116615731059996,0.010250159797024,3
0.4552845528455284,0.0014476435579861,0.0006631817467047,0
0.0582655826558265,0.0028952871159723,0.0010583540727517,3
0.1707317073170731,0.0008042464211034,0.0004014203139539,3
0.1653116531165311,0.0093292584847997,0.0032704343972973,3
0.3170731707317073,0.0040212321055171,0.0011969285924174,0
0.0474254742547425,0.0020106160527585,0.0011336569573049,3
0.6449864498644986,0.0014476435579861,0.0004912502006929,1
0.513550135501355,0.0024127392633102,0.0016613107239018,0
0.1924119241192411,0.0020106160527585,0.0019534859159681,3
0.8482384823848238,0.0006433971368827,0.0002695412964805,1
0.0420054200542005,0.0076403410004825,0.0047690048301249,3
0.0013550135501355,0.0054688756635032,0.0017186097645138,3
0.048780487804878,0.0095705324111307,0.0042832108612956,3
0.8495934959349594,0.0057101495898343,0.0023544242914609,1
0.0094850948509485,0.0106160527585652,0.0083707719194562,3
0.5880758807588076,0.003056136400193,0.0011383902814768,0
0.9065040650406504,0.0001608492842206,5.00871757827851e-05,1
0.8672086720867209,0.0012867942737654,0.0006151600214696,1
0.0257452574525745,0.0001608492842206,0.0001554251537177,3
0.024390243902439,0.0386842528550748,0.0224502770319971,3
0.013550135501355,0.0038603828212964,0.0013435583692193,3
0.0203252032520325,0.0013672189158758,0.0011303006001648,3
0.1287262872628726,0.0045842046002895,0.0035531773651956,3
0.0501355013550135,0.0090075599163583,0.0033803163664373,3
0.5365853658536586,0.0043429306739585,0.0007182604279778,0
0.0311653116531165,0.0202670098118063,0.0091897574858124,3
0.1910569105691057,0.0064339713688274,0.002919118471214,3
0.6653116531165312,0.0005629724947723,0.0002941201579987,1
0.1747967479674796,0.0018497667685378,0.0006989656774443,3
0.2791327913279133,0.0274248029596268,0.0163345640205674,0
0.902439024390244,0.0014476435579861,0.000672734455488,1
0.4512195121951219,0.0102943541901238,0.0029269499712076,0
0.2520325203252032,0.0110181759691169,0.0041591633438157,3
0.5420054200542005,0.0038603828212964,0.0008043897158187,0
0.7046070460704607,0.0015280682000965,0.0005276881907727,1
0.0311653116531165,0.1376065626507962,0.030369472613365,3
0.0,0.0123049702428824,0.0079376813637701,3
0.0392953929539295,0.0143960109377513,0.004601978729164,3
0.0257452574525745,0.0211516808750201,0.0017999368798312,3
0.0230352303523035,0.0009650957053241,0.0005515785687749,3
0.0311653116531165,0.0004021232105517,0.0002562191404476,3
0.5623306233062331,0.0006433971368827,0.0002477507932018,0
0.0067750677506775,0.0760817114363841,0.0051933688572467,3
0.2886178861788618,0.0053080263792826,0.0019358779500485,0
0.2506775067750677,0.0003216985684413,0.0001777148075454,3
0.0203252032520325,0.0051471770950619,0.0018909199764593,3
0.7222222222222222,0.0031365610423033,0.0010020361211499,1
0.0962059620596205,0.0153611066430754,0.0033999897829046,3
0.0962059620596205,0.0025735885475309,0.003407838494986,3
0.016260162601626,0.1278751809554447,0.0193531167235675,3
0.0718157181571815,0.0106160527585652,0.0035852262728614,3
0.0880758807588075,0.0005629724947723,0.0004704924226881,3
0.0040650406504065,0.0098922309795721,0.0033344117280137,3
0.0013550135501355,0.8909441852983755,0.501596059698681,5
0.1151761517615176,0.0108573266848962,0.0038445091649548,3
0.062330623306233,0.0024127392633102,0.0013504259922906,3
0.08130081300813,0.0014476435579861,0.0002201426042136,3
0.002710027100271,0.0357889657391024,0.0233939469630854,3
0.6395663956639567,0.0011259449895447,0.0004677384886244,1
0.1734417344173441,0.0015280682000965,0.0002496957591343,3
0.5813008130081301,0.0,0.000140037547137,0
0.018970189701897,0.0001608492842206,0.0001736699668894,3
0.3292682926829268,0.0026540131896413,0.0009650301321695,0
0.0149051490514905,0.0073186424320411,0.0033294890708749,3
0.7466124661246613,0.0289528711597233,0.0047393828268527,1
0.6192411924119241,0.006353546726717,0.0023898467683547,0
0.0203252032520325,0.0221167765803442,0.0094553916383401,3
0.1002710027100271,0.000482547852662,0.0004033480677985,3
0.4322493224932249,0.0021714653369792,0.0003575467019023,0
0.018970189701897,0.0067556699372687,0.0027475483790481,3
0.0338753387533875,0.0165674762747305,0.0016340984129353,3
0.0718157181571815,0.0059514235161653,0.0062001038783928,3
0.5040650406504065,0.0,0.000420112641411,0
0.1300813008130081,0.0139134630850892,0.0060590336059819,3
0.8279132791327913,0.000241273926331,0.0006970895598635,1
0.08130081300813,0.0006433971368827,0.0003488029612502,3
0.0799457994579945,0.006112272800386,0.0023420143760865,3
0.3143631436314363,0.0017693421264275,0.0007559204762984,0
0.067750677506775,0.0005629724947723,0.0002980445140394,3
0.2493224932249322,0.0039408074634067,0.0019282874192856,3
0.005420054200542,0.1318159884188515,0.0405891670148098,3
0.6178861788617886,0.0110986006112272,0.0030453863480328,0
0.0284552845528455,0.0048254785266205,0.0056531725733503,3
0.8387533875338753,0.000241273926331,0.0001174724999029,1
0.0067750677506775,0.0024127392633102,0.0008797442366356,3
0.1016260162601626,0.0019301914106482,0.0006019067137883,3
0.0149051490514905,0.0246099404857648,0.0105596847736913,3
0.508130081300813,0.005870998874055,0.0019085107302909,0
0.5284552845528455,0.0019301914106482,0.000434605219421,0
0.0392953929539295,0.0099726556216824,0.0039899340956039,3
0.010840108401084,0.0175325719800546,0.0033948950048868,3
0.1287262872628726,0.0127875180955444,0.0066425233857195,3
0.7086720867208672,0.0015280682000965,0.000255806050338,1
0.4878048780487805,0.009168409200579,0.0041171314251691,0
0.4864498644986449,0.0053080263792826,0.0018967204500809,0
0.005420054200542,0.0172912980537236,0.0041305912779052,3
0.9878048780487804,0.0,0.0002839994503147,1
0.5799457994579946,0.0152002573588547,0.0053082423318771,0
0.0338753387533875,0.0110986006112272,0.000943721567352,3
0.0230352303523035,0.0098922309795721,0.0054516534482421,3
0.1002710027100271,0.0010455203474344,0.0006573296368194,3
0.1463414634146341,0.0034582596107447,0.0005129030072684,3
0.024390243902439,0.0047450538845102,0.0006668651335148,3
0.6463414634146342,0.0021714653369792,0.0010333104848603,1
0.9065040650406504,0.0012867942737654,0.0008051642597741,1
0.0799457994579945,0.020427859096027,0.0092265052934743,3
0.1097560975609756,0.0027344378317516,0.0009329640124158,3
0.6097560975609756,0.0012867942737654,9.635326805224432e-05,0
0.051490514905149,0.006594820653048,0.0033918140411531,3
0.016260162601626,0.0052276017371722,0.0029357625602113,3
0.7466124661246613,0.0022518899790895,0.0003886145205579,1
0.494579945799458,0.0269422551069647,0.0035498382201434,0
0.0094850948509485,0.0124658195271031,0.0121107348625194,3
0.4905149051490515,0.0031365610423033,0.0005266726775867,0
0.0149051490514905,0.0164870516326202,0.1260019500607104,3
0.2669376693766938,0.0257358854753096,0.0043144508008302,3
0.4105691056910569,0.0003216985684413,0.0001450979009789,0
0.0,0.0001608492842206,0.2899763478372942,4
0.0989159891598916,0.017371722695834,0.006201756238831,3
0.5799457994579946,0.0,6.981222851373758e-05,0
0.0149051490514905,0.0015280682000965,0.0006224235225625,3
0.8699186991869918,0.0028148624738619,0.0010945166694251,1
0.5650406504065041,0.0087662859900273,0.0015471429448753,0
0.0013550135501355,8.042464211034261e-05,0.0006196351643231,3
0.2940379403794038,0.0,0.0001313626548365,0
0.0501355013550135,0.0013672189158758,0.000626898665416,3
0.05420054200542,0.0072382177899308,0.0020095112620756,3
0.0311653116531165,0.0012063696316551,0.0005520949314118,3
0.9051490514905148,0.0008042464211034,0.0002321910657421,1
0.0691056910569105,0.0032169856844137,0.0018058062018044,3
0.018970189701897,0.015039408074634,0.0012551915099517,3
0.7046070460704607,0.0027344378317516,0.0013853665307233,1
0.7181571815718157,0.0045842046002895,0.0030643368568083,1
0.3929539295392953,0.0013672189158758,0.0007296376180783,0
0.1097560975609756,0.0003216985684413,0.0001303815658263,3
0.2899728997289973,0.0039408074634067,0.0012093212957039,0
0.4173441734417344,0.0017693421264275,0.0006563313357213,0
0.0,0.0255750361910889,0.0020659324862048,3
0.1192411924119241,0.0199453112433649,0.0077507408771114,3
0.3604336043360434,0.000482547852662,0.0003049121371106,0
0.5420054200542005,0.000241273926331,0.0001062330065056,0
0.575880758807588,0.006112272800386,0.0005670005995314,0
0.005420054200542,0.011983271674441,0.0016442019085313,3
0.2398373983739837,0.0014476435579861,0.0006083268225742,3
0.067750677506775,0.0010455203474344,0.0026198174747581,3
0.1138211382113821,0.0003216985684413,0.0007221847840185,3
0.005420054200542,0.037799581791861,0.006697894672487,3
0.0311653116531165,0.0207495576644683,0.0029732676997407,3
0.013550135501355,0.0547691812771433,0.1102207030297956,3
0.1531165311653116,0.0136721891587582,0.0083888446117489,3
0.1097560975609756,0.0023323146211999,0.0010371315683737,3
0.0989159891598916,0.0047450538845102,0.0007033375477704,3
0.1869918699186991,0.0185780923274891,0.0067384463515743,3
0.4146341463414634,0.0620073990670741,0.0295707973107283,0
0.0013550135501355,0.0015280682000965,0.0011028817441435,3
0.0284552845528455,0.0505870998874055,0.0049342580860323,3
0.3794037940379404,0.0053884510213929,0.0010563918947314,0
0.7642276422764228,0.0008042464211034,0.000376135756832,1
0.9959349593495936,0.000241273926331,0.0003991483183514,1
0.010840108401084,0.0714170821939842,0.0149950849161798,3
0.5176151761517616,0.0022518899790895,0.0011687351924407,0
0.0420054200542005,0.0315264597072543,0.012256572883278,3
0.0582655826558265,0.0031365610423033,0.0003874785227567,3
0.8401084010840109,0.0032169856844137,0.0004450185325992,1
0.032520325203252,0.0010455203474344,0.0003679600150805,3
0.05420054200542,0.0213125301592407,0.008381254080986,3
0.0474254742547425,0.0110181759691169,0.0012606305297274,3
0.1043360433604336,0.0102943541901238,0.0056445665294014,3
0.010840108401084,0.014556860221972,0.0056674758183934,3
0.032520325203252,0.0067556699372687,0.0067848329284591,3
0.0582655826558265,0.0016084928422068,0.0005580847380003,3
0.3170731707317073,0.0125462441692134,0.0041737075580894,0
0.489159891598916,0.0033778349686343,0.0009279725069254,0
0.2682926829268293,0.0029757117580826,0.0019678063730991,3
0.1192411924119241,0.000482547852662,0.0005319395764834,3
0.0121951219512195,0.0111790252533376,0.0073858101895009,3
0.3861788617886179,0.000723821778993,0.0002496613349585,0
0.5853658536585366,0.0010455203474344,0.0004210076699817,0
0.2249322493224932,0.0003216985684413,0.0001638590767876,3
0.0040650406504065,0.1220846067235,0.336738475267882,4
0.5474254742547425,0.0143155862956409,0.0019583913610189,0
0.029810298102981,0.0080424642110342,0.0031921021852742,3
0.6029810298102981,0.0020106160527585,0.0004007834667017,0
0.4227642276422764,0.000723821778993,0.000305514560187,0
0.005420054200542,0.0033778349686343,0.0010909537672303,3
0.0989159891598916,0.0065143960109377,0.0028824911481674,3
0.1815718157181571,0.0118224223902203,0.0079362183362988,3
0.2560975609756097,0.0023323146211999,0.0011357224078526,3
0.0257452574525745,0.0047450538845102,0.0007139574060034,3
0.2682926829268293,0.005870998874055,0.0018931747599739,3
0.018970189701897,0.0023323146211999,0.0041301609757078,3
0.0691056910569105,0.0023323146211999,0.0001907099339083,3
0.3739837398373983,0.0010455203474344,0.0003390781315879,0
0.0257452574525745,0.0067556699372687,0.001684529830476,3
0.1869918699186991,0.0019301914106482,0.0010544125046231,3
0.021680216802168,0.0068360945793791,0.0013355891725226,3
0.8387533875338753,0.0032169856844137,0.0002700060228537,1
0.8441734417344173,0.020669133022358,0.0029264680327464,1
0.2777777777777778,0.0010455203474344,0.000517515846825,0
0.2330623306233062,0.0015280682000965,0.0009173010124287,3
0.0067750677506775,0.0062731220846067,0.0023886763463777,3
0.6802168021680217,8.042464211034261e-05,0.0002637580349468,1
0.0772357723577235,0.0291941450860543,0.0104712146418963,3
0.0392953929539295,0.0133504905903168,0.0067609941867205,3
0.0609756097560975,0.0275856522438475,0.0205555703962002,3
0.3712737127371274,0.0014476435579861,0.0005343836929649,0
0.2669376693766938,0.0046646292423998,0.0019959309247242,3
0.2344173441734417,0.000482547852662,0.0003303688151116,3
0.0420054200542005,0.0027344378317516,0.0012106294143841,3
0.035230352303523,0.055171304487695,0.0241988014052774,3
0.991869918699187,0.0012063696316551,0.0003604383326691,1
0.7398373983739838,0.0069165192214894,0.0027113513581989,1
0.0609756097560975,0.0036995335370757,0.0012883247791551,3
0.4200542005420054,0.0016084928422068,0.0006011665940087,0
0.0772357723577235,0.0093292584847997,0.0039657166879316,3
0.9986449864498644,0.003297410326524,0.0002147724327895,1
0.8102981029810298,0.0028148624738619,0.0003078381920533,1
0.1300813008130081,0.006112272800386,0.0019777033236404,3
0.0582655826558265,0.0076403410004825,0.0009350983113151,3
0.8631436314363143,0.0009650957053241,0.0001909681152268,1
0.062330623306233,0.0038603828212964,0.0024977493473864,3
0.0718157181571815,0.0136721891587582,0.0019675137676048,3
0.5094850948509485,0.0180151198327167,0.0023673333573843,0
0.5447154471544715,0.0041820813897378,0.0008648902047797,0
0.032520325203252,0.009168409200579,0.000911018600346,3
0.2330623306233062,0.0068360945793791,0.0011991317396684,3
0.0447154471544715,0.0022518899790895,0.0008585389443454,3
0.3807588075880759,0.0009650957053241,0.000442522779854,0
0.2953929539295393,0.0013672189158758,0.0018790436358098,0
0.4498644986449864,0.0004021232105517,0.0002329656096975,0
0.005420054200542,0.046244169213447,0.0240983860844813,3
0.3644986449864498,0.0016889174843171,0.0005914417643464,0
0.4959349593495935,0.0008042464211034,0.0002987157854674,0
0.2520325203252032,0.0087662859900273,0.0030725814469114,3
0.3550135501355013,0.003056136400193,0.0014104445427904,0
0.086720867208672,0.0043429306739585,0.0014602735372548,3
0.056910569105691,0.006353546726717,0.0031358702941118,3
0.5745257452574526,0.005870998874055,0.0004617658941239,0
0.0447154471544715,0.0127070934534341,0.0008400531619431,3
0.1056910569105691,0.000241273926331,0.0001522925537203,3
0.4200542005420054,0.0005629724947723,0.0002657718492309,0
0.551490514905149,0.0004021232105517,0.0001633771383265,0
0.5894308943089431,0.0025735885475309,0.0016864403722327,0
0.062330623306233,0.0054688756635032,0.0040007088626279,3
0.2398373983739837,0.0032169856844137,0.0011758782089183,3
0.051490514905149,0.0024127392633102,0.0008540810135799,3
0.535230352303523,0.000723821778993,4.191143403129956e-05,0
0.018970189701897,0.0016889174843171,0.0005476370006463,3
0.2100271002710027,0.0001608492842206,0.0002740164393339,3
0.0013550135501355,0.0501849766768537,0.0088026576289894,3
0.2710027100271002,0.0041820813897378,0.0014653855273604,0
0.0921409214092141,0.0090075599163583,0.0084672284600358,3
0.575880758807588,0.0023323146211999,0.0002753934063658,0
0.508130081300813,0.0033778349686343,0.0016348385327149,0
0.55420054200542,0.0014476435579861,0.0006210981917944,0
0.032520325203252,0.0211516808750201,0.0040151325922863,3
0.7059620596205962,0.0018497667685378,0.0008926705146469,1
0.8834688346883469,0.0005629724947723,0.000491577230363,1
0.1097560975609756,0.0156828052115168,0.0083275179425689,3
0.8021680216802168,0.0006433971368827,0.0002228621141015,1
0.05420054200542,0.0028952871159723,0.000682166679656,3
0.021680216802168,0.0071577931478204,0.002779597286714,3
0.040650406504065,0.0109377513270065,0.0082805977909593,3
0.1273712737127371,0.0213929548013511,0.005266640715428,3
0.086720867208672,0.0012063696316551,0.000300127176675,3
0.021680216802168,0.0080424642110342,0.0026180274176167,3
0.1463414634146341,0.0054688756635032,0.0063983354947125,3
0.059620596205962,0.0115811484638893,0.0011992694363715,3
0.018970189701897,0.0381212803603024,0.0300647670213091,3
0.035230352303523,0.0065143960109377,0.0006839223126216,3
0.7317073170731707,0.0026540131896413,0.0003994064996699,1
0.5284552845528455,8.042464211034261e-05,0.0001301233845078,0
0.9878048780487804,0.0006433971368827,0.0005981889028023,1
0.6260162601626016,0.0004021232105517,0.000515329911662,0
0.1151761517615176,0.0012063696316551,0.0013569665856918,3
0.0284552845528455,0.0164066269905098,0.0062626698179016,3
0.1192411924119241,0.0039408074634067,0.0016453723305084,3
0.1138211382113821,0.0018497667685378,0.0006385856730986,3
0.573170731707317,0.0014476435579861,0.0008159046026224,0
0.0013550135501355,0.0518738941611709,0.0196556363804603,3
0.592140921409214,0.0029757117580826,0.0012831611527857,0
0.018970189701897,0.0346630207495576,0.0032699352467483,3
0.0989159891598916,0.0082837381373652,0.001985517611546,3
0.0040650406504065,0.0131092166639858,0.0060986902564986,3
0.5799457994579946,0.0008846710632137,0.0003735539436473,0
0.6978319783197832,0.0010455203474344,0.0004663098853289,1
0.0948509485094851,0.0023323146211999,0.0010647225452739,3
0.5176151761517616,0.0242078172752131,0.0016295027854666,0
0.2195121951219512,0.0073186424320411,0.0057488889941503,3
0.0094850948509485,0.0457616213607849,0.0077945628528994,3
0.08130081300813,0.0080424642110342,0.0018229666534386,3
0.7303523035230353,0.0009650957053241,0.0004198028238289,1
0.0718157181571815,0.0036995335370757,0.0016168519008616,3
0.2710027100271002,0.0009650957053241,0.0016680578623578,0
0.0582655826558265,0.0083641627794756,0.0046695878104268,3
0.0284552845528455,0.0171304487695029,0.0012981356692569,3
0.9173441734417344,0.0045842046002895,0.0004783755589453,1
0.086720867208672,0.0020106160527585,0.0014304277768399,3
0.494579945799458,0.0024931639054206,0.0011465488111404,0
0.8441734417344173,0.000723821778993,0.0003020721426075,1
0.6504065040650406,0.0008846710632137,0.0006196351643231,1
0.6639566395663956,0.0031365610423033,0.0013057434121077,1
0.0040650406504065,0.0054688756635032,0.0012479968572104,3
0.0691056910569105,0.0022518899790895,0.0009638252860167,3
0.1395663956639566,0.0021714653369792,0.0007178473378683,3
0.5528455284552846,0.0031365610423033,0.0021907545476401,0
0.2398373983739837,0.0012063696316551,0.0006279486027777,3
0.048780487804878,0.0622486729934051,0.0097295457743773,3
0.573170731707317,0.0005629724947723,0.0002128446789449,0
0.0501355013550135,0.0125462441692134,0.0048523801839022,3
0.0609756097560975,0.0052276017371722,0.0011200766199535,3
0.0067750677506775,0.0819527103104391,0.0153588623939012,3
0.08130081300813,0.0041016567476274,0.0003458252700438,3
0.6761517615176151,0.0034582596107447,0.0013217334417648,1
0.7831978319783198,0.0010455203474344,0.000369560739255,1
0.4403794037940379,0.0,0.000757331867506,0
0.3252032520325203,0.0028148624738619,0.001556282563549,0
0.8021680216802168,0.0001608492842206,8.688661970841896e-05,1
0.0067750677506775,0.0106964774006755,0.0039726531593544,3
0.078590785907859,0.0025735885475309,0.0010673732068102,3
0.0392953929539295,0.026057584043751,0.0116248548332506,3
0.1544715447154471,0.0071577931478204,0.0027331762856534,3
0.067750677506775,0.0034582596107447,0.0021747817300709,3
0.3739837398373983,0.0014476435579861,0.0004085461183437,0
0.2384823848238482,0.0090879845584687,0.0014405656966117,3
0.08130081300813,0.0080424642110342,0.0027186664955555,3
0.0067750677506775,0.0225188997908959,0.0040898846900268,3
0.1612466124661246,0.0005629724947723,0.000269799477799,3
0.2411924119241192,0.0126266688113237,0.0025943091604934,3
0.2113821138211382,0.0059514235161653,0.0050794764716266,3
0.0691056910569105,0.0012063696316551,0.0005297536413204,3
0.2953929539295393,0.0003216985684413,0.0001169561372659,0
0.0040650406504065,0.0074794917162618,0.003027485776619,3
0.0040650406504065,0.0191410648222615,0.0124800718446318,3
0.0907859078590785,0.0050667524529515,0.0020829896653116,3
0.2289972899728997,0.0042625060318481,0.0015148874921547,3
0.9200542005420054,0.0041820813897378,0.0010027934530174,1
0.5650406504065041,0.008927135274248,0.0015163333075381,0
0.018970189701897,0.0027344378317516,0.0009904868101704,3
0.1151761517615176,0.0113398745375583,0.0039402427978427,3
0.1016260162601626,0.0041820813897378,0.0003116936997424,3
0.7344173441734417,0.0054688756635032,0.0016103973678999,1
0.0528455284552845,0.0026540131896413,0.0008943572992609,3
0.556910569105691,0.0020910406948689,0.0007196029708339,0
0.005420054200542,0.0118224223902203,0.0042146206910226,3
0.0311653116531165,0.0067556699372687,0.0025238084484638,3
0.3238482384823848,0.0015280682000965,0.0005261391028619,0
0.8252032520325203,0.0014476435579861,0.0006420280906782,1
0.5975609756097561,0.0017693421264275,0.0010479751837493,0
0.532520325203252,0.0039408074634067,0.0014522527042944,0
0.067750677506775,0.0276660768859578,0.0118929847385235,3
0.013550135501355,0.0022518899790895,0.0020861911136606,3
0.005420054200542,0.0048254785266205,0.0016771802689436,3
0.024390243902439,0.0139938877271996,0.0076227001552392,3
0.056910569105691,0.0133504905903168,0.0048911934421118,3
0.1991869918699187,0.0036995335370757,0.0018304366995862,3
0.508130081300813,0.0016084928422068,0.0005179633611104,0
0.0501355013550135,0.0069165192214894,0.0003640184469519,3
0.040650406504065,0.0066752452951584,0.0008627386937925,3
0.0040650406504065,0.0025735885475309,0.0049372529893265,3
0.05420054200542,0.0212321055171304,0.0069859561755456,3
0.0121951219512195,0.0382017050024127,0.0053763161395131,3
0.037940379403794,0.0143960109377513,0.0080822112658485,3
0.032520325203252,0.0027344378317516,0.0008856651948725,3
0.1056910569105691,0.0014476435579861,0.0005907360687426,3
0.1002710027100271,0.0048254785266205,0.0015960424865931,3
0.2303523035230352,0.0005629724947723,0.0002336540932135,3
0.0392953929539295,0.003056136400193,0.0004373763655726,3
0.3428184281842818,0.0028952871159723,0.0004445021699623,0
0.1531165311653116,0.0008846710632137,0.0048556676926907,3
0.4024390243902439,0.0020106160527585,0.004905152445397,0
0.0094850948509485,0.0854913945632941,0.0223300333859426,3
0.0609756097560975,0.0108573266848962,0.0072358412676468,3
0.040650406504065,0.0056297249477239,0.0036392033805091,3
0.9051490514905148,0.0004021232105517,0.0001606748405265,1
0.018970189701897,0.0049863278108412,0.0019318503214804,3
0.5853658536585366,0.0010455203474344,0.0004142605315257,0
0.6138211382113821,0.0020106160527585,0.0015334937591723,0
0.3197831978319783,0.0029757117580826,0.001085101657345,0
0.9322493224932248,0.0020106160527585,0.0002876139887733,1
0.505420054200542,0.0105356281164548,0.0010090414409243,0
0.0284552845528455,0.0025735885475309,0.0015808270008914,3
0.3062330623306233,0.0047450538845102,0.0008807081135579,0
0.0094850948509485,0.0033778349686343,0.0020180484576729,3
0.8279132791327913,0.000482547852662,0.0003604211205812,1
0.513550135501355,0.0041820813897378,0.0005018356347501,0
0.0718157181571815,0.0240469679909924,0.0123290185612401,3
0.0718157181571815,0.0026540131896413,0.0023788310321001,3
0.0636856368563685,0.0037799581791861,0.00079103313561,3
0.2276422764227642,0.0042625060318481,0.0019656720741997,3
0.005420054200542,0.0343413221811162,0.0134390433218613,3
0.0257452574525745,0.0422229371079298,0.0138153511995723,3
0.1056910569105691,0.0011259449895447,0.0005297192171446,3
0.013550135501355,0.0017693421264275,0.0006628375049467,3
0.1056910569105691,0.0022518899790895,0.0007580547751977,3
0.089430894308943,0.0040212321055171,0.001720262124952,3
0.1964769647696476,0.0004021232105517,0.0002862370217414,3
0.2574525745257452,0.0082033134952549,0.0036442637343511,3
0.0528455284552845,0.0140743123693099,0.0059246588357633,3
0.08130081300813,0.0028952871159723,0.002323063867311,3
0.043360433604336,0.0675566993726878,0.0279684207757887,3
0.013550135501355,0.0012063696316551,0.0006577427269289,3
0.5704607046070461,0.0187389416117098,0.0018583202819808,0
0.8157181571815718,0.0013672189158758,0.0007413074136731,1
0.067750677506775,0.0164870516326202,0.0099462287489235,3
0.2764227642276423,0.0146372848640823,0.0092377619989595,0
0.0528455284552845,0.003297410326524,0.0011194914089649,3
0.6233062330623306,8.042464211034261e-05,0.0007396034169712,0
0.521680216802168,0.0005629724947723,0.0001736871789773,0
0.032520325203252,0.012224545600772,0.0012723519615859,3
0.8550135501355014,0.0037799581791861,0.0012476870396282,1
0.5501355013550135,0.000241273926331,0.0001396760932911,0
0.4959349593495935,0.0,0.0010155131859739,0
0.7655826558265583,0.0018497667685378,0.0007661960927734,1
0.05420054200542,0.0520347434453916,0.0074826281839264,3
0.010840108401084,0.0057101495898343,0.001004204844225,3
0.037940379403794,0.0205082837381373,0.0115717383299978,3
0.8956639566395664,0.0008846710632137,0.0004883585699261,1
0.5826558265582655,0.0073186424320411,0.0033080083851784,0
0.0420054200542005,0.000241273926331,0.0013384119549379,3
0.5894308943089431,0.0055493003056136,0.0013399438307608,0
0.3821138211382114,0.0027344378317516,0.003489406579534,0
0.6287262872628726,0.0008042464211034,0.0003204030162187,0
0.4376693766937669,0.0055493003056136,0.0021633873278825,0
0.0989159891598916,0.0052276017371722,0.0022585873860456,3
0.1449864498644986,0.00940968312691,0.0039495717494834,3
0.3238482384823848,0.0009650957053241,0.0003080275250201,0
0.070460704607046,0.0078816149268135,0.0013843682296252,3
0.7777777777777778,0.0126266688113237,0.0039684017736436,1
0.0,0.0443139778027987,0.0176794305084671,3
0.6300813008130082,0.0012867942737654,0.0003142755129271,0
0.062330623306233,0.0080424642110342,0.0012389432989761,3
0.1097560975609756,0.0057905742319446,0.0021221471652792,3
0.0121951219512195,0.0184172430432684,0.0349827768963658,3
0.5230352303523035,0.0056297249477239,0.0023430471013604,0
0.0013550135501355,0.0306417886440405,0.00618440645423,3
0.1233062330623306,0.0068360945793791,0.0034389751619932,3
0.5826558265582655,0.0053884510213929,0.0008444250322692,0
0.1937669376693767,0.0001608492842206,0.0001549087910807,3
0.021680216802168,0.020669133022358,0.0074330057345169,3
0.3915989159891599,0.0056297249477239,0.0023088122585316,0
0.037940379403794,0.0027344378317516,0.0011350683485125,3
0.4024390243902439,0.0003216985684413,0.0001535318240489,0
0.1138211382113821,0.0013672189158758,0.0012806137637768,3
0.4593495934959349,0.0025735885475309,0.0022506181893489,0
0.1747967479674796,0.000723821778993,0.0001916565987427,3
0.067750677506775,0.0314460350651439,0.0094862873361168,3
0.0230352303523035,0.0096509570532411,0.0149011757646091,3
0.5609756097560976,0.0022518899790895,0.0003541387084985,0
0.021680216802168,0.0047450538845102,0.0007829090301222,3
0.7615176151761518,0.003056136400193,0.0010653593925262,1
0.1720867208672086,0.0045037799581791,0.0017377323941683,3
0.0718157181571815,0.0279073508122888,0.0113251751708609,3
0.7804878048780488,0.0010455203474344,0.0003607137260755,1
0.516260162601626,0.000723821778993,0.0006041270731271,0
0.1422764227642276,0.0249316390542062,0.0092008076462428,3
0.013550135501355,0.0184172430432684,0.0077084852013222,3
0.005420054200542,0.014798134148303,0.0018626749402189,3
0.059620596205962,0.0028148624738619,0.0004597865040156,3
0.1355013550135501,0.0049863278108412,0.0021759349399601,3
0.5447154471544715,0.0019301914106482,0.0004349150370032,0
0.0501355013550135,0.0013672189158758,0.0001953227734649,3
0.97289972899729,0.0008846710632137,0.0005540226852564,1
0.3048780487804878,0.0029757117580826,0.0003686484985964,0
0.2588075880758808,0.0009650957053241,0.0007625987664027,3
0.0311653116531165,0.0080424642110342,0.0015812917272646,3
0.5894308943089431,0.0013672189158758,0.0007459030411418,0
0.5311653116531165,0.000723821778993,0.0016226695865711,0
0.0636856368563685,0.0825961074473218,0.0084013405875628,3
0.018970189701897,0.0120636963165513,0.0018318136666181,3
0.8116531165311653,0.0004021232105517,5.189444501206085e-05,1
0.0420054200542005,0.0097313816953514,0.0016796760216888,3
0.0420054200542005,0.0116615731059996,0.0015856635975907,3
0.1151761517615176,0.0028952871159723,0.00112436242984,3
0.8414634146341463,0.0026540131896413,0.0002375096009026,1
0.043360433604336,0.037799581791861,0.0109367327711819,3
0.0284552845528455,0.0071577931478204,0.000669860036809,3
0.0040650406504065,0.0284703233070612,0.0068413746372036,3
0.067750677506775,0.000482547852662,0.0003008672964546,3
0.2940379403794038,0.0023323146211999,0.0004346396435968,0
0.1626016260162601,0.0082837381373652,0.0008615338476396,3
0.0853658536585365,0.0008042464211034,0.0002527939349559,3
0.0230352303523035,0.0163262023483995,0.0082173433679346,3
0.2289972899728997,0.0025735885475309,0.0009327230431852,3
0.8780487804878049,0.003297410326524,0.0002931218569006,1
0.5067750677506775,0.0084445874215859,0.0034627622674681,0
0.6775067750677507,0.0001608492842206,0.0001006907142025,1
0.0067750677506775,0.0761621360784944,0.008661501296139,3
0.0311653116531165,0.003297410326524,0.0014275877823367,3
0.1571815718157181,0.0033778349686343,0.0013767949109501,3
0.5365853658536586,0.0042625060318481,0.0003662388062907,0
0.1287262872628726,0.0221972012224545,0.0025081282363888,3
0.0447154471544715,0.0013672189158758,0.0005687734445849,3
0.2113821138211382,0.04930030561364,0.0084505499468628,3
0.2804878048780488,0.0079620395689239,0.0027107833592983,0
0.983739837398374,0.0013672189158758,0.0003930208150598,1
0.0718157181571815,0.0003216985684413,0.000188231393251,3
0.8563685636856369,0.0039408074634067,0.0014084479405943,1
0.1246612466124661,0.0004021232105517,0.0015102574405102,3
0.3184281842818428,0.000723821778993,0.0766528286069858,0
0.0013550135501355,0.0072382177899308,0.0082225242063919,3
0.6802168021680217,0.0036995335370757,0.0003400592205981,1
0.5474254742547425,0.0003216985684413,0.0020520251191833,0
0.1571815718157181,0.0068360945793791,0.0006005469588443,3
0.2317073170731707,0.000723821778993,0.000327941910718,3
0.4498644986449864,0.000241273926331,0.00040276285681,0
0.3224932249322493,0.0082033134952549,0.003408681887293,0
0.0067750677506775,0.0119028470323307,0.0076547834870808,3
0.2222222222222222,0.0,8.77816482791079e-05,3
0.059620596205962,0.0075599163583722,0.0010739138002114,3
0.2140921409214092,0.0036191088949654,0.0014499807086918,3
0.3644986449864498,0.0039408074634067,0.0004883585699261,0
0.3197831978319783,0.0251729129805372,0.0066193903395848,0
0.7750677506775068,0.0097313816953514,0.0010517962672626,1
0.5813008130081301,0.0003216985684413,0.000112394933973,0
0.0691056910569105,0.0020910406948689,0.0010641717584612,3
0.0474254742547425,0.000482547852662,0.000123341821876,3
0.2018970189701897,0.0104552034743445,0.0034077696466344,3
0.0121951219512195,0.0015280682000965,0.0006460557192463,3
0.040650406504065,0.0051471770950619,0.0035359824893856,3
0.7520325203252033,0.0036995335370757,0.0010259953475037,1
0.0880758807588075,0.0025735885475309,0.0001614838086577,3
0.0013550135501355,0.0225993244330062,0.005334542402185,3
0.032520325203252,0.0037799581791861,0.0008103450982314,3
0.1165311653116531,0.0052276017371722,0.0054544073823058,3
0.0962059620596205,0.0322502814862473,0.003966663352766,3
0.0013550135501355,0.0991635837220524,0.0206202362104325,3
0.6449864498644986,0.0026540131896413,0.0003853097996815,1
0.0474254742547425,0.020910406948689,0.0095769606151627,3
0.005420054200542,0.0052276017371722,0.0015634600042025,3
0.029810298102981,0.0482547852662055,0.0274652770223583,3
0.024390243902439,0.0130287920218755,0.0058580480555986,3
0.002710027100271,0.0184172430432684,0.0078253208539729,3
0.067750677506775,0.0165674762747305,0.011807802115517,3
0.010840108401084,0.0418208138973781,0.015883004894567,3
0.051490514905149,0.0360302396654334,0.00342672015541,3
0.6368563685636857,0.0013672189158758,0.0010712115024114,0
0.1097560975609756,0.0041820813897378,0.0075161401190635,3
0.2425474254742547,0.0008846710632137,0.0004066527886749,3
0.1327913279132791,0.0016084928422068,0.0001984725855502,3
0.9254742547425474,0.0029757117580826,0.0003496463535572,1
0.7032520325203252,0.0034582596107447,0.0006479662610029,1
0.3807588075880759,0.0022518899790895,0.0006835780708636,0
0.9905149051490516,0.0024127392633102,0.0007452145576259,1
0.5813008130081301,0.0059514235161653,0.0020567068070916,0
0.0718157181571815,0.0010455203474344,0.0004429014457878,3
0.513550135501355,0.0027344378317516,0.0021128526378144,0
0.924119241192412,0.0,0.0001334281053842,1
0.0094850948509485,0.0160045037799581,0.0105235221770179,3
0.0149051490514905,0.0126266688113237,0.0015500001514663,3
0.5989159891598916,0.0008042464211034,0.0006072424610366,0
0.002710027100271,0.0246099404857648,0.0094720701515131,3
0.5094850948509485,0.0072382177899308,0.0006605655093442,0
0.0149051490514905,0.0025735885475309,0.0011235018254451,3
0.5853658536585366,0.0104552034743445,0.0018541549567095,0
0.0392953929539295,0.061283577288081,0.0146265224780229,3
0.0880758807588075,0.0037799581791861,0.0015698801129884,3
0.2899728997289973,0.0027344378317516,0.0016310346612895,0
0.010840108401084,0.0151198327167444,0.0065075634045124,3
0.537940379403794,0.0012063696316551,0.0005840749907261,0
0.0311653116531165,0.0076403410004825,0.0011914551484659,3
0.078590785907859,0.0008846710632137,0.000263551489892,3
0.005420054200542,0.041096992118385,0.0251595801517362,3
0.6449864498644986,0.0014476435579861,0.0007607742850856,1
0.5338753387533876,0.0040212321055171,0.001470170487796,0
0.0528455284552845,0.0123049702428824,0.0050927642034837,3
0.0853658536585365,0.0191410648222615,0.0032563721214848,3
0.7994579945799458,0.0009650957053241,0.0002766843129581,1
0.016260162601626,0.029596268296606,0.0070165076315643,3
0.0149051490514905,0.023966543348882,0.0105445553484291,3
0.010840108401084,0.020910406948689,0.0106511498087805,3
0.1300813008130081,0.0036995335370757,0.0005486525138323,3
0.2520325203252032,0.0282290493807302,0.0036978105398013,3
0.4105691056910569,0.0116615731059996,0.001481977980094,0
0.0121951219512195,0.0240469679909924,0.0090601504639415,3
0.518970189701897,0.0009650957053241,0.0003827968348485,0
0.1815718157181571,0.0,0.0004213519117397,3
0.5257452574525745,0.0016889174843171,0.0005457608830654,0
0.013550135501355,0.0076403410004825,0.0006209260709154,3
0.086720867208672,0.0016889174843171,0.0005093573171614,3
0.005420054200542,0.0073186424320411,0.0067802545130782,3
0.018970189701897,0.0014476435579861,0.0006170361390505,3
0.0989159891598916,0.0036995335370757,0.0013595656109644,3
0.0121951219512195,0.0181759691169374,0.0090996866298428,3
0.0094850948509485,0.0069969438635998,0.0040290743834836,3
0.029810298102981,0.0084445874215859,0.0012664998517006,3
0.483739837398374,0.0006433971368827,0.0005449002786705,0
0.0013550135501355,0.0043429306739585,0.0016549250392917,3
0.3807588075880759,0.041096992118385,0.0140330841114803,0
0.0013550135501355,0.038282129644523,0.0048050813663588,3
0.3536585365853658,0.0010455203474344,0.0026542416505538,0
0.2330623306233062,0.006353546726717,0.0024918628133254,3
0.2723577235772357,0.0004021232105517,0.0002463049778184,0
0.0040650406504065,0.0238056940646614,0.003585966392641,3
0.0447154471544715,0.0019301914106482,0.001134982288073,3
0.6084010840108401,0.0043429306739585,0.0004982555204673,0
0.0013550135501355,0.0550104552034743,0.0603429295083759,3
0.6233062330623306,0.0103747788322341,0.0023760254617727,0
0.7696476964769647,0.0027344378317516,0.0004885651149808,1
0.2113821138211382,0.0241273926331027,0.0024571976682991,3
0.016260162601626,0.0320090075599163,0.0036209241431616,3
0.3902439024390244,0.0023323146211999,0.0009545823948155,0
0.005420054200542,0.0576644683931156,0.2532634290775229,4
0.0582655826558265,0.0016084928422068,0.0009165264684733,3
0.086720867208672,0.0129483673797651,0.0059979479060324,3
0.537940379403794,0.0012867942737654,0.0003012115382126,0
0.7235772357723578,0.0003216985684413,0.0001919147800611,1
0.0013550135501355,0.0139134630850892,0.0056775621019016,3
0.8672086720867209,0.0009650957053241,0.000502179876508,1
0.6829268292682927,0.0049059031687308,0.0003788896908956,1
0.1395663956639566,0.0247707897699855,0.0036467594870963,3
0.037940379403794,0.0193823387485925,0.0094061478548643,3
0.0420054200542005,0.0027344378317516,0.0009416044805405,3
0.0257452574525745,0.0033778349686343,0.0013066900769421,3
0.1653116531165311,0.0164066269905098,0.0039472997538809,3
0.021680216802168,0.075357889657391,0.0137616839095068,3
0.5501355013550135,0.0004021232105517,0.0001740142086474,0
0.0311653116531165,0.0020910406948689,0.0009718289068892,3
0.556910569105691,0.0072382177899308,0.0006961428950291,0
0.3983739837398374,0.0012867942737654,0.0005362425984579,0
0.037940379403794,0.0004021232105517,0.0029127499986918,3
0.5447154471544715,0.0005629724947723,0.0003915233634127,0
0.4471544715447154,0.0022518899790895,0.0008483493883099,0
0.55420054200542,0.0032169856844137,0.001207617299002,0
0.559620596205962,0.0006433971368827,0.0003041203810673,0
0.024390243902439,0.0297571175808267,0.0057690615611666,3
0.9823848238482384,0.0012867942737654,0.000270797778897,1
0.532520325203252,0.0043429306739585,0.0018809541775665,0
0.551490514905149,0.0083641627794756,0.0027475483790481,0
0.7791327913279132,0.0004021232105517,0.0024741171507027,1
0.5121951219512195,0.0049863278108412,0.0007767815268306,0
0.0013550135501355,0.0862152163422872,0.0347745794811533,3
0.3238482384823848,0.0070773685057101,0.0021949715091751,0
0.1910569105691057,0.005870998874055,0.0025543943286583,3
0.0311653116531165,0.0100530802637928,0.0015259720767609,3
0.0826558265582655,0.0053884510213929,0.0016512760766574,3
0.1192411924119241,0.009168409200579,0.0112630395335496,3
0.6504065040650406,0.0008846710632137,0.0003242757359957,1
0.0203252032520325,0.0193019141064822,0.0127959997179971,3
0.021680216802168,0.0047450538845102,0.000705093180736,3
0.067750677506775,0.0428663342448126,0.017768089973229,3
0.0799457994579945,0.026540131896413,0.0132169557517152,3
0.0338753387533875,0.006112272800386,0.0006112012412531,3
0.059620596205962,0.0011259449895447,0.0001074550647463,3
0.5257452574525745,0.0010455203474344,0.0005055878699118,0
0.0989159891598916,0.0016084928422068,0.0014043342515867,3
0.2466124661246612,0.0026540131896413,0.0007040432433742,3
0.3062330623306233,0.0003216985684413,0.0034389751619932,0
0.518970189701897,0.0028952871159723,0.0002534824184718,0
0.035230352303523,0.0663503297410326,0.0052973642923256,3
0.029810298102981,0.0094901077690204,0.0027694249427663,3
0.051490514905149,0.0027344378317516,0.0011914035122022,3
0.056910569105691,0.0278269261701785,0.0112179610753451,3
0.3902439024390244,0.0006433971368827,0.0005099081039742,0
0.1178861788617886,0.011983271674441,0.0069032520931964,3
0.1178861788617886,0.0037799581791861,0.0014966082548071,3
0.0121951219512195,0.0074794917162618,0.005158944681451,3
0.5420054200542005,0.000723821778993,0.0002847739942701,0
0.0338753387533875,0.0134309152324272,0.0060057794060259,3
0.016260162601626,0.0090879845584687,0.0005199771753944,3
0.0772357723577235,0.0223580505066752,0.0087460298598054,3
0.4322493224932249,0.0003216985684413,0.0004203191864658,0
0.991869918699187,0.0008846710632137,0.0005381359281267,1
0.024390243902439,0.0161653530641788,0.0059136603115966,3
0.0230352303523035,0.0013672189158758,0.0005329723017573,3
0.592140921409214,0.006353546726717,0.0024177475628372,0
0.005420054200542,0.0160045037799581,0.0062245966794715,3
0.8075880758807588,0.000482547852662,0.0002247898679461,1
0.0311653116531165,0.0280682000965095,0.011469584588324,3
0.1707317073170731,0.0102943541901238,0.0126263573796758,3
0.0975609756097561,0.0060318481582756,0.0021787405102874,3
0.0149051490514905,0.0086054367058066,0.0011322283540094,3
0.05420054200542,0.0025735885475309,0.0011778920232024,3
0.0392953929539295,0.0010455203474344,0.0004768608952103,3
0.2289972899728997,0.0031365610423033,0.0011549483100345,3
0.0257452574525745,0.015280682000965,0.0012100442033956,3
0.1463414634146341,0.0008846710632137,0.0004149662271296,3
0.2018970189701897,0.0005629724947723,0.0002751352250473,3
0.8956639566395664,0.0013672189158758,0.0005893418896228,1
1.0,0.0034582596107447,0.0020344687895275,1
0.0474254742547425,0.0028952871159723,0.0009696773959019,3
0.0040650406504065,0.0144764355798616,0.001212677652844,3
0.0,0.3462280842850249,0.1978812126342783,4
0.040650406504065,0.0146372848640823,0.0031209129897286,3
0.524390243902439,0.000482547852662,0.0002957208821732,0
0.2953929539295393,0.003297410326524,0.0012515081231416,0
0.0067750677506775,0.0370757600128679,0.0169085355156975,3
0.032520325203252,0.0274248029596268,0.0139176598500372,3
0.0392953929539295,0.0544474827087019,0.0337665879775906,3
0.518970189701897,0.0018497667685378,0.0006608925390142,0
0.1111111111111111,0.0024931639054206,0.0008752518816942,3
0.089430894308943,0.0018497667685378,0.0007795182488063,3
0.6544715447154471,0.0033778349686343,0.0014055390977395,1
0.0501355013550135,0.003297410326524,0.0014390338207888,3
0.0474254742547425,0.0052276017371722,0.003297285254418,3
0.1815718157181571,0.0104552034743445,0.0009296765036273,3
0.6043360433604336,0.000723821778993,0.0007374519059839,0
0.089430894308943,0.0,0.0007435621971877,3
0.037940379403794,0.006594820653048,0.001848836421549,3
0.0230352303523035,0.0106160527585652,0.0021719589476557,3
0.0474254742547425,0.0023323146211999,0.0010404879255137,3
0.6666666666666666,0.0042625060318481,0.0004539343941303,1
0.3238482384823848,0.0115007238217789,0.0017625866490928,0
0.029810298102981,0.0028148624738619,0.0014734063603208,3
0.3577235772357723,0.0059514235161653,0.0020058278752655,0
0.010840108401084,0.0317677336335853,0.0117135831463641,3
0.7344173441734417,0.0008042464211034,0.0002481122470477,1
0.0962059620596205,0.0057905742319446,0.0031296911545565,3
0.040650406504065,0.0004021232105517,0.0001750469339212,3
0.929539295392954,0.000482547852662,0.0002535340547355,1
0.508130081300813,0.0059514235161653,0.0016865264326722,0
0.8102981029810298,0.0020910406948689,0.0012082197220784,1
0.6422764227642277,0.0014476435579861,0.0005536268072348,1
0.8075880758807588,0.006353546726717,0.0105284964704204,1
0.2398373983739837,0.0201865851696959,0.0026606961835155,3
0.0609756097560975,0.0179346951906064,0.0065936754802654,3
0.0013550135501355,0.0650635354672671,0.0380675100773332,3
0.7601626016260162,0.000482547852662,0.0001815875273224,1
0.7249322493224932,0.0004021232105517,0.0001999700371973,1
0.0975609756097561,0.0073186424320411,0.0047202601971982,3
0.6368563685636857,0.0024127392633102,0.0009567683299785,0
0.089430894308943,0.0015280682000965,0.0020657947895016,3
0.4932249322493225,0.0098118063374617,0.0016019290206542,0
0.0040650406504065,0.0635354672671706,0.04994613993455,3
0.6165311653116531,0.0016084928422068,0.0005986364170877,0
0.05420054200542,0.0323307061283577,0.0122175530800136,3
0.8739837398373984,0.0019301914106482,0.0006807380763605,1
0.062330623306233,0.0053080263792826,0.0008287448201942,3
0.9878048780487804,0.0004021232105517,0.0001820694657836,1
0.2669376693766938,0.0046646292423998,0.0007157990994084,3
0.1205962059620596,0.0086054367058066,0.0013250037384654,3
0.1273712737127371,0.0027344378317516,0.0014232331240986,3
0.6395663956639567,0.0053884510213929,0.0024175754419582,1
0.0121951219512195,0.0171304487695029,0.0024289870562345,3
0.0880758807588075,0.0068360945793791,0.0034872722806346,3
0.2940379403794038,0.0004021232105517,0.0006691199170294,0
0.0040650406504065,0.0027344378317516,0.0025047546671609,3
0.0311653116531165,0.0027344378317516,0.0021091004026526,3
0.2330623306233062,0.0209908315907994,0.0036143491255846,3
0.024390243902439,0.0387646774971851,0.0038399479616619,3
0.0040650406504065,0.0023323146211999,0.0029417179426239,3
0.8075880758807588,0.0022518899790895,0.0019342083775225,1
0.4498644986449864,0.0149589834325237,0.0057316769062525,0
0.05420054200542,0.0028148624738619,0.0010496103320996,3
0.5149051490514905,0.0004021232105517,0.0005227311094581,0
0.5,0.0110181759691169,0.001529999705329,0
0.040650406504065,0.0257358854753096,0.0138673661291997,3
0.6084010840108401,0.0031365610423033,0.0009858567585259,0
0.0121951219512195,0.0062731220846067,0.0022867119376707,3
0.4850948509485094,0.0033778349686343,0.0010973566639283,0
0.8753387533875339,0.0017693421264275,0.0001867855778676,1
0.0392953929539295,0.0107769020427859,0.0042038287119106,3
0.002710027100271,0.0468875663503297,0.0083791025699988,3
0.5528455284552846,0.0034582596107447,0.0006077588236735,0
0.3983739837398374,0.0012063696316551,0.0005290995819803,0
0.0013550135501355,0.1199935660286311,0.0175035401822388,3
0.497289972899729,0.0230014476435579,0.0073880305488397,0
0.0013550135501355,0.0011259449895447,0.0024407257001808,3
0.0,0.0254946115489786,0.0374724021382645,3
0.5338753387533876,0.0054688756635032,0.0027200262504994,0
0.9905149051490516,0.0011259449895447,0.0001769746877658,1
0.0230352303523035,0.0019301914106482,0.0008625321487377,3
0.08130081300813,0.0016889174843171,0.0006610474478053,3
0.0040650406504065,0.0794595464050185,0.0395021203915323,3
0.3265582655826558,0.000723821778993,0.0003584933667367,0
0.1273712737127371,0.0032169856844137,0.001268616938512,3
0.5447154471544715,0.0088467106321376,0.001425522331789,0
0.0420054200542005,0.0011259449895447,0.0008769903025719,3
0.502710027100271,0.003056136400193,0.001299288879146,0
0.0013550135501355,0.0193019141064822,0.0301631168915575,3
0.0203252032520325,0.0184172430432684,0.0067161739098345,3
0.6842818428184282,0.0008042464211034,0.0003111084887538,1
0.2953929539295393,0.0024127392633102,0.0016170412338285,0
0.1002710027100271,0.006353546726717,0.0018374248072728,3
0.5040650406504065,0.2009007559916358,0.0881411571590306,0
0.494579945799458,0.003297410326524,0.001503200484472,0
0.010840108401084,0.0280682000965095,0.0374504911503705,3
0.8753387533875339,0.000723821778993,0.0001942384119273,1
0.018970189701897,0.0279073508122888,0.0029227330096726,3
0.013550135501355,0.0373974585813093,0.016355373434836,3
0.8184281842818428,0.0034582596107447,0.0033649459719445,1
0.5474254742547425,0.0008042464211034,0.000534538601756,0
0.3550135501355013,0.0005629724947723,0.0001971816789579,0
0.4959349593495935,0.0123049702428824,0.0084213238216122,0
0.0203252032520325,0.0052276017371722,0.001824911619371,3
0.502710027100271,0.0048254785266205,0.000384552467814,0
0.010840108401084,0.0106964774006755,0.0044184462359091,3
0.010840108401084,0.0337783496863439,0.4213248027012788,4
0.029810298102981,0.0141547370114203,0.001416417137291,3
0.002710027100271,0.0029757117580826,0.000962086865139,3
0.043360433604336,0.0491394563294193,0.0070942718446869,3
0.1355013550135501,0.0056297249477239,0.0050595792980167,3
0.8021680216802168,8.042464211034261e-05,0.0002422601371624,1
0.3563685636856368,0.0006433971368827,0.0004149145908659,0
0.7493224932249323,0.0005629724947723,0.0002156674613602,1
0.018970189701897,0.0104552034743445,0.0042788734151453,3
0.0013550135501355,0.0141547370114203,0.0097311464985518,3
0.002710027100271,0.0038603828212964,0.0006824248609745,3
0.6653116531165312,0.0032169856844137,0.0005208377797893,1
0.5501355013550135,0.0019301914106482,0.0008141317575689,0
0.043360433604336,0.0044233553160688,0.0006850238862471,3
0.035230352303523,0.000241273926331,0.0001858044888574,3
0.4214092140921409,0.0005629724947723,0.0002028444558763,0
0.2154471544715447,0.0034582596107447,0.0012055518484543,3
0.0474254742547425,0.0034582596107447,0.0039760611527582,3
0.8536585365853658,0.0013672189158758,0.0005717339237033,1
0.059620596205962,0.0022518899790895,0.0009000372882672,3
0.7317073170731707,0.0013672189158758,0.0005056739303513,1
0.0094850948509485,0.0029757117580826,0.0048413644476475,3
0.5176151761517616,0.0065143960109377,0.00128918538355,0
0.9227642276422764,0.0008846710632137,0.0003243445843473,1
0.2384823848238482,0.0003216985684413,0.0030568668106606,3
0.8766937669376694,0.0001608492842206,0.001449946284516,1
0.1761517615176151,0.0044233553160688,0.0012423685044678,3
0.4308943089430894,0.0110181759691169,0.0061118575037405,0
0.9390243902439024,0.0012063696316551,9.33239405822202e-05,1
0.1612466124661246,0.0023323146211999,0.0009819496145731,3
0.3455284552845528,0.0133504905903168,0.0016981618040911,0
0.7452574525745257,0.0006433971368827,0.0178945471830146,1
0.5840108401084011,0.0015280682000965,0.000878160724549,0
0.5704607046070461,0.0020910406948689,0.0007855596916585,0
0.010840108401084,0.0038603828212964,0.0019186658621507,3
0.08130081300813,0.0041016567476274,0.0015394663536728,3
0.0718157181571815,0.006594820653048,0.0023146471563289,3
0.010840108401084,0.0219559272961235,0.0225336179615985,3
0.0094850948509485,0.0427859096027022,0.0174576011196394,3
0.8739837398373984,0.0016084928422068,0.000600271565438,1
0.1964769647696476,0.0097313816953514,0.0036349864189741,3
0.516260162601626,0.0014476435579861,0.0006191015895982,0
0.924119241192412,0.0,9.764417464458414e-05,1
0.1422764227642276,0.0241273926331027,0.0100736154114556,3
0.5365853658536586,0.0068360945793791,0.0009086949684798,0
0.0203252032520325,0.0373974585813093,0.0115257820553105,3
0.0420054200542005,0.0020106160527585,0.0008291923344796,3
0.024390243902439,0.000241273926331,0.0001678178570041,3
0.013550135501355,0.0006433971368827,0.0002494203657279,3
0.040650406504065,0.0019301914106482,0.0030374515755119,3
0.2317073170731707,0.0027344378317516,0.0012344681561227,3
0.3888888888888889,0.0015280682000965,0.0006704108236218,0
0.2723577235772357,0.0006433971368827,0.0004435555051279,0
0.2818428184281842,0.0017693421264275,0.000109193485624,0
0.0501355013550135,0.0219559272961235,0.0092877114780391,3
0.8089430894308943,0.0029757117580826,0.0019453273863045,1
0.4200542005420054,0.0012867942737654,0.0005755722193045,0
0.0257452574525745,0.0344217468232266,0.0037115285738559,3
0.9796747967479674,0.0032169856844137,0.0002730697744996,1
0.005420054200542,0.0402123210551713,0.004401440693066,3
0.0257452574525745,0.0008042464211034,0.0002931562810764,3
0.0392953929539295,0.0019301914106482,0.0006550920653927,3
0.1056910569105691,0.0015280682000965,0.0007439064389456,3
0.55420054200542,0.000241273926331,0.0002622261591239,0
0.3915989159891599,0.0019301914106482,0.0006619596884639,0
0.1680216802168021,0.0009650957053241,0.0010649635145045,3
0.0040650406504065,0.0129483673797651,0.0042671519832869,3
0.1205962059620596,0.0045037799581791,0.0024864237935496,3
0.086720867208672,0.0047450538845102,0.0013260536758272,3
0.4010840108401084,0.0006433971368827,0.0006654537423072,0
0.0121951219512195,0.0336175004021232,0.0043956230073565,3
0.9051490514905148,0.0001608492842206,8.322044498617386e-05,1
0.9905149051490516,0.0045037799581791,0.0016638236887349,1
0.013550135501355,0.0024127392633102,0.0002297813734364,3
0.3252032520325203,0.0021714653369792,0.0010731736804318,0
0.0203252032520325,0.026540131896413,0.0026696636813103,3
0.0094850948509485,0.0893517773845906,0.014350629921108,3
0.018970189701897,0.0004021232105517,0.0010822616628419,3
0.0040650406504065,0.0016084928422068,0.0013560543450332,3
0.1422764227642276,0.0057101495898343,0.0026732610076809,3
0.0501355013550135,0.005870998874055,0.0018433629775975,3
0.1178861788617886,0.0140743123693099,0.0049361858398769,3
0.0040650406504065,0.029354994370275,0.0210678709803922,3
0.0663956639566395,0.0270226797490751,0.0115239747860812,3
0.2940379403794038,0.000241273926331,0.0001031004065082,0
0.070460704607046,0.0188997908959305,0.0054718260152584,3
0.7615176151761518,0.0022518899790895,0.0007480373400411,1
0.4417344173441734,0.0316068843493646,0.005652380817307,0
0.013550135501355,0.0126266688113237,0.0069242680525197,3
0.016260162601626,0.0059514235161653,0.0024533765847857,3
0.3238482384823848,0.0056297249477239,0.0020396496279848,0
0.0853658536585365,0.0056297249477239,0.0020227989939328,3
0.024390243902439,0.0251729129805372,0.0128951585563767,3
0.062330623306233,0.0210712562329097,0.0018043087501573,3
0.005420054200542,0.0188193662538201,0.0038056786946572,3
0.2655826558265582,0.0013672189158758,0.0058029693743254,3
0.978319783197832,0.0006433971368827,0.0005347795709866,1
0.0447154471544715,0.0455203474344539,0.0053357816725137,3
0.0040650406504065,0.0214733794434614,0.0095487844272739,3
0.4552845528455284,0.0119028470323307,0.0037339731364747,0
0.2289972899728997,0.00940968312691,0.003490249971841,3
0.0420054200542005,0.0042625060318481,0.0012846413923449,3
0.005420054200542,0.0036995335370757,0.0012333665824972,3
0.059620596205962,0.0423837863921505,0.0204460326688182,3
0.0067750677506775,0.0098118063374617,0.0013788947856737,3
0.0311653116531165,0.0071577931478204,0.0024332040177694,3
0.0230352303523035,0.0079620395689239,0.0024484539276469,3
0.6382113821138211,0.0040212321055171,0.0014187579812451,0
0.6978319783197832,0.0006433971368827,0.0002232235679474,1
0.8482384823848238,0.0,0.0188532604789256,1
0.5555555555555556,0.0041016567476274,0.0005307347303306,0
0.0121951219512195,0.0302396654334888,0.0038701379638347,3
0.0230352303523035,0.0568602219720122,0.02129608605383,3
0.8292682926829268,0.0013672189158758,0.0005532825654768,1
0.6449864498644986,0.0023323146211999,0.0002416405019981,1
0.0975609756097561,0.0036191088949654,0.0013795660571017,3
0.0975609756097561,0.0006433971368827,0.0002720198371378,3
0.018970189701897,0.0016084928422068,0.000603972164336,3
0.013550135501355,0.1020588708380247,0.0351046384786827,3
0.5528455284552846,0.0033778349686343,0.001261542770386,0
0.989159891598916,0.0012867942737654,0.0005634893336002,1
0.986449864498645,0.0005629724947723,0.0002763400712002,1
0.018970189701897,0.0212321055171304,0.0069693981469879,3
0.2059620596205962,0.0016084928422068,0.0006708927620829,3
0.0013550135501355,0.0143960109377513,0.0081880656064204,3
0.5338753387533876,0.0021714653369792,0.0002599885876972,0
0.2086720867208672,0.0051471770950619,0.0019139841742425,3
0.0013550135501355,0.02348399549622,0.0089014550135231,3
0.035230352303523,0.077931478204922,0.0076850595496932,3
0.0149051490514905,0.0431076081711436,0.0198965883989425,3
0.075880758807588,0.0026540131896413,0.0027915941119788,3
0.0582655826558265,0.0074794917162618,0.002851216784457,3
0.0257452574525745,0.0041016567476274,0.0017324482831837,3
0.1151761517615176,0.0036191088949654,0.002569437693481,3
0.0040650406504065,0.0406948689078333,0.0095129144360948,3
0.035230352303523,0.0020910406948689,0.0002828634525135,3
0.0040650406504065,0.0213929548013511,0.0092191901561177,3
0.513550135501355,0.0015280682000965,0.0004242779666823,0
0.9105691056910568,0.0012867942737654,0.0004636420117047,1
0.3319783197831978,0.0025735885475309,0.001056116501325,0
0.0691056910569105,0.0006433971368827,0.0002149445536685,3
0.3834688346883468,0.0053884510213929,0.0015076584152376,0
0.3360433604336043,8.042464211034261e-05,0.0010223980211331,0
0.8699186991869918,0.0013672189158758,0.0007466087367456,1
0.005420054200542,0.0020106160527585,0.0010302639453024,3
0.035230352303523,0.0371561846549782,0.006586825069282,3
0.010840108401084,0.0047450538845102,0.0017563558732738,3
0.2872628726287263,0.0008042464211034,0.0003314187524733,0
0.1056910569105691,0.0171304487695029,0.0074064646949783,3
0.7466124661246613,0.0188997908959305,0.002842954982266,1
0.1449864498644986,0.0099726556216824,0.0089528158838104,3
0.0311653116531165,0.0358693903812128,0.0143663445573588,3
0.1720867208672086,0.0062731220846067,0.0021116650037494,3
0.0040650406504065,0.0051471770950619,0.0031671274457344,3
0.0,0.0164870516326202,0.0104681853144262,3
0.5826558265582655,0.000241273926331,9.234285157204194e-05,0
0.6747967479674797,0.0028148624738619,0.0010383192024386,1
0.1910569105691057,0.0047450538845102,0.0022380017289198,3
0.1165311653116531,0.003538684252855,0.0046409985324285,3
0.4525745257452574,0.0010455203474344,0.0002703846887875,0
0.2506775067750677,0.0013672189158758,0.0004258959029447,3
0.55420054200542,0.0006433971368827,0.0002541536898998,0
0.5826558265582655,0.000482547852662,0.000216872307513,0
0.8509485094850948,0.0014476435579861,7.550942960793066e-05,1
0.0013550135501355,0.0138330384429789,0.0050386321870449,3
0.024390243902439,0.0135113398745375,0.004572494422595,3
0.6761517615176151,0.0024127392633102,0.000937146549775,1
0.8170731707317073,0.0012867942737654,0.0005598059467901,1
0.4078590785907859,0.0017693421264275,0.0009124988399052,0
0.1815718157181571,0.0039408074634067,0.0031740122808935,3
0.2669376693766938,0.0031365610423033,0.0012180822484439,3
0.029810298102981,0.0056297249477239,0.0028750555261955,3
0.1287262872628726,0.0090075599163583,0.003243704024792,3
0.2493224932249322,0.0012063696316551,0.0005137463995754,3
0.5718157181571816,0.000241273926331,0.000519873902867,0
0.7073170731707317,0.0027344378317516,0.0010814699067986,1
0.1287262872628726,0.0020106160527585,0.0008564907058856,3
0.3224932249322493,0.0025735885475309,0.0002883885327287,0
0.2113821138211382,0.0078011902847032,0.0006038344676328,3
0.075880758807588,0.0025735885475309,0.0026340690835375,3
0.029810298102981,0.0018497667685378,0.0007486913993813,3
0.0392953929539295,0.0153611066430754,0.0019479780478407,3
0.043360433604336,0.0026540131896413,0.0014401181823264,3
0.8658536585365854,0.0017693421264275,0.0003488545975139,1
0.037940379403794,0.0103747788322341,0.0085499669665609,3
0.1869918699186991,0.0016889174843171,0.0006217350390466,3
0.8035230352303523,0.0013672189158758,0.0005879477105031,1
0.0067750677506775,0.0060318481582756,0.0030080877535581,3
0.943089430894309,0.0057101495898343,0.0006202375873995,1
0.3753387533875338,0.0008042464211034,0.0005659334500817,0
0.0230352303523035,0.0159240791378478,0.0038497072155,3
0.8780487804878049,0.0036995335370757,0.0006708927620829,1
0.5176151761517616,0.0022518899790895,0.000532696908351,0
0.005420054200542,0.020669133022358,0.0153157289016291,3
0.5311653116531165,0.0008846710632137,0.0003922118469286,0
0.5420054200542005,0.0041016567476274,0.0007473488565252,0
0.1707317073170731,0.0031365610423033,0.0014192915559699,3
0.2493224932249322,0.0016084928422068,0.0005517851138297,3
0.3848238482384823,0.0010455203474344,0.0002667701503289,0
0.073170731707317,0.006353546726717,0.0004973777039845,3
0.2953929539295393,0.0011259449895447,0.0015776771888061,0
0.5880758807588076,0.003056136400193,0.0013590664604153,0
0.1571815718157181,0.0048254785266205,0.0017214841831927,3
0.2181571815718157,0.0215538040855718,0.0014076389724631,3
0.6761517615176151,0.0038603828212964,0.0003377872249955,1
0.056910569105691,0.0045037799581791,0.0031707075600171,3
0.029810298102981,0.0053080263792826,0.0031327549062023,3
0.029810298102981,0.0010455203474344,0.0008437709729291,3
0.0975609756097561,0.0025735885475309,0.0007679689378269,3
0.3523035230352303,0.0056297249477239,0.0010372520529889,0
0.2696476964769648,0.0053884510213929,0.0024045114672437,3
0.559620596205962,0.006112272800386,0.0019986676467,0
0.1056910569105691,0.0139938877271996,0.0059138324324756,3
0.1043360433604336,0.0001608492842206,5.989806588456775e-05,3
0.7046070460704607,0.0,0.0002792489140549,1
0.2154471544715447,0.0008846710632137,0.0001706406394194,3
0.0528455284552845,0.009168409200579,0.0021933191487369,3
0.7046070460704607,8.042464211034261e-05,5.4820499954697786e-05,1
0.040650406504065,0.0008042464211034,0.0003027950502992,3
0.0582655826558265,0.0003216985684413,0.0006706517928523,3
0.7710027100271003,0.0013672189158758,0.0004225223337167,1
0.2140921409214092,0.0056297249477239,0.0007984859696698,3
0.0799457994579945,0.0329741032652404,0.0112906649346257,3
0.1273712737127371,0.0027344378317516,0.0009760114442483,3
0.048780487804878,0.0016084928422068,0.000253620115175,3
0.6775067750677507,0.0,4.2599917547214135e-05,1
0.0203252032520325,0.0082033134952549,0.0030496033095678,3
0.2235772357723577,0.0016889174843171,0.0007465571004819,3
0.2086720867208672,0.0025735885475309,0.000288164775586,3
0.2913279132791327,0.0019301914106482,0.0006480351093545,0
0.2967479674796748,0.0029757117580826,0.0010509528749556,0
0.0392953929539295,0.0066752452951584,0.0011796992924317,3
0.4376693766937669,0.0027344378317516,0.0010536035364919,0
0.0257452574525745,0.1475792182724787,0.0135300780547531,3
0.0257452574525745,0.0012867942737654,0.0004395967249114,3
0.0067750677506775,0.0036995335370757,0.0013331106318653,3
0.0203252032520325,0.0041820813897378,0.0014844048844876,3
0.4281842818428184,0.0064339713688274,0.0023031150574374,0
0.5623306233062331,0.0008042464211034,0.0002908842854739,0
0.0121951219512195,0.0393276499919575,0.0149865132964067,3
0.5067750677506775,0.0020106160527585,0.0007073307521627,0
0.05420054200542,0.0057101495898343,0.0040670614614742,3
0.048780487804878,0.0014476435579861,0.0006414945159534,3
0.08130081300813,0.0018497667685378,0.0013707706801859,3
0.8360433604336044,0.0011259449895447,0.0004205085194327,1
0.08130081300813,0.0100530802637928,0.0010198334200363,3
0.0284552845528455,0.0129483673797651,0.0038824618187696,3
0.0203252032520325,0.0108573266848962,0.0011783395374877,3
0.7615176151761518,0.0008846710632137,0.0007443367411431,1
0.0609756097560975,0.006353546726717,0.0025497987011896,3
0.7791327913279132,0.0038603828212964,0.0027120742658906,1
0.5501355013550135,0.0028952871159723,0.0017679396084291,0
0.3794037940379404,0.003056136400193,0.0010491972419901,0
0.0663956639566395,0.0027344378317516,0.0521643133382114,3
0.6517615176151762,0.0031365610423033,0.000727830348849,1
0.0230352303523035,0.0460028952871159,0.0154529092421751,3
0.0040650406504065,0.0258967347595303,0.0024743581199332,3
0.0962059620596205,0.0024931639054206,0.0011225895847866,3
0.0338753387533875,0.0207495576644683,0.0083783624502191,3
0.7127371273712737,0.0005629724947723,0.0001888682405032,1
0.6002710027100271,0.0,0.0048248924795293,0
0.0067750677506775,0.0106964774006755,0.0042396298547382,3
0.013550135501355,0.0027344378317516,0.0005177912402314,3
0.002710027100271,0.2121602058870838,0.046897569350256,4
0.0420054200542005,0.0305613640019301,0.0145072599209786,3
0.3563685636856368,0.000723821778993,0.0002735861371365,0
0.010840108401084,0.0151198327167444,0.0053091373604478,3
0.6802168021680217,0.0032169856844137,0.0012684103934573,1
0.2859078590785908,0.0038603828212964,0.0035221783948915,0
0.9986449864498644,0.0003216985684413,0.0001383851866988,1
0.924119241192412,0.0056297249477239,0.0009344270398871,1
0.0609756097560975,0.0112594498954479,0.0038934603429363,3
0.037940379403794,0.006594820653048,0.0006869172159158,3
0.0474254742547425,0.0341000482547852,0.0025942919484055,3
0.056910569105691,0.0008846710632137,0.000291710465693,3
0.0420054200542005,0.0080424642110342,0.0035411977520187,3
0.3373983739837398,0.0028952871159723,0.0009214319135242,0
0.032520325203252,0.0087662859900273,0.0013447460032843,3
0.0203252032520325,0.0,8.571619773136419e-05,3
0.0989159891598916,0.0042625060318481,0.0015415490163085,3
0.059620596205962,0.0049059031687308,0.0009827413706164,3
0.5338753387533876,0.0040212321055171,0.0010924167947016,0
0.0121951219512195,0.012224545600772,0.0050910429946939,3
0.0067750677506775,0.0068360945793791,0.0064831050276095,3
0.0257452574525745,0.0423837863921505,0.0085441320687635,3
0.0528455284552845,0.0059514235161653,0.0013792218153437,3
0.0149051490514905,0.0124658195271031,0.0020011633994451,3
0.3726287262872628,0.0205082837381373,0.0076030439508599,0
0.1869918699186991,0.0050667524529515,0.001180990199024,3
0.5555555555555556,0.0012867942737654,0.0004115754458137,0
0.3373983739837398,0.0158436544957374,0.0039446146681688,0
0.0420054200542005,0.0081228888531446,0.0037122514815476,3
0.013550135501355,0.0032169856844137,0.0013137642450681,3
0.0880758807588075,0.0074794917162618,0.0006557805489086,3
0.0257452574525745,0.0144764355798616,0.0013019051165065,3
0.002710027100271,0.0607206047933086,0.0222870375903737,3
0.0392953929539295,0.0016889174843171,0.0004476519820476,3
0.9986449864498644,0.0005629724947723,0.0001894190273159,1
0.8577235772357723,0.0017693421264275,0.0002476130964986,1
0.0663956639566395,0.0057101495898343,0.0022472618322088,3
0.5149051490514905,0.0045842046002895,0.001100265506783,0
0.5230352303523035,8.042464211034261e-05,0.0003356357140083,0
0.035230352303523,0.0028148624738619,0.0021818903223727,3
0.08130081300813,0.0004021232105517,0.0001804171053454,3
0.5040650406504065,0.0012867942737654,0.0003596810008016,0
0.037940379403794,0.0005629724947723,0.0002394201426592,3
0.2601626016260162,0.0307222132861508,0.0117974576506904,3
0.2859078590785908,0.0061926974424963,0.0005728527094167,0
0.508130081300813,0.0024127392633102,0.001252781817646,0
0.8509485094850948,0.0034582596107447,0.0007021499137054,1
0.0718157181571815,0.003297410326524,0.0015380549624652,3
0.029810298102981,0.0022518899790895,0.0002569592602272,3
0.5311653116531165,0.0014476435579861,0.000926698812421,0
0.7181571815718157,0.0020910406948689,0.0009547028794308,1
0.2303523035230352,0.0099726556216824,0.0012963800362913,3
0.0338753387533875,0.049541579539971,0.0064353414836929,3
0.1612466124661246,0.0018497667685378,0.0008968014157424,3
0.6260162601626016,0.0,6.876229115196787e-05,0
0.521680216802168,0.0036191088949654,0.0014096872109229,0
0.005420054200542,0.006112272800386,0.0028735408624605,3
0.1490514905149051,0.0022518899790895,0.0036787395464105,3
0.5365853658536586,0.003297410326524,0.0014261075427775,0
0.9823848238482384,0.0016084928422068,0.0007435277730119,1
0.5501355013550135,0.0009650957053241,0.0006238004895943,0
0.5691056910569106,0.0025735885475309,0.0009309501981317,0
0.0420054200542005,0.0143155862956409,0.0027582542977206,3
0.002710027100271,0.0018497667685378,0.0028611653712619,3
0.024390243902439,0.0022518899790895,0.0005240564402262,3
0.5650406504065041,0.0183368184011581,0.0056184213678845,0
0.9742547425474256,0.0014476435579861,0.0005348139951624,1
0.5880758807588076,0.0,5.989806588456775e-05,0
0.010840108401084,0.0190606401801512,0.0079326210099282,3
0.5460704607046071,0.0024931639054206,0.0002341016074988,0
0.3252032520325203,0.0052276017371722,0.0014585695405529,0
0.089430894308943,0.003056136400193,0.0012136587418542,3
0.6029810298102981,8.042464211034261e-05,0.0005679989006295,0
0.040650406504065,0.0211516808750201,0.0114991033190688,3
0.4308943089430894,0.0115811484638893,0.0021894636410478,0
0.2886178861788618,0.0003216985684413,0.0006382242192528,0
0.2506775067750677,0.0131092166639858,0.0016617238140114,3
0.2601626016260162,0.0100530802637928,0.002664327934062,3
0.3563685636856368,0.0024127392633102,0.001587126625062,0
0.2222222222222222,0.0072382177899308,0.0022843194574529,3
0.2655826558265582,0.0053080263792826,0.0017100897810044,3
0.0447154471544715,0.008927135274248,0.0023588822222265,3
0.016260162601626,0.0067556699372687,0.0008330478421687,3
0.2439024390243902,0.0055493003056136,0.000553248141301,3
0.0067750677506775,0.0015280682000965,0.0006586549675875,3
0.9932249322493224,0.0006433971368827,0.0002537061756145,1
0.521680216802168,0.0099726556216824,0.0008465076949048,0
0.2669376693766938,0.0016084928422068,0.0006602212675862,3
0.8062330623306233,0.0014476435579861,0.0002587837415443,1
0.2113821138211382,0.0037799581791861,0.0015093107756758,3
0.1205962059620596,0.0128679427376548,0.015594822906893,3
0.7411924119241192,0.0027344378317516,0.0011400082177392,1
0.0392953929539295,0.014556860221972,0.00179306925676,3
0.1056910569105691,0.0070773685057101,0.0046932716433743,3
0.513550135501355,0.008927135274248,0.0020271020159072,0
0.8956639566395664,0.0011259449895447,0.0007107215334786,1
0.0772357723577235,0.0008042464211034,0.0003720737040881,3
0.062330623306233,0.0174521473379443,0.00202224820712,3
0.7642276422764228,0.0004021232105517,0.0001614493844819,1
0.0149051490514905,0.0266205565385234,0.0098169487567226,3
0.5230352303523035,0.0013672189158758,0.0003909725765999,0
0.7831978319783198,0.000482547852662,0.0003134321206201,1
0.55420054200542,0.0016889174843171,0.0005970873291769,0
0.0989159891598916,0.008685861347917,0.003025798992005,3
0.5460704607046071,0.0016889174843171,0.0008886256739909,0
0.0311653116531165,0.0015280682000965,0.0008562153124792,3
0.1937669376693767,0.0140743123693099,0.006957074292053,3
0.013550135501355,0.0162457777062892,0.0097756569578557,3
0.024390243902439,0.0013672189158758,0.0003068226788673,3
0.6368563685636857,0.0009650957053241,0.0001790057141377,0
0.5067750677506775,0.0004021232105517,0.0013732664329311,0
0.1002710027100271,0.0027344378317516,0.0028690140833434,3
0.3048780487804878,0.000723821778993,0.0002770285547161,0
0.0094850948509485,0.0083641627794756,0.0039306040286199,3
0.6842818428184282,0.0073186424320411,0.0039547525879406,1
0.048780487804878,0.0049863278108412,0.001633633686562,3
0.08130081300813,0.0008042464211034,0.0003714884930996,3
0.070460704607046,0.0505066752452951,0.0110633448897586,3
0.3170731707317073,0.0018497667685378,0.0010447737354003,0
0.8780487804878049,0.0006433971368827,0.0036755725222373,1
0.013550135501355,0.0012063696316551,0.0004256893578899,3
0.3523035230352303,0.0013672189158758,0.0007049554840328,0
0.7222222222222222,0.0013672189158758,0.0005512171149291,1
0.035230352303523,0.0053884510213929,0.0006848345532802,3
0.0338753387533875,0.0055493003056136,0.0011718677924381,3
0.7262872628726287,0.0015280682000965,0.0001295725976951,1
0.3346883468834688,0.0055493003056136,0.0021335243553797,0
0.059620596205962,0.0240469679909924,0.0049214695047242,3
0.024390243902439,0.0548496059192536,0.010290935233254,3
0.5094850948509485,0.0078011902847032,0.0009692126695287,0
0.086720867208672,0.0041016567476274,0.0013373964417519,3
0.1341463414634146,0.0041820813897378,0.0017552198754726,3
0.4227642276422764,0.0038603828212964,0.0013577067054714,0
0.062330623306233,0.0110181759691169,0.0061920486212566,3
0.002710027100271,0.0127875180955444,0.0041779245196243,3
0.013550135501355,0.0143155862956409,0.0038177443682736,3
0.024390243902439,0.0263792826121923,0.0095611254942967,3
0.0284552845528455,0.0221972012224545,0.0166549326126104,3
0.6449864498644986,0.0005629724947723,0.0002371825712325,1
0.005420054200542,0.0190606401801512,0.0064972361517737,3
0.8495934959349594,0.0016084928422068,0.000385395860121,1
0.3414634146341463,0.0,0.0001463027471318,0
0.2195121951219512,0.0026540131896413,0.0003508856238858,3
0.0663956639566395,0.0082837381373652,0.0034089572806994,3
0.2682926829268293,0.006594820653048,0.0005026101787055,3
0.013550135501355,0.0046646292423998,0.0032315867149119,3
0.013550135501355,0.0102139295480135,0.0070608631820771,3
0.0528455284552845,0.0036191088949654,0.0016502605634714,3
0.0094850948509485,0.0109377513270065,0.0021068628312259,3
0.0013550135501355,0.0370757600128679,0.003266114163235,3
0.040650406504065,0.0574231944667846,0.0267246925163769,3
0.010840108401084,0.0008846710632137,0.0006080514291678,3
0.7872628726287263,0.003538684252855,0.0003064956491972,1
0.1829268292682926,0.0073186424320411,0.0025955828549979,3
0.1151761517615176,0.0001608492842206,0.0003637258414576,3
0.1571815718157181,0.0019301914106482,0.000708621658755,3
0.5650406504065041,0.0022518899790895,0.0037705832474335,0
0.2046070460704607,0.0046646292423998,0.0006816503170191,3
0.5121951219512195,0.0078816149268135,0.0014788798042723,0
0.0799457994579945,0.0102943541901238,0.0038656628209813,3
0.2086720867208672,0.0062731220846067,0.0026116933692703,3
0.2628726287262872,0.0123853948849927,0.0012160167978962,3
0.2289972899728997,0.0210712562329097,0.0083957810831718,3
0.4214092140921409,0.0033778349686343,0.0014188784658604,0
0.0582655826558265,0.020910406948689,0.0216903805633943,3
0.1327913279132791,0.0050667524529515,0.0008585217322575,3
0.051490514905149,0.0257358854753096,0.0157223472661283,3
0.1802168021680217,0.0016084928422068,0.0006176041379511,3
0.1233062330623306,0.00940968312691,0.0041297478855982,3
0.1463414634146341,0.0222776258645649,0.0090135057057382,3
0.573170731707317,0.0046646292423998,0.0022293956849708,0
0.0948509485094851,0.0036191088949654,0.0016332205964525,3
0.062330623306233,0.0020106160527585,0.0008198805949268,3
0.0149051490514905,0.0062731220846067,0.0017111052941903,3
0.4878048780487805,0.0115007238217789,0.0044378614710579,0
0.8536585365853658,8.042464211034261e-05,0.0239529267296564,1
0.8252032520325203,0.000482547852662,0.0001744617229327,1
0.0528455284552845,0.0190606401801512,0.0013600991856892,3
0.6734417344173441,0.0895930513109216,0.0249982684639574,1
0.2710027100271002,8.042464211034261e-05,0.0008427038234794,0
0.5934959349593496,8.042464211034261e-05,0.0025869423868732,0
0.1097560975609756,0.000241273926331,0.001184191647373,3
0.1951219512195122,0.0108573266848962,0.0049312115464744,3
0.3224932249322493,0.0,5.266898896746474e-05,0
0.021680216802168,0.0852501206369631,0.0224159905529045,3
0.029810298102981,0.0452790735081228,0.0348998662689618,3
0.2723577235772357,0.0018497667685378,0.00030704643601,0
0.8211382113821138,0.0008846710632137,0.0018573564050585,1
0.4322493224932249,0.0012867942737654,0.0003562557953099,0
0.1964769647696476,0.0193823387485925,0.001983159555504,3
0.010840108401084,0.0341804728968956,0.0028437467383093,3
0.0257452574525745,0.0184172430432684,0.0072007802445989,3
0.1368563685636856,8.042464211034261e-05,0.0002167346108099,3
0.5433604336043361,0.003297410326524,0.0015189151207228,0
0.0121951219512195,0.0041016567476274,0.0009034280695831,3
0.3631436314363143,0.0022518899790895,0.0031481597248709,0
0.0989159891598916,0.0140743123693099,0.0040264581461231,3
0.8157181571815718,0.0013672189158758,0.0004371870326057,1
0.2425474254742547,0.003538684252855,0.0005900820094024,3
0.013550135501355,0.0160849284220685,0.004507449942429,3
