Recency,Frequency,Monetary,Cluster
0.551490514905149,0.0,0.0001583003761772,0
0.5474254742547425,0.0075566750629722,0.0021792335139504,0
0.0094850948509485,0.0453400503778337,0.008862462997911,4
0.0067750677506775,0.017632241813602,0.0013738241954267,4
0.5623306233062331,0.0,0.0005648863809678,0
0.078590785907859,0.0428211586901763,0.0091506636610307,4
0.5691056910569106,0.0050377833753148,0.0103247921986985,0
0.5257452574525745,0.0,0.0007902626042651,0
0.8441734417344173,0.0,0.0003402502812082,2
0.0880758807588075,0.0025188916876574,0.0012195686804435,4
0.059620596205962,0.0226700251889168,0.0059166852572503,4
0.0203252032520325,0.0554156171284634,0.0242363951825255,4
0.7506775067750677,0.0050377833753148,0.0014427417453032,2
0.2696476964769648,0.0050377833753148,0.0014070953302697,3
0.2249322493224932,0.0075566750629722,0.0013779895418478,3
0.010840108401084,0.0151133501259445,0.0047480474035011,4
0.2886178861788618,0.0025188916876574,0.0009128477167076,3
0.051490514905149,0.0025188916876574,0.0007485058670023,4
0.3943089430894309,0.0,0.0010335394898679,3
0.0040650406504065,0.0604534005037783,0.0124750576216295,4
0.0907859078590785,0.017632241813602,0.0057028928279258,4
0.9322493224932248,0.0025188916876574,0.0002500412704933,2
0.5704607046070461,0.0,0.0005589309683161,0
0.5745257452574526,0.0478589420654911,0.0051471633242142,0
0.0880758807588075,0.0050377833753148,0.0024622188879561,4
0.8021680216802168,0.0,0.0002177856539926,2
0.0474254742547425,0.0201511335012594,0.0039710037498617,4
0.3482384823848238,0.0125944584382871,0.0020081961280557,3
0.1531165311653116,0.0,0.000534730649853,4
0.0121951219512195,0.0403022670025188,0.0191453779741197,4
0.6043360433604336,0.0050377833753148,0.000970336382189,0
0.2493224932249322,0.0100755667506297,0.0031801387194613,3
0.0420054200542005,0.0151133501259445,0.0035361381410633,4
0.2574525745257452,0.0,0.000201348026587,3
0.6273712737127372,0.0,0.0004960204676172,0
0.7466124661246613,0.0,0.0003835389020721,2
0.3252032520325203,0.0025188916876574,0.0014534993548618,3
0.2466124661246612,0.0050377833753148,0.0020255976372778,3
0.3807588075880759,0.0025188916876574,0.0004374474350924,3
0.6205962059620597,0.0,0.0009252749072698,0
0.5691056910569106,0.0,0.0002714360043835,0
0.0094850948509485,0.0579345088161209,0.0124383784760784,4
0.032520325203252,0.0,0.0005906702195579,4
0.4959349593495935,0.0,0.0002936397105125,0
0.1571815718157181,0.0,0.0007035476651348,4
0.3753387533875338,0.0025188916876574,0.0008351347452561,3
0.0392953929539295,0.0025188916876574,0.0010972761749809,4
0.0040650406504065,0.0251889168765743,0.0035809070090026,4
0.002710027100271,0.0377833753148614,0.0078202829960455,4
0.021680216802168,0.0478589420654911,0.017354933075706,4
0.7046070460704607,0.0025188916876574,0.0014121729219813,2
0.7059620596205962,0.0025188916876574,0.0008875974555516,2
0.056910569105691,0.0100755667506297,0.0087031126790408,4
0.978319783197832,0.0,0.0005297046946672,2
0.6097560975609756,0.0075566750629722,0.0038519987698802,0
0.0149051490514905,0.0025188916876574,0.0012900353260964,4
0.2154471544715447,0.0025188916876574,0.0012004803780427,3
0.016260162601626,0.0125944584382871,0.0014629144147475,4
0.040650406504065,0.0226700251889168,0.0043548696832644,4
0.010840108401084,0.0125944584382871,0.0016523516160313,4
0.0880758807588075,0.0075566750629722,0.0006507062869828,4
0.0013550135501355,0.0100755667506297,0.00335551357353,4
0.6788617886178862,0.0302267002518891,0.0040483380534568,0
0.010840108401084,0.0125944584382871,0.0047767056753653,4
0.0230352303523035,0.0151133501259445,0.0050901565996411,4
0.1937669376693767,0.0125944584382871,0.0027557381132416,3
0.3739837398373983,0.0075566750629722,0.0037200502340778,3
0.021680216802168,0.0050377833753148,0.0023220085080126,4
0.516260162601626,0.0100755667506297,0.0013665606574527,0
0.2940379403794038,0.0025188916876574,0.0006640457228355,3
0.0203252032520325,0.0,8.06390412515427e-05,4
0.1761517615176151,0.0,0.0018696381169405,3
0.5149051490514905,0.0075566750629722,0.0037987787238717,0
0.6775067750677507,0.0,6.514808348710546e-05,0
0.040650406504065,0.0226700251889168,0.0054952451451811,4
0.051490514905149,0.0025188916876574,0.0018532521260608,4
0.0067750677506775,0.0,0.0006492088277322,4
0.6178861788617886,0.0125944584382871,0.0033783541301449,0
0.059620596205962,0.0,0.0001592126214678,4
0.5067750677506775,0.0,0.0002244295536561,0
0.0609756097560975,0.035264483627204,0.0205505971772824,4
0.1707317073170731,0.0,0.0003963447604907,3
0.9363143631436316,0.0,0.0002303849663077,2
0.7317073170731707,0.0,0.00026888860244,2
0.3414634146341463,0.0100755667506297,0.0019809492545656,3
0.5989159891598916,0.0,0.0002411425758664,0
0.2330623306233062,0.0554156171284634,0.0171163206896078,3
0.2466124661246612,0.0,0.0001770960715981,3
0.0474254742547425,0.0025188916876574,0.0009815587204806,4
0.4322493224932249,0.0,0.0002617111253425,0
0.0013550135501355,0.0680100755667506,0.0497078844276097,4
0.062330623306233,0.0075566750629722,0.0039956515848824,4
0.7831978319783198,0.0,0.0003083561203887,2
0.3075880758807588,0.0025188916876574,0.0018286215032153,3
0.010840108401084,0.0277078085642317,0.0079275836968272,4
0.0338753387533875,0.0025188916876574,0.0009386487674731,4
0.6043360433604336,0.0,0.000732378058752,0
0.8265582655826558,0.0025188916876574,0.0021296624491042,2
0.089430894308943,0.0453400503778337,0.0111588959346545,4
0.056910569105691,0.0201511335012594,0.0031308086250692,4
0.05420054200542,0.0151133501259445,0.0020044438738417,4
0.2303523035230352,0.0025188916876574,0.0004930427612914,3
0.3821138211382114,0.0,0.0005325963401166,3
0.2588075880758808,0.0050377833753148,0.0011378108477979,3
0.3441734417344173,0.0,0.0003896492243014,3
0.8861788617886179,0.0,0.0001954442504613,2
0.5420054200542005,0.0,0.0002796978485245,0
0.059620596205962,0.0100755667506297,0.0069957681629457,4
0.005420054200542,0.0,0.0002856360490009,4
0.2493224932249322,0.0100755667506297,0.0007137200607335,3
0.048780487804878,0.0377833753148614,0.0142365172168483,4
0.029810298102981,0.0151133501259445,0.0192979466959241,4
0.0907859078590785,0.0075566750629722,0.0051571291737093,4
0.7154471544715447,0.0,0.0004105103807575,2
0.024390243902439,0.0151133501259445,0.0015063063086632,4
0.005420054200542,0.0629722921914357,0.0240934308545351,4
0.5663956639566395,0.0075566750629722,0.001247245858316,0
0.029810298102981,0.0201511335012594,0.0055027324414339,4
0.6883468834688347,0.0,0.0003767400928311,0
0.002710027100271,0.0629722921914357,0.0166375812459855,4
0.4092140921409214,0.0050377833753148,0.0010881537220752,3
0.4376693766937669,0.0050377833753148,0.000715802733944,0
0.532520325203252,0.0125944584382871,0.0017178783673749,0
0.5609756097560976,0.0,0.0002302644810807,0
0.089430894308943,0.0403022670025188,0.0137863155598632,4
0.1815718157181571,0.0050377833753148,0.0018281567744824,3
0.0094850948509485,0.0125944584382871,0.0091335891831392,4
0.8509485094850948,0.0,0.0002990787579054,2
0.032520325203252,0.0151133501259445,0.0067797897873588,4
0.0040650406504065,0.0478589420654911,0.0046395762747995,4
0.4281842818428184,0.0,0.0029104583569577,0
0.0392953929539295,0.035264483627204,0.0252014646390747,4
0.002710027100271,0.0226700251889168,0.0032028587908491,4
0.2533875338753387,0.0,9.733485128654726e-05,3
0.013550135501355,0.070528967254408,0.0107026510829238,4
0.0203252032520325,0.0453400503778337,0.0248103351676979,4
0.2940379403794038,0.0327455919395466,0.0220669915418854,3
0.4227642276422764,0.0100755667506297,0.0008579236653451,0
0.0230352303523035,0.0100755667506297,0.0024433887681846,4
0.0094850948509485,0.0251889168765743,0.0079605794368654,4
0.0772357723577235,0.0251889168765743,0.0087409966768625,4
0.029810298102981,0.0075566750629722,0.0028699925328419,4
0.0230352303523035,0.0251889168765743,0.0065373562983454,4
0.3807588075880759,0.0050377833753148,0.0011842492967406,3
0.7357723577235772,0.0,0.0003227799232849,2
0.2750677506775068,0.0,9.785121654536184e-05,3
0.051490514905149,0.0,0.0001825006946403,4
0.010840108401084,0.0931989924433249,0.0626449168341253,4
0.1490514905149051,0.0100755667506297,0.00186170330413,4
0.024390243902439,0.0302267002518891,0.0128901464410152,4
0.010840108401084,0.0151133501259445,0.0047758967031265,4
0.1829268292682926,0.0075566750629722,0.0011273114208686,3
0.067750677506775,0.0075566750629722,0.00538914929667,4
0.0121951219512195,0.0302267002518891,0.0072806124518831,4
0.6517615176151762,0.0151133501259445,0.0032523610069941,0
0.6504065040650406,0.0025188916876574,0.0006145607188658,0
0.056910569105691,0.0050377833753148,0.0011529575620564,4
0.5691056910569106,0.0,0.0002432768856028,0
0.086720867208672,0.0,0.0004896003262326,4
0.0013550135501355,0.0075566750629722,0.0024258323493849,4
0.924119241192412,0.0,9.256707873015936e-05,2
0.1151761517615176,0.0125944584382871,0.0039351852130752,4
0.505420054200542,0.0025188916876574,0.0002871851447773,0
0.0094850948509485,0.0,0.0009217291991593,4
0.0149051490514905,0.0302267002518891,0.0079003540355124,4
0.8468834688346883,0.0,0.000286169626435,2
0.0121951219512195,0.017632241813602,0.0043798101252652,4
0.3631436314363143,0.0,0.0005145579804087,3
0.518970189701897,0.0025188916876574,0.0008504363690923,0
0.5257452574525745,0.0,0.0006912409597997,0
0.7032520325203252,0.0050377833753148,0.0026356487662166,2
0.016260162601626,0.0,0.0007416898455859,4
0.2330623306233062,0.0050377833753148,0.0024867978742756,3
0.9823848238482384,0.0,7.289356236932409e-05,2
0.2967479674796748,0.0025188916876574,0.0010458806195536,3
0.8604336043360433,0.0025188916876574,0.000434263182663,2
0.0447154471544715,0.0050377833753148,0.0017996017756699,4
0.029810298102981,0.0151133501259445,0.0037484847476632,4
0.0447154471544715,0.0050377833753148,0.0314719633716647,4
0.2181571815718157,0.0050377833753148,0.0015923843973076,3
0.6585365853658537,0.0050377833753148,0.0015877543221536,0
0.067750677506775,0.0,9.158598473841167e-05,4
0.002710027100271,0.0050377833753148,0.0010645558297474,4
0.3577235772357723,0.0025188916876574,0.0004846087953974,3
0.024390243902439,0.1007556675062972,0.022445313433626,4
0.0040650406504065,0.0125944584382871,0.0026552706460515,4
0.032520325203252,0.0,0.0003482023061939,4
0.6571815718157181,0.0025188916876574,0.0006944252122291,0
0.7520325203252033,0.0,0.0001832924547038,2
0.0013550135501355,0.0201511335012594,0.0053294918971016,4
0.005420054200542,0.0403022670025188,0.0091743131898844,4
0.497289972899729,0.0125944584382871,0.0053788736280196,0
0.0447154471544715,0.0075566750629722,0.0017965896449935,4
0.540650406504065,0.0050377833753148,0.0027916254987292,0
0.2506775067750677,0.0,0.000172638118197,3
0.5907859078590786,0.0,0.0003594762810114,0
0.5934959349593496,0.0075566750629722,0.0065390603036995,0
0.029810298102981,0.0050377833753148,0.002057422949396,4
0.1436314363143631,0.0075566750629722,0.0017720795073751,4
0.002710027100271,0.0050377833753148,0.0005839918955439,4
0.035230352303523,0.0100755667506297,0.0015185613774724,4
0.5555555555555556,0.0,0.0003965685187695,0
0.7181571815718157,0.0050377833753148,0.0011731646558514,2
0.5271002710027101,0.0,0.0004401153222629,0
0.6409214092140921,0.0,0.000918200703224,0
0.6775067750677507,0.0,3.752254214052573e-05,0
0.010840108401084,0.017632241813602,0.0045014657802419,4
0.5230352303523035,0.0,0.0004653483712436,0
0.1056910569105691,0.0,0.0002320201229606,4
0.0230352303523035,0.0025188916876574,0.0012723928464202,4
0.0691056910569105,0.0,0.0001856333105438,4
0.0013550135501355,0.0025188916876574,0.0008388869994701,4
0.051490514905149,0.0100755667506297,0.001410744311432,4
0.0311653116531165,0.0050377833753148,0.002316638309321,4
0.0962059620596205,0.0050377833753148,0.0031945969467081,4
0.4010840108401084,0.0,0.0002400237844723,3
0.4932249322493225,0.0075566750629722,0.001325509619377,0
0.2479674796747967,0.0025188916876574,0.0004273094638443,3
0.2886178861788618,0.0100755667506297,0.0032490046328118,3
0.0501355013550135,0.017632241813602,0.0031905176611634,4
0.4566395663956639,0.0025188916876574,0.0006866797333469,0
0.0257452574525745,0.0251889168765743,0.0041771883977063,4
0.0392953929539295,0.0050377833753148,0.000650017799971,4
0.037940379403794,0.0302267002518891,0.0052141014739319,4
0.1544715447154471,0.0025188916876574,0.0007478173799905,4
0.032520325203252,0.0025188916876574,0.000880592100207,4
0.0311653116531165,0.0125944584382871,0.0057861136954714,4
0.5040650406504065,0.0,0.0005487929970681,0
0.494579945799458,0.0075566750629722,0.001991517530196,0
0.986449864498645,0.0,0.0002712638826305,2
0.005420054200542,0.0050377833753148,0.0027935704745374,4
0.2940379403794038,0.0377833753148614,0.0047674455250573,3
0.2018970189701897,0.0025188916876574,0.00027005903036,3
0.059620596205962,0.0050377833753148,0.0001023780186476,4
0.024390243902439,0.0478589420654911,0.0129415764207932,4
0.3929539295392953,0.0050377833753148,0.002102002483407,3
0.032520325203252,0.0075566750629722,0.0021511604560462,4
0.078590785907859,0.0,0.0001603658372125,4
0.1016260162601626,0.0277078085642317,0.0050384168007079,4
0.062330623306233,0.0025188916876574,0.0007821384575264,4
0.0094850948509485,0.0050377833753148,0.0032722066451079,4
0.3197831978319783,0.0,0.000395071059519,3
0.3617886178861789,0.0,0.0005693615465442,3
0.8699186991869918,0.0,0.0007415349360083,2
0.2723577235772357,0.0050377833753148,0.0015480114094002,3
0.1910569105691057,0.0075566750629722,0.0022329355008671,3
0.5609756097560976,0.0025188916876574,0.0014329308053857,0
0.0149051490514905,0.017632241813602,0.0056021327537557,4
0.1246612466124661,0.0050377833753148,0.0038802611617127,4
0.6775067750677507,0.0075566750629722,0.0022503025857386,0
0.1747967479674796,0.0075566750629722,0.0015631925480093,3
0.7872628726287263,0.0,0.0002603513634943,2
0.924119241192412,0.0,0.0001793336543863,2
0.010840108401084,0.0075566750629722,0.0031326503278256,4
0.0067750677506775,0.0050377833753148,0.0016680146955487,4
0.2100271002710027,0.0025188916876574,0.0092477420509053,3
0.0284552845528455,0.0100755667506297,0.0036087735208032,4
0.2723577235772357,0.0125944584382871,0.0044969389781396,3
0.6449864498644986,0.0050377833753148,0.0005683976647277,0
0.002710027100271,0.0377833753148614,0.0072588390501364,4
0.037940379403794,0.0151133501259445,0.0023640578522554,4
0.0257452574525745,0.0075566750629722,0.0012049727557943,4
0.1084010840108401,0.0428211586901763,0.0107789182316507,4
0.2439024390243902,0.0025188916876574,0.0003411281021482,3
0.002710027100271,0.035264483627204,0.007299528632531,4
0.0962059620596205,0.0,0.0003807161053239,4
0.0880758807588075,0.0,0.0001814679641227,4
0.0121951219512195,0.0025188916876574,0.0006409814079418,4
0.0474254742547425,0.0025188916876574,0.0010354156169749,4
0.0257452574525745,0.0,0.0002880801778926,4
0.0013550135501355,0.0554156171284634,0.0135995978822759,4
0.2046070460704607,0.0075566750629722,0.0057534966232896,3
0.902439024390244,0.0,0.0006489850694534,2
0.5880758807588076,0.0075566750629722,0.00349083569569,0
0.6382113821138211,0.0075566750629722,0.0011019406744855,0
0.0013550135501355,0.0100755667506297,0.0049515125276494,4
0.0501355013550135,0.0050377833753148,0.0009045170238654,4
0.4850948509485094,0.0151133501259445,0.0035219553086212,0
0.3468834688346883,0.017632241813602,0.0189456134676596,3
0.002710027100271,0.0629722921914357,0.0153111421691427,4
0.0392953929539295,0.035264483627204,0.0056065046462804,4
0.8685636856368564,0.0,3.5112837599391056e-05,2
0.018970189701897,0.0100755667506297,0.001713609747902,4
0.8008130081300813,0.0050377833753148,0.0003898729825802,2
0.6287262872628726,0.0125944584382871,0.0035400625170303,0
0.532520325203252,0.0050377833753148,0.0020405205932575,0
0.2506775067750677,0.0050377833753148,0.0002975640864795,3
0.2344173441734417,0.0075566750629722,0.0012589845618664,3
0.3428184281842818,0.0025188916876574,0.0004394268352512,3
0.0257452574525745,0.0050377833753148,0.0022301987649954,4
0.0447154471544715,0.035264483627204,0.0064789037510476,4
0.08130081300813,0.0,0.0007332042431661,4
0.1205962059620596,0.0075566750629722,0.0079842289657191,4
0.2425474254742547,0.0025188916876574,0.0005850074138863,3
0.8766937669376694,0.0,0.0001783009238686,2
0.08130081300813,0.0050377833753148,0.0009908360829639,4
0.497289972899729,0.0050377833753148,0.0007216204491933,0
0.2560975609756097,0.0,0.0005440252245117,3
0.2859078590785908,0.0025188916876574,0.0169734596346691,3
0.8468834688346883,0.0,0.0004654172199448,2
0.0094850948509485,0.052896725440806,0.0458254373196346,4
0.5,0.0,0.0005612546119808,0
0.0149051490514905,0.017632241813602,0.0033244283849494,4
0.0257452574525745,0.0201511335012594,0.0041523684409326,4
0.3346883468834688,0.0100755667506297,0.0009074603058407,3
0.5447154471544715,0.0025188916876574,0.0003864477596968,0
0.6070460704607046,0.0,0.0003894254660226,0
0.086720867208672,0.0,0.0003972742179566,4
0.040650406504065,0.0,0.0005970559365919,4
0.502710027100271,0.0,0.0012942178846928,0
0.0772357723577235,0.0075566750629722,0.0070205709075441,4
0.0040650406504065,0.0277078085642317,0.0078352059520252,4
0.2872628726287263,0.0151133501259445,0.0053639678842152,3
0.5338753387533876,0.0100755667506297,0.0016331084040528,0
0.1639566395663956,0.0251889168765743,0.0039021378365111,4
0.0257452574525745,0.0025188916876574,0.0006097413097835,4
0.0149051490514905,0.0,0.000934776028032,4
0.2289972899728997,0.0050377833753148,0.002207564754484,3
0.0094850948509485,0.1309823677581864,0.0297491451099805,4
0.0420054200542005,0.0050377833753148,0.0015805940572314,4
0.0257452574525745,0.0050377833753148,0.0012667128285733,4
0.5989159891598916,0.0,0.0002804379720621,0
0.0447154471544715,0.0025188916876574,0.0002504199383497,4
0.1449864498644986,0.0277078085642317,0.0089477837508424,4
0.8753387533875339,0.0,0.000189161806479,2
0.5785907859078591,0.0100755667506297,0.0026638939458738,0
0.021680216802168,0.0125944584382871,0.0032467326256731,4
0.1043360433604336,0.0050377833753148,0.0024110470908075,4
0.0203252032520325,0.0025188916876574,0.0009064447874983,4
0.0799457994579945,0.0151133501259445,0.0062805523641791,4
0.5799457994579946,0.0075566750629722,0.0009286657058027,0
0.4932249322493225,0.0050377833753148,0.0018889501776201,0
0.1043360433604336,0.0251889168765743,0.0045998161498708,4
0.0474254742547425,0.0075566750629722,0.0015732444583809,4
0.1043360433604336,0.0125944584382871,0.0020829830297074,4
0.1355013550135501,0.0050377833753148,0.0021708683967576,4
0.6084010840108401,0.0,0.0011632848672327,0
0.0203252032520325,0.0327455919395466,0.0202400551106313,4
0.551490514905149,0.0,0.0001795057761392,0
0.913279132791328,0.0,0.0005960576304249,2
0.1612466124661246,0.0151133501259445,0.0034400942029238,4
0.021680216802168,0.0151133501259445,0.0032300368156381,4
0.0691056910569105,0.0,0.0002098680533575,4
0.013550135501355,0.035264483627204,0.0085894262612251,4
0.0528455284552845,0.0025188916876574,0.0003266354505508,4
0.029810298102981,0.017632241813602,0.0036282577032359,4
0.924119241192412,0.0,0.0002173553496103,2
0.2601626016260162,0.0075566750629722,0.0012887616251247,3
0.1111111111111111,0.0125944584382871,0.007158698614277,4
0.2574525745257452,0.0075566750629722,0.0034146373956643,3
0.1991869918699187,0.0050377833753148,0.0008374928132713,3
0.0948509485094851,0.0050377833753148,0.0009778581027924,4
0.0338753387533875,0.0226700251889168,0.0064302965680178,4
0.7601626016260162,0.0025188916876574,0.0003252240521767,2
0.0094850948509485,0.0100755667506297,0.0080092038320705,4
0.024390243902439,0.0025188916876574,0.0016674983302899,4
0.018970189701897,0.0075566750629722,0.00125012029159,4
0.0013550135501355,0.2947103274559193,0.2019179733476006,4
0.0149051490514905,0.0755667506297229,0.0198916118339832,4
0.7168021680216802,0.0025188916876574,0.0006938572104444,2
0.2953929539295393,0.0025188916876574,0.000319561246505,3
0.5880758807588076,0.0025188916876574,0.0006993306821878,0
0.3644986449864498,0.0100755667506297,0.0025928248740856,3
0.0013550135501355,0.105793450881612,0.0216479422009645,4
0.5555555555555556,0.0075566750629722,0.0021540348893202,0
0.0392953929539295,0.0075566750629722,0.0011113040978454,4
0.3062330623306233,0.0,0.0008756349937224,3
0.3441734417344173,0.0050377833753148,0.0010238318230022,3
0.8116531165311653,0.0,4.681711679918807e-05,2
0.5230352303523035,0.0025188916876574,0.0005638880748008,0
0.067750677506775,0.0125944584382871,0.0033550316326218,4
0.2953929539295393,0.0151133501259445,0.0014251336899776,3
0.8631436314363143,0.0,0.0003615589542219,2
0.5067750677506775,0.0075566750629722,0.0015811276346655,0
0.0,0.0680100755667506,0.0206029221901756,4
0.55420054200542,0.0025188916876574,0.0024892075788168,0
0.0691056910569105,0.0100755667506297,0.005966342382973,4
0.1571815718157181,0.0025188916876574,0.0017164153324749,4
0.0718157181571815,0.0100755667506297,0.0028673418578467,4
0.6395663956639567,0.0025188916876574,0.0024915484346567,0
0.05420054200542,0.0453400503778337,0.0060040370468664,4
0.4417344173441734,0.0050377833753148,0.0007423266960718,0
0.1260162601626016,0.0,0.0006033383805742,4
0.3644986449864498,0.0,0.0005863671757345,3
0.5853658536585366,0.0025188916876574,0.0018490867796396,0
0.4796747967479675,0.0100755667506297,0.0027153755621776,0
0.5650406504065041,0.0025188916876574,0.0003440369597728,0
0.021680216802168,0.0277078085642317,0.0074279658845735,4
0.1084010840108401,0.070528967254408,0.0067034193655802,4
0.1612466124661246,0.0,0.0002647232560189,4
0.0338753387533875,0.0025188916876574,0.0014428105940043,4
0.0907859078590785,0.0226700251889168,0.0105916497644539,4
0.8672086720867209,0.0,9.819546005123822e-05,2
0.2018970189701897,0.0050377833753148,0.0029768801414166,3
0.2859078590785908,0.0025188916876574,0.0026159064011546,3
0.494579945799458,0.0025188916876574,0.0009451721819094,0
0.6422764227642277,0.0050377833753148,0.0009400773780225,0
0.0772357723577235,0.0,0.0003182186968321,4
0.2425474254742547,0.0100755667506297,0.003519132511873,3
0.0149051490514905,0.0075566750629722,0.0017060363907727,4
0.2100271002710027,0.0025188916876574,0.0002689402389659,3
0.5284552845528455,0.0,0.0001250464535095,0
0.3861788617886179,0.0,0.0002445850109251,3
0.035230352303523,0.0277078085642317,0.0032545641654317,4
0.0853658536585365,0.0025188916876574,0.0021627958865448,4
0.2506775067750677,0.0125944584382871,0.0011713057409196,3
0.1097560975609756,0.0302267002518891,0.0109961186716834,4
0.4986449864498645,0.0075566750629722,0.0012297066516916,0
0.037940379403794,0.0302267002518891,0.0065247225616797,4
0.1653116531165311,0.0,0.0011562278753623,3
0.0636856368563685,0.0201511335012594,0.0029185308671705,4
0.3333333333333333,0.0025188916876574,0.0005225616419203,3
0.2127371273712737,0.017632241813602,0.0041831265981827,3
0.1436314363143631,0.0025188916876574,0.0012110830780237,4
0.5609756097560976,0.0100755667506297,0.0023807364501151,0
0.4485094850948509,0.0,0.0003351210529706,0
0.7154471544715447,0.0025188916876574,0.0005061240145147,2
0.002710027100271,0.0302267002518891,0.0044024441357765,4
0.3834688346883468,0.0050377833753148,0.0021074587429752,3
0.029810298102981,0.0579345088161209,0.0274603388881096,4
0.0772357723577235,0.0050377833753148,0.0007199680803651,4
0.535230352303523,0.0025188916876574,0.0007119816310288,0
0.1111111111111111,0.0226700251889168,0.0085084429764677,4
0.0121951219512195,0.0251889168765743,0.00508599125322,4
0.062330623306233,0.0277078085642317,0.0061870024702397,4
0.2289972899728997,0.0251889168765743,0.0060090285777016,3
0.7642276422764228,0.0,0.0187169152945307,2
0.505420054200542,0.0025188916876574,0.0011504445844635,0
0.08130081300813,0.0201511335012594,0.001365700048688,4
0.4457994579945799,0.0,0.00091503366297,0
0.1544715447154471,0.0277078085642317,0.0066385122525472,4
0.7804878048780488,0.0,0.0009457229715188,2
0.021680216802168,0.0277078085642317,0.0053442427313284,4
0.043360433604336,0.0453400503778337,0.0279634851962985,4
0.1084010840108401,0.0025188916876574,0.0041305261904848,4
0.0284552845528455,0.0428211586901763,0.0038774039406139,4
0.8956639566395664,0.0,0.0005842672903486,2
0.2479674796747967,0.0050377833753148,0.0013968540859698,3
0.3143631436314363,0.0,0.0003824545350286,3
0.029810298102981,0.0100755667506297,0.0029508725445476,4
0.5121951219512195,0.0,0.0007717078792983,0
0.010840108401084,0.0125944584382871,0.0030811687115218,4
0.6504065040650406,0.0025188916876574,0.0036764517940585,0
0.4457994579945799,0.0125944584382871,0.0024753001411794,0
0.048780487804878,0.0025188916876574,0.0013348902549121,4
0.029810298102981,0.0075566750629722,0.0014013636758968,4
0.5934959349593496,0.0025188916876574,0.0014123966802602,0
0.6612466124661247,0.0050377833753148,0.0007416726334106,0
0.018970189701897,0.0201511335012594,0.0069643559430345,4
0.037940379403794,0.0025188916876574,0.0011299965202145,4
0.0230352303523035,0.0755667506297229,0.0212911165949484,4
0.508130081300813,0.0075566750629722,0.0004155363359433,0
0.002710027100271,0.0377833753148614,0.0094670406551064,4
0.0501355013550135,0.0,0.0006218242568398,4
0.032520325203252,0.0025188916876574,0.0004800475689446,4
0.029810298102981,0.0025188916876574,0.0027643614130638,4
0.1097560975609756,0.0,0.0011572606058799,4
0.7913279132791328,0.0,0.001249414592403,2
0.5853658536585366,0.0125944584382871,0.0035022473679098,0
0.5609756097560976,0.0025188916876574,0.0011819945017771,0
0.2723577235772357,0.0,0.0003019704033547,3
0.0,0.0226700251889168,0.0045086260451641,4
0.0230352303523035,0.0050377833753148,0.0003899418312814,4
0.2439024390243902,0.0050377833753148,0.0005481733587575,3
0.6680216802168022,0.0050377833753148,0.0004790320506022,0
0.5420054200542005,0.0075566750629722,0.0033360121789221,0
0.056910569105691,0.0,0.0003725403220594,4
0.037940379403794,0.0100755667506297,0.0042662958292024,4
0.8279132791327913,0.0025188916876574,0.0022997187410071,2
0.016260162601626,0.0100755667506297,0.0024483114503187,4
0.070460704607046,0.0025188916876574,0.0010723013086296,4
0.1531165311653116,0.0,0.0006344579935054,4
0.0392953929539295,0.0025188916876574,0.0003106625518781,4
0.024390243902439,0.0327455919395466,0.0080288257119054,4
0.1260162601626016,0.0025188916876574,0.0002160988608138,4
0.508130081300813,0.0,0.0006068152399835,0
0.1246612466124661,0.0100755667506297,0.0007383506835789,4
0.018970189701897,0.0151133501259445,0.0019267825389159,4
0.6476964769647696,0.0,0.0028084934305171,0
0.6802168021680217,0.0050377833753148,0.0022444848704893,0
0.2289972899728997,0.017632241813602,0.0083907461218086,3
0.2669376693766938,0.0,0.0004628353936507,3
0.3184281842818428,0.0100755667506297,0.0016390466045292,3
0.5149051490514905,0.0,0.0002445161622239,0
0.8021680216802168,0.0,0.0004009231991189,2
0.9037940379403794,0.0,0.0002904554580831,2
0.6680216802168022,0.0,0.0009641399990832,0
0.3794037940379404,0.0050377833753148,0.0010513196669464,3
0.9878048780487804,0.0,0.0001769927985463,2
0.037940379403794,0.0050377833753148,0.0009364283968602,4
0.1070460704607046,0.0025188916876574,0.0004324214799066,4
0.0230352303523035,0.0604534005037783,0.009817687090192,4
0.524390243902439,0.0,0.0002906447920114,0
0.5785907859078591,0.0,0.0007477829556399,0
0.0582655826558265,0.0277078085642317,0.0053360841602392,4
0.002710027100271,0.0125944584382871,0.0041728681417076,4
0.0121951219512195,0.0050377833753148,0.0022301987649954,4
0.2384823848238482,0.0025188916876574,0.0013485395099201,3
0.3468834688346883,0.0025188916876574,0.0014183865172624,3
0.0948509485094851,0.0277078085642317,0.011543827301708,4
0.5149051490514905,0.0,0.0003874804902144,0
0.1395663956639566,0.0075566750629722,0.001306765560482,4
0.5501355013550135,0.0,0.0008090582996859,0
0.067750677506775,0.0478589420654911,0.0118179656176126,4
0.7452574525745257,0.0,0.0001891790186543,2
0.016260162601626,0.0151133501259445,0.0015646555829093,4
0.0392953929539295,0.0428211586901763,0.0337616818388262,4
0.0772357723577235,0.017632241813602,0.0104661902187373,4
0.5826558265582655,0.0050377833753148,0.0012736149108661,0
0.037940379403794,0.0025188916876574,0.0006567649726862,4
0.1463414634146341,0.0125944584382871,0.0090084738809284,4
0.5433604336043361,0.0,0.0004088752241046,0
0.6138211382113821,0.0,0.0003653628449618,0
0.513550135501355,0.0,0.0007914158200098,0
0.0,0.0453400503778337,0.0114251837774077,4
0.5284552845528455,0.0,0.0004295298344572,0
0.8373983739837398,0.0,0.0009799924125288,2
0.7235772357723578,0.0,0.0001868381628144,2
0.2764227642276423,0.0151133501259445,0.0092327313128316,3
0.1192411924119241,0.0,0.0005268646857438,4
0.5853658536585366,0.0025188916876574,0.0004159322159751,0
0.0474254742547425,0.0050377833753148,0.0086030927284084,4
0.1436314363143631,0.0,0.0002537074638308,4
0.005420054200542,0.017632241813602,0.004251975299358,4
0.0284552845528455,0.0050377833753148,0.0006897779248998,4
0.0094850948509485,0.1083123425692695,0.0105184980194552,4
0.9823848238482384,0.0,0.0006156106615587,2
0.0149051490514905,0.0428211586901763,0.0109006255231533,4
0.1192411924119241,0.0025188916876574,0.0009759475513348,4
0.2208672086720867,0.0806045340050377,0.0285396111277332,3
0.013550135501355,0.0025188916876574,0.0001281446450624,4
0.0257452574525745,0.0125944584382871,0.0017277581559935,4
0.0040650406504065,0.0201511335012594,0.0153464443406703,4
0.556910569105691,0.0,0.000203103668467,0
0.2344173441734417,0.0025188916876574,0.0006908106554174,3
0.021680216802168,0.0302267002518891,0.0150485704350354,4
0.8414634146341463,0.0,0.0002146358259139,2
0.002710027100271,0.035264483627204,0.0098266546335201,4
0.0067750677506775,0.0100755667506297,0.0013690564228703,4
0.2574525745257452,0.0050377833753148,0.0021753951988599,3
0.05420054200542,0.0403022670025188,0.0040592333604178,4
0.7059620596205962,0.0025188916876574,0.0009482703734623,2
0.029810298102981,0.0730478589420654,0.028968469687354,4
0.029810298102981,0.0,0.0003555002685185,4
0.1097560975609756,0.0075566750629722,0.0006880567073704,4
0.0284552845528455,0.0125944584382871,0.0030251086565898,4
0.086720867208672,0.0,0.0008494036385746,4
0.0392953929539295,0.0277078085642317,0.0030851102996641,4
0.3739837398373983,0.0025188916876574,0.0031824107266001,3
0.0013550135501355,0.0554156171284634,0.0206152633198613,4
0.067750677506775,0.017632241813602,0.0038630317742435,4
0.2208672086720867,0.0025188916876574,0.0008706778872378,3
0.0067750677506775,0.0025188916876574,0.000420321320675,4
0.0663956639566395,0.0151133501259445,0.0049938028423463,4
0.573170731707317,0.0025188916876574,0.0035847108997425,0
0.6422764227642277,0.0100755667506297,0.0036893265011783,0
0.1300813008130081,0.017632241813602,0.0025350780259748,4
0.010840108401084,0.0604534005037783,0.0151945985302282,4
0.0067750677506775,0.0226700251889168,0.0042214064760362,4
0.0284552845528455,0.0201511335012594,0.0038743573855869,4
0.0094850948509485,0.0125944584382871,0.0066336067825884,4
0.005420054200542,0.0075566750629722,0.0015002820473104,4
0.9959349593495936,0.0,0.0007247702772721,2
0.5040650406504065,0.0025188916876574,0.0012831848803295,0
0.051490514905149,0.0050377833753148,0.0021424683075228,4
0.0691056910569105,0.0251889168765743,0.004154846994175,4
0.0013550135501355,0.0856423173803526,0.0418397860085979,4
0.089430894308943,0.0201511335012594,0.0063737889965282,4
0.0474254742547425,0.0100755667506297,0.0021640523753412,4
0.070460704607046,0.0025188916876574,0.0015863601359548,4
0.0230352303523035,0.0151133501259445,0.0037922036729095,4
0.508130081300813,0.0050377833753148,0.0012492596828253,0
0.1937669376693767,0.0075566750629722,0.0003318335274895,3
0.1775067750677506,0.0226700251889168,0.0096946888855424,3
0.0230352303523035,0.0,0.0005278974162614,4
0.913279132791328,0.0,0.0003315064961589,2
0.018970189701897,0.0125944584382871,0.0019239597421678,4
0.6747967479674797,0.0,0.0010332468828879,0
0.0149051490514905,0.0251889168765743,0.0030120790398924,4
0.0013550135501355,0.0831234256926952,0.0380626257768951,4
0.2276422764227642,0.0025188916876574,0.0010675163238979,3
0.021680216802168,0.0025188916876574,0.0007000191691996,4
0.1192411924119241,0.0201511335012594,0.0071324328347786,4
0.1490514905149051,0.0151133501259445,0.0036736806338362,4
0.7262872628726287,0.0,0.0001244956639001,2
0.0149051490514905,0.0,0.0019960959688242,4
0.6883468834688347,0.0,0.000162741117403,0
0.7411924119241192,0.017632241813602,0.0051315863055733,2
0.0528455284552845,0.0050377833753148,0.0011144195015736,4
0.4579945799457994,0.0100755667506297,0.0014617611990028,0
0.0501355013550135,0.0226700251889168,0.003375255938592,4
0.4552845528455284,0.0,0.0002288358705313,0
0.7506775067750677,0.0,0.000104391843157,2
0.502710027100271,0.0075566750629722,0.00389650945519,0
0.0013550135501355,0.0403022670025188,0.0097261183176289,4
0.4308943089430894,0.017632241813602,0.0107913109978622,0
0.0528455284552845,0.0075566750629722,0.0016451913511091,4
0.0989159891598916,0.0050377833753148,0.0023430073618711,4
0.3184281842818428,0.0025188916876574,0.0005186028416027,3
0.7655826558265583,0.0025188916876574,0.0007611223914926,2
0.4173441734417344,0.0,0.0009429690234718,0
0.016260162601626,0.0100755667506297,0.0018645777374041,4
0.5934959349593496,0.0,0.0007609502697397,0
0.3523035230352303,0.0,0.0005720810702406,3
0.6639566395663956,0.0025188916876574,0.001300672450428,0
0.0040650406504065,0.0428211586901763,0.013026862749374,4
0.1436314363143631,0.0,2.41831062878159e-05,4
0.8794037940379403,0.0050377833753148,0.0010202516905411,2
0.0663956639566395,0.0100755667506297,0.0029349684945761,4
0.2466124661246612,0.0050377833753148,0.0006989692265067,3
0.5420054200542005,0.017632241813602,0.0030311845544686,0
0.024390243902439,0.0025188916876574,0.0008487495759135,4
0.0121951219512195,0.0201511335012594,0.010366118631579,4
0.1327913279132791,0.0025188916876574,0.0008534484997687,4
0.029810298102981,0.035264483627204,0.0209688358247469,4
0.1571815718157181,0.0025188916876574,0.0005954724164649,4
0.5338753387533876,0.0,0.0001167846093685,0
0.5230352303523035,0.0075566750629722,0.0023379814066853,0
0.0284552845528455,0.0100755667506297,0.0063679024325778,4
0.0257452574525745,0.035264483627204,0.0081210829714803,4
0.024390243902439,0.0025188916876574,0.0011644036586268,4
0.1856368563685637,0.0025188916876574,0.0007922764287744,3
0.2682926829268293,0.0025188916876574,0.0006164884824987,3
0.1355013550135501,0.0604534005037783,0.015086092977176,4
0.2493224932249322,0.0100755667506297,0.0017391181916874,3
0.551490514905149,0.0025188916876574,0.0004733176084047,0
0.0203252032520325,0.0125944584382871,0.0024361596545612,4
0.018970189701897,0.017632241813602,0.0042738175498058,4
0.2601626016260162,0.0,0.0002347740710076,3
0.573170731707317,0.0,0.0002077681679716,0
0.070460704607046,0.0100755667506297,0.0062101700581852,4
0.1043360433604336,0.0025188916876574,0.0015134321492349,4
0.5040650406504065,0.0,0.0002136547319221,0
0.2249322493224932,0.0,0.0002211764525255,3
0.5934959349593496,0.0,0.0204444324800701,0
0.1531165311653116,0.0100755667506297,0.0014195397330071,4
0.062330623306233,0.0025188916876574,0.0019941165686654,4
0.1016260162601626,0.0125944584382871,0.0020991108379577,4
0.0311653116531165,0.0050377833753148,0.0005224067323427,4
0.2859078590785908,0.0,0.0009636064216491,3
0.0501355013550135,0.035264483627204,0.0087561089667705,4
0.1951219512195122,0.0151133501259445,0.0033210203742412,3
0.3333333333333333,0.0025188916876574,0.0013140979471572,3
0.3373983739837398,0.0,1.6867931787942763e-05,3
0.7804878048780488,0.0025188916876574,0.0003556379659208,2
0.005420054200542,0.0025188916876574,0.0012282952533175,4
0.2872628726287263,0.0251889168765743,0.0062350244393095,3
0.021680216802168,0.0025188916876574,0.001742956506778,4
0.518970189701897,0.0,0.0001913133283907,0
0.0907859078590785,0.0075566750629722,0.0018500678736314,4
0.7059620596205962,0.0,0.0014222420445282,2
0.8794037940379403,0.0,0.0006290189461126,2
0.3604336043360434,0.0,0.0002383197791182,3
0.010840108401084,0.0957178841309823,0.0205541084610423,4
0.089430894308943,0.0,0.0001871479819696,4
0.005420054200542,0.0025188916876574,0.0010251915848504,4
0.005420054200542,0.0251889168765743,0.007943918051181,4
0.6517615176151762,0.0,0.000520375695658,0
0.0962059620596205,0.017632241813602,0.0034027782068868,4
0.7804878048780488,0.0025188916876574,0.0005529239191386,2
0.6097560975609756,0.0,9.127616558312294e-05,0
0.8373983739837398,0.0,0.0001261308205531,2
0.1720867208672086,0.0151133501259445,0.0029261902851763,3
0.0582655826558265,0.0025188916876574,0.0005530099800151,4
0.002710027100271,0.0100755667506297,0.001779102074895,4
0.0013550135501355,0.105793450881612,0.0165178877789923,4
0.0094850948509485,0.017632241813602,0.0029137114580882,4
0.013550135501355,0.0075566750629722,0.0023100632583587,4
0.0121951219512195,0.0050377833753148,0.0013286938718063,4
0.5826558265582655,0.0,0.0002117958169904,0
0.5460704607046071,0.0,0.0002290252044595,0
1.0,0.0025188916876574,0.0020294015280177,2
0.0121951219512195,0.0251889168765743,0.0090946552426246,4
0.005420054200542,0.017632241813602,0.0025921708114244,4
0.002710027100271,0.0075566750629722,0.0026266640107132,4
0.8915989159891599,0.0,0.0002783897232022,2
0.013550135501355,0.0,0.0005135080377158,4
0.513550135501355,0.0025188916876574,0.0009322974747897,0
0.3536585365853658,0.0,3.881345528756217e-05,3
0.016260162601626,0.0201511335012594,0.0032738245895855,4
0.3699186991869919,0.0,0.0002034823363235,3
0.9878048780487804,0.0,0.0005931143484497,2
0.013550135501355,0.0302267002518891,0.0105804618505129,4
0.2289972899728997,0.0025188916876574,0.0015098175924232,3
0.0230352303523035,0.0125944584382871,0.0024910148572226,4
0.075880758807588,0.0075566750629722,0.0033381464886585,4
0.021680216802168,0.0201511335012594,0.0041502857677221,4
0.067750677506775,0.0050377833753148,0.0019927740189924,4
0.0040650406504065,0.0050377833753148,0.0015142755458243,4
0.0338753387533875,0.0579345088161209,0.0292984270877365,4
0.3279132791327913,0.017632241813602,0.004719337495111,3
0.2791327913279133,0.0428211586901763,0.0163295693691026,3
0.0853658536585365,0.0,0.000730915023852,4
0.0284552845528455,0.0125944584382871,0.0015757574359738,4
0.6327913279132791,0.0025188916876574,0.0014550828749888,0
0.0230352303523035,0.0050377833753148,0.0029620604584886,4
0.002710027100271,0.0478589420654911,0.0094239585803459,4
0.0013550135501355,0.0151133501259445,0.0017135408992008,4
0.4850948509485094,0.0050377833753148,0.0050527545427276,0
0.086720867208672,0.0025188916876574,0.0009768770088007,4
0.1571815718157181,0.0,0.0029328341848397,4
0.0257452574525745,0.0050377833753148,0.0013492279969318,4
0.1585365853658536,0.0151133501259445,0.0035607343395582,4
0.9932249322493224,0.0,0.0003464638764892,2
0.8848238482384824,0.0,0.0003399060377023,2
0.0149051490514905,0.0125944584382871,0.0047693216521643,4
0.4186991869918699,0.0,0.0005650585027207,0
0.0094850948509485,0.0075566750629722,0.0022550531461197,4
0.505420054200542,0.0025188916876574,0.0005077591711676,0
0.002710027100271,0.0050377833753148,0.002218752668425,4
0.5447154471544715,0.0,0.0001353737586858,0
0.2953929539295393,0.0025188916876574,0.0005870212383957,3
0.4200542005420054,0.0,0.0001905215683272,0
0.7886178861788617,0.0,0.0005299284529461,2
0.0121951219512195,0.0277078085642317,0.0242532631143135,4
0.1327913279132791,0.0403022670025188,0.02540270939261,4
0.0203252032520325,0.0277078085642317,0.0026645996450608,4
0.0284552845528455,0.0,0.0001850480965838,4
0.3238482384823848,0.0075566750629722,0.0021899050626326,3
0.2330623306233062,0.0100755667506297,0.0010636091601062,3
0.0528455284552845,0.0251889168765743,0.0050877124707494,4
0.051490514905149,0.0025188916876574,0.0003500784333009,4
0.997289972899729,0.0,0.0001796606857168,2
0.3902439024390244,0.0,0.0005048331013677,3
0.521680216802168,0.0025188916876574,0.0016273595375047,0
0.6653116531165312,0.0,0.0003382192445235,0
0.1436314363143631,0.0,0.0005859196591768,4
0.2940379403794038,0.0025188916876574,0.0004295642588078,3
0.4214092140921409,0.0075566750629722,0.0015674267431316,0
0.005420054200542,0.017632241813602,0.0028095777975606,4
0.013550135501355,0.0403022670025188,0.0103103856079776,4
0.013550135501355,0.0151133501259445,0.0064671994718478,4
0.0040650406504065,0.0025188916876574,0.0018082078633168,4
0.1517615176151761,0.0075566750629722,0.003473847278675,4
0.0311653116531165,0.017632241813602,0.0021630196448236,4
0.5650406504065041,0.0,0.0010932485259622,0
0.0447154471544715,0.0075566750629722,0.0014895760742776,4
0.037940379403794,0.0050377833753148,0.0039912796923578,4
0.3726287262872628,0.0,0.000202225847527,3
0.002710027100271,0.0075566750629722,0.0028013503777702,4
0.5271002710027101,0.0100755667506297,0.0029897032120105,0
0.556910569105691,0.0,0.0006910688380468,0
0.1056910569105691,0.0025188916876574,0.0010715783972672,4
0.1233062330623306,0.0025188916876574,0.0012357481252197,4
0.8848238482384824,0.0,0.0001367507327093,2
0.9200542005420054,0.0,0.0003930744471849,2
0.0149051490514905,0.0377833753148614,0.0098119210114686,4
0.5230352303523035,0.0,0.0003858969700874,0
0.5975609756097561,0.0025188916876574,0.0010429029132277,0
0.067750677506775,0.0151133501259445,0.0026147531854099,4
0.2533875338753387,0.0100755667506297,0.0063130644420916,3
0.0420054200542005,0.0,0.0040033626394141,4
0.1476964769647696,0.0151133501259445,0.0035487374533784,4
0.2222222222222222,0.0100755667506297,0.0039273708854918,3
0.0013550135501355,0.017632241813602,0.0062403602136506,4
0.8482384823848238,0.0075566750629722,0.0022560342401114,2
0.0989159891598916,0.017632241813602,0.004021400999122,4
0.0311653116531165,0.0050377833753148,0.0009667562497279,4
0.08130081300813,0.0,0.0003437271406175,4
0.059620596205962,0.0050377833753148,0.0009815587204806,4
0.3712737127371274,0.0050377833753148,0.0016679974833734,3
0.4308943089430894,0.0251889168765743,0.0061068109455458,0
0.991869918699187,0.0,0.0008302464874726,2
0.2154471544715447,0.0025188916876574,0.0003185457281627,3
0.2344173441734417,0.0025188916876574,0.0011355044163085,3
0.048780487804878,0.0125944584382871,0.0021339654929276,4
0.5447154471544715,0.0025188916876574,0.0003227627111096,0
0.983739837398374,0.0,0.0003879452189473,2
0.040650406504065,0.035264483627204,0.0027179746006469,4
0.0121951219512195,0.0050377833753148,0.0031096548616331,4
0.086720867208672,0.0,0.004515356005704,4
0.1626016260162601,0.0050377833753148,0.0004654000077695,4
0.2127371273712737,0.0075566750629722,0.0016238482537447,3
0.5040650406504065,0.0025188916876574,0.0010672409290932,0
0.1869918699186991,0.0151133501259445,0.0077055122111863,3
0.0528455284552845,0.0125944584382871,0.0013550285000059,4
0.0284552845528455,0.0050377833753148,0.0012930646689481,4
0.0718157181571815,0.0100755667506297,0.0035801668854649,4
0.3265582655826558,0.0,0.0002276138060854,3
0.989159891598916,0.0,0.0005584146030573,2
0.0663956639566395,0.0125944584382871,0.0034074254942162,4
0.0880758807588075,0.0100755667506297,0.0032618104912304,4
0.035230352303523,0.0151133501259445,0.0021744485292187,4
0.0067750677506775,0.0075566750629722,0.0010182206538564,4
0.0094850948509485,0.1133501259445843,0.1525163451549938,4
0.0230352303523035,0.0554156171284634,0.0187960568765316,4
0.5311653116531165,0.0125944584382871,0.0020482316477891,0
0.8116531165311653,0.0025188916876574,0.0005426826748388,2
0.3604336043360434,0.0,0.0005885703341721,3
0.0257452574525745,0.0075566750629722,0.002221678738225,4
0.0338753387533875,0.0125944584382871,0.0016290291185082,4
0.016260162601626,0.0226700251889168,0.0058990772019247,4
0.0501355013550135,0.0025188916876574,0.0005674682072619,4
0.4905149051490515,0.0,0.0002667370805283,0
0.2723577235772357,0.0,0.0002412286367428,3
0.5650406504065041,0.0025188916876574,0.0009097323129795,0
0.0420054200542005,0.0025188916876574,0.0012055579697543,4
0.4105691056910569,0.0,0.0001400210460152,3
0.8550135501355014,0.0,0.0003786850686393,2
0.010840108401084,0.0201511335012594,0.0085440721793259,4
0.0040650406504065,0.0,0.0011670543336221,4
0.1246612466124661,0.0,0.0007574217738045,4
0.4146341463414634,0.0503778337531486,0.0295658698674519,3
0.6842818428184282,0.0100755667506297,0.0050838053069577,0
0.5338753387533876,0.0,0.0007173174053699,0
0.5799457994579946,0.0,0.0009404388337036,0
0.0392953929539295,0.0327455919395466,0.0072449488246743,4
0.013550135501355,0.0377833753148614,0.00485020166387,4
0.5501355013550135,0.0050377833753148,0.0006187260652869,0
0.024390243902439,0.0025188916876574,0.00091035195129,4
0.1707317073170731,0.017632241813602,0.0079525929875291,3
0.035230352303523,0.0302267002518891,0.0044648726955672,4
0.532520325203252,0.0,0.0008598686411533,0
0.5826558265582655,0.0,0.0003873600049873,0
0.6097560975609756,0.0075566750629722,0.0013703989725432,0
0.592140921409214,0.0,0.0002225362143737,0
0.010840108401084,0.0125944584382871,0.0022930748413437,4
0.067750677506775,0.0,0.0007584545043221,4
0.037940379403794,0.0,0.0002741383159046,4
0.021680216802168,0.0226700251889168,0.0029591688130392,4
0.0609756097560975,0.0025188916876574,0.0010380146554443,4
0.032520325203252,0.0050377833753148,0.0050527717549029,4
0.6571815718157181,0.0,0.0002663584126718,0
0.075880758807588,0.0226700251889168,0.0060910790173273,4
0.5474254742547425,0.0025188916876574,0.000610533069847,0
0.8739837398373984,0.0,0.0006756639411588,2
0.021680216802168,0.0075566750629722,0.0021447403146616,4
0.6355013550135501,0.0,0.0007697456913148,0
0.1734417344173441,0.0025188916876574,0.0005238869794179,3
0.926829268292683,0.0025188916876574,0.0002125703648786,2
0.4403794037940379,0.0277078085642317,0.1334864608770956,0
0.002710027100271,0.0201511335012594,0.0019628936826824,4
0.078590785907859,0.0125944584382871,0.0016194763612201,4
0.532520325203252,0.0,0.0004410103553782,0
0.0149051490514905,0.0251889168765743,0.0061952471022055,4
0.0067750677506775,0.0025188916876574,0.0010827318868576,4
0.1666666666666666,0.0680100755667506,0.0135024695770928,4
0.0311653116531165,0.0025188916876574,0.0008294030908832,4
0.4485094850948509,0.0,0.0022144324124263,0
0.005420054200542,0.0403022670025188,0.0084069255665847,4
0.089430894308943,0.0100755667506297,0.0020607276870524,4
0.0149051490514905,0.08816120906801,0.0200485696604876,4
0.062330623306233,0.0025188916876574,0.0002427777325193,4
0.062330623306233,0.0025188916876574,0.0008148071662341,4
0.9037940379403794,0.0,0.0016955541760188,2
0.2886178861788618,0.0050377833753148,0.0010677228700014,3
0.502710027100271,0.0025188916876574,0.0003794768287028,0
0.0013550135501355,0.1385390428211587,0.0156133363307762,4
0.005420054200542,0.0629722921914357,0.0180613035375891,4
0.0420054200542005,0.0277078085642317,0.0090423302297314,4
0.0447154471544715,0.0125944584382871,0.0040602660909354,4
0.0040650406504065,0.0201511335012594,0.0049171570257629,4
0.032520325203252,0.0075566750629722,0.0013396752396438,4
0.3170731707317073,0.0025188916876574,0.0035063782899803,3
0.5894308943089431,0.0,0.0006563174561286,0
0.9823848238482384,0.0,0.0004046582411576,2
0.048780487804878,0.0125944584382871,0.0001603486250372,4
0.2845528455284553,0.0025188916876574,0.0055827690565502,3
0.0203252032520325,0.0226700251889168,0.0027258577769315,4
0.005420054200542,0.0277078085642317,0.009647682434815,4
0.6449864498644986,0.0050377833753148,0.0017103050102456,0
0.7737127371273713,0.0,0.0003903721356638,2
0.2859078590785908,0.0,0.0010496500859429,3
0.032520325203252,0.0125944584382871,0.0038039595886352,4
0.0067750677506775,0.0100755667506297,0.0030030254356879,4
0.521680216802168,0.0,0.0008414344014136,0
0.0230352303523035,0.052896725440806,0.0140909366382132,4
0.1056910569105691,0.0125944584382871,0.0038015670962693,4
0.1544715447154471,0.0050377833753148,0.0011195315176358,4
0.4092140921409214,0.0226700251889168,0.0083730692177818,3
0.037940379403794,0.0,0.0003237438051014,4
0.6937669376693767,0.0050377833753148,0.0014677854603557,0
0.8116531165311653,0.0,0.0003890123738156,2
0.2235772357723577,0.0050377833753148,0.0020730343923875,3
0.029810298102981,0.0100755667506297,0.0014683362499651,4
0.0799457994579945,0.0277078085642317,0.0092214745501894,4
0.991869918699187,0.0,0.0003553625711161,2
0.08130081300813,0.0025188916876574,0.0015343965787428,4
0.0257452574525745,0.0277078085642317,0.008539097860666,4
0.040650406504065,0.0100755667506297,0.0036341442671863,4
0.9336043360433603,0.0,0.000310249459671,2
0.002710027100271,0.0780856423173803,0.0070944111395546,4
0.1151761517615176,0.0075566750629722,0.0026808135141876,4
0.8672086720867209,0.0,0.0004971048346607,2
0.4390243902439024,0.0050377833753148,0.0005346962255024,0
0.0203252032520325,0.0075566750629722,0.0022672910027536,4
0.1449864498644986,0.0151133501259445,0.0021069768020669,4
0.9051490514905148,0.0,0.0002271146530019,2
0.016260162601626,0.0025188916876574,0.0007903314529662,4
0.067750677506775,0.0,0.0003916630488108,4
0.043360433604336,0.0125944584382871,0.0062512727327868,4
0.037940379403794,0.0100755667506297,0.0023294613799148,4
0.7831978319783198,0.0050377833753148,0.0038585393964919,2
0.0392953929539295,0.0050377833753148,0.0022868440338873,4
0.013550135501355,0.0075566750629722,0.0011291186992745,4
0.5650406504065041,0.0151133501259445,0.003689309289003,0
0.1869918699186991,0.0453400503778337,0.0451925628462562,3
0.1558265582655826,0.0201511335012594,0.007117458242273,4
0.8197831978319783,0.0,0.000553474708748,2
0.0013550135501355,0.0050377833753148,0.0017702033802681,4
0.0149051490514905,0.0075566750629722,0.0012773327407296,4
0.4241192411924119,0.0025188916876574,0.0008075608404354,0
0.5501355013550135,0.0050377833753148,0.0017628709935929,0
0.2154471544715447,0.0,0.0001655639141512,3
0.2154471544715447,0.0,0.0002649986508236,3
0.005420054200542,0.0050377833753148,0.0015583903511023,4
0.3983739837398374,0.0,0.0005311677295672,3
0.516260162601626,0.0025188916876574,0.0005134391890146,0
0.0230352303523035,0.0025188916876574,0.00094959571096,4
0.2520325203252032,0.0050377833753148,0.0004377228298971,3
0.3238482384823848,0.017632241813602,0.011115192500366,3
0.0149051490514905,0.0050377833753148,0.0012204981379094,4
0.2005420054200542,0.0075566750629722,0.0018998454845811,3
0.3265582655826558,0.0151133501259445,0.0055317005324534,3
0.7140921409214093,0.0,0.0001704865962852,2
0.0284552845528455,0.0,0.000280782215568,4
0.1802168021680217,0.0125944584382871,0.0042878798970209,3
0.1626016260162601,0.0,0.0004288413474455,4
0.0826558265582655,0.0100755667506297,0.0030203925205593,4
0.6002710027100271,0.0100755667506297,0.0015915410007182,0
0.2317073170731707,0.0025188916876574,0.0012293968325363,3
0.1097560975609756,0.0075566750629722,0.0010320592427926,4
0.1205962059620596,0.0025188916876574,0.0037646297680888,4
0.002710027100271,0.0100755667506297,0.002045116244061,4
0.2005420054200542,0.0050377833753148,0.0071566159410664,3
0.0230352303523035,0.0075566750629722,0.0024839578653522,4
0.067750677506775,0.0554156171284634,0.0118027844790035,4
0.0691056910569105,0.0151133501259445,0.0074246611469171,4
0.029810298102981,0.0,0.0002518829732497,4
0.0,0.1108312342569269,0.0541560613131419,4
0.6395663956639567,0.0,0.0001716053876793,0
0.024390243902439,0.0050377833753148,0.0009043449021125,4
0.9105691056910568,0.0,0.0004585667741779,2
0.2289972899728997,0.0025188916876574,0.000861727556085,3
0.6924119241192412,0.0025188916876574,0.0002969960846948,0
0.043360433604336,0.0050377833753148,0.0029684978120485,4
0.5813008130081301,0.0025188916876574,0.0004652623103672,0
0.0311653116531165,0.0100755667506297,0.0013786091801584,4
0.0311653116531165,0.0075566750629722,0.0015474950441413,4
0.0975609756097561,0.0151133501259445,0.0010354844656761,4
0.3739837398373983,0.0,0.0004034706010624,3
0.0636856368563685,0.0,0.0001846177922015,4
0.0284552845528455,0.0125944584382871,0.0023578098326238,4
0.013550135501355,0.0050377833753148,0.0006158516320128,4
0.021680216802168,0.0251889168765743,0.005914327189235,4
0.075880758807588,0.0050377833753148,0.0027865306948422,4
0.021680216802168,0.0151133501259445,0.0043586563618291,4
0.1016260162601626,0.0,0.0007186943793934,4
0.070460704607046,0.017632241813602,0.0073150712268213,4
0.9796747967479674,0.0,0.0005774856932829,2
0.2317073170731707,0.0,0.00081398098182,3
0.6233062330623306,0.0025188916876574,0.0007345295806637,0
0.7276422764227642,0.0125944584382871,0.0057754593589645,2
0.2384823848238482,0.0100755667506297,0.0030518047404706,3
0.010840108401084,0.0125944584382871,0.0028611110503903,4
0.0501355013550135,0.0,0.001293822004661,4
0.4769647696476964,0.0050377833753148,0.0010958992009574,0
0.9336043360433603,0.0,0.0004196328336633,2
0.0094850948509485,0.0680100755667506,0.0123711993559066,4
0.5691056910569106,0.0,0.0002091279298199,0
0.0853658536585365,0.0050377833753148,0.0020177316731685,4
0.6747967479674797,0.0,0.0006837536635469,0
0.2777777777777778,0.0025188916876574,0.0007054065800665,3
0.505420054200542,0.0100755667506297,0.0019613617990812,0
0.2018970189701897,0.0,0.0005096525104499,3
0.7628726287262872,0.0,0.0005299284529461,2
0.4092140921409214,0.0025188916876574,0.0010813032763083,3
0.2235772357723577,0.0050377833753148,0.0008553590512263,3
0.2140921409214092,0.0075566750629722,0.0014449104793902,3
0.7710027100271003,0.0,0.0001828793624968,2
0.556910569105691,0.0075566750629722,0.0026180062865404,0
0.8482384823848238,0.0,0.0004966573181031,2
0.7696476964769647,0.0025188916876574,0.0004834900040033,2
0.089430894308943,0.0050377833753148,0.0006557838786945,4
0.0230352303523035,0.0,0.0001590232875395,4
0.0013550135501355,0.0151133501259445,0.0029578262633663,4
0.3604336043360434,0.0050377833753148,0.0027994226141373,3
0.7710027100271003,0.0025188916876574,0.0006355595727242,2
0.2330623306233062,0.0100755667506297,0.0047003868901126,3
0.5785907859078591,0.0025188916876574,0.0009351374837131,0
0.9065040650406504,0.0,0.0002025012423317,2
0.1043360433604336,0.0,0.0001914510257931,4
0.002710027100271,0.0579345088161209,0.0269798610147826,4
0.2953929539295393,0.0201511335012594,0.0030797917374983,3
0.002710027100271,0.0226700251889168,0.0058433097539727,4
0.5067750677506775,0.0125944584382871,0.0013681958141056,0
0.0962059620596205,0.0050377833753148,0.0017729401161398,4
0.6504065040650406,0.0,0.0003191997908238,0
0.0474254742547425,0.0,0.0001182648564438,4
0.2100271002710027,0.0025188916876574,0.0013101907833655,3
0.002710027100271,0.0151133501259445,0.0053641572181434,4
0.924119241192412,0.0,7.919321852686189e-05,2
0.5121951219512195,0.0025188916876574,0.0003494760071657,0
0.1246612466124661,0.035264483627204,0.0033544292064865,4
0.2086720867208672,0.0075566750629722,0.001908916300961,3
0.0257452574525745,0.0,0.0003718690472229,4
0.556910569105691,0.0,0.0006067291791071,0
0.3143631436314363,0.0125944584382871,0.0041395797946893,3
0.1070460704607046,0.0151133501259445,0.0036647130905082,4
0.021680216802168,0.0075566750629722,0.0013305183623875,4
0.0338753387533875,0.0050377833753148,0.0017774497060668,4
0.067750677506775,0.0,0.0002313660602995,4
0.2384823848238482,0.0,0.0003210931301061,3
0.3319783197831978,0.0251889168765743,0.0029121451501365,3
0.005420054200542,0.0025188916876574,0.0016391326654056,4
0.983739837398374,0.0025188916876574,0.0015026573275009,2
0.078590785907859,0.0,0.0003803374374675,4
0.0338753387533875,0.017632241813602,0.0026851509823616,4
0.6273712737127372,0.0025188916876574,0.0001166813363168,0
0.5271002710027101,0.0025188916876574,0.0006835126930928,0
0.6585365853658537,0.0,4.759166468740993e-05,0
0.040650406504065,0.052896725440806,0.0267197506217424,4
0.8252032520325203,0.0,0.0001693850170664,2
0.0040650406504065,0.0629722921914357,0.008598617562832,4
0.9051490514905148,0.0,0.0001555980646561,2
0.8834688346883469,0.0,0.0075274006212459,2
0.013550135501355,0.017632241813602,0.0218025419594536,4
0.516260162601626,0.0025188916876574,0.0006135279883481,0
0.0311653116531165,0.0,0.0004973113807643,4
0.4214092140921409,0.0100755667506297,0.0016240031633224,0
0.1612466124661246,0.0100755667506297,0.0037687090536334,4
0.0257452574525745,0.0050377833753148,0.0013849260484912,4
0.1395663956639566,0.0226700251889168,0.0061628193639519,4
0.024390243902439,0.0,0.0011757636943207,4
0.5040650406504065,0.0,0.0004150371828598,0
0.0257452574525745,0.0,0.0004864332859786,4
0.7710027100271003,0.0,0.0004174468874009,2
0.0149051490514905,0.0025188916876574,0.0007878528997239,4
0.0311653116531165,0.0277078085642317,0.005100053600435,4
0.3577235772357723,0.0075566750629722,0.0027230005558327,3
0.5934959349593496,0.0201511335012594,0.0390841167440574,0
0.3644986449864498,0.0050377833753148,0.0005815994031781,3
0.037940379403794,0.0125944584382871,0.004922905892311,4
0.8265582655826558,0.0151133501259445,0.0144901041954522,2
0.997289972899729,0.0025188916876574,0.001332308428618,2
0.021680216802168,0.0075566750629722,0.0027745338086624,4
0.3238482384823848,0.0025188916876574,0.0007124291475864,3
0.6084010840108401,0.0,0.0004931804586938,0
0.8414634146341463,0.0025188916876574,0.000434848396623,2
0.0094850948509485,0.1083123425692695,0.0671559870081812,4
0.9823848238482384,0.0,0.0002741899524305,2
0.5894308943089431,0.0075566750629722,0.0049502388266776,0
0.2100271002710027,0.0025188916876574,0.0024821350959886,3
0.078590785907859,0.0100755667506297,0.0020260451538354,4
0.535230352303523,0.0,0.0002904726702584,0
0.3414634146341463,0.0100755667506297,0.0009261355160345,3
0.1964769647696476,0.0025188916876574,0.0002811608834245,3
0.7466124661246613,0.0,0.0003040530765653,2
0.0,0.0906801007556675,0.0374675148161113,4
0.3536585365853658,0.0,0.0001279725233095,3
0.05420054200542,0.0251889168765743,0.0032444089820084,4
0.2506775067750677,0.017632241813602,0.0010436602489407,3
0.6991869918699187,0.0050377833753148,0.0013451831357378,2
0.5799457994579946,0.0,0.001429608855554,0
0.005420054200542,0.0050377833753148,0.0010858817149364,4
0.0962059620596205,0.0050377833753148,0.0030870552754723,4
0.2872628726287263,0.0,0.0017696181663081,3
0.0718157181571815,0.0050377833753148,0.0006892271352904,4
0.1544715447154471,0.0125944584382871,0.003920176196219,4
0.2682926829268293,0.0100755667506297,0.0019627387731047,3
0.0826558265582655,0.0,0.0001878364689814,4
0.7520325203252033,0.0,0.0001560283690384,2
0.078590785907859,0.0201511335012594,0.0041900631048261,4
0.5623306233062331,0.0050377833753148,0.0019572997257119,0
0.0094850948509485,0.052896725440806,0.0106522021971376,4
0.2723577235772357,0.0,0.00043848016561,3
0.8211382113821138,0.0,0.0005175356867345,2
0.002710027100271,0.0025188916876574,0.0006773507343376,4
0.5609756097560976,0.0,0.0003490629149586,0
0.0420054200542005,0.0277078085642317,0.0143787758456518,4
0.0447154471544715,0.0125944584382871,0.0077999037804976,4
0.6802168021680217,0.0,0.0003349833555683,0
0.3617886178861789,0.0025188916876574,0.0006192252183704,3
0.035230352303523,0.0025188916876574,0.0006788481935882,4
0.5257452574525745,0.0075566750629722,0.0014343766281104,0
0.024390243902439,0.0151133501259445,0.0045674400481431,4
0.059620596205962,0.0,0.0004547112469121,4
0.010840108401084,0.0025188916876574,0.0016730406507345,4
0.1869918699186991,0.0,0.0008574933609627,3
0.1043360433604336,0.0050377833753148,0.0033482156112054,4
0.018970189701897,0.0277078085642317,0.0236333494089313,4
0.035230352303523,0.0125944584382871,0.0021768238094093,4
0.559620596205962,0.0075566750629722,0.0022704924673582,0
0.0230352303523035,0.0125944584382871,0.0030358318417979,4
0.1924119241192411,0.0075566750629722,0.0011429056516848,3
0.556910569105691,0.0,0.0001886110168696,0
0.7398373983739838,0.0,0.0002118474535163,2
0.0447154471544715,0.0050377833753148,0.000853465711944,4
0.086720867208672,0.0100755667506297,0.0023544362462662,4
0.7791327913279132,0.0125944584382871,0.0027070104449848,2
0.2655826558265582,0.0,0.0002256344059266,3
0.3333333333333333,0.0,0.000296479719436,3
0.3888888888888889,0.0075566750629722,0.0036001330088058,3
0.0040650406504065,0.0201511335012594,0.0049916341082593,4
0.0094850948509485,0.0201511335012594,0.0083223105128403,4
0.7696476964769647,0.0025188916876574,0.0001859775540497,2
0.5094850948509485,0.0025188916876574,0.0006795538927752,0
0.010840108401084,0.0100755667506297,0.002790265736881,4
0.0013550135501355,0.0201511335012594,0.0044551822408768,4
0.4783197831978319,0.0,0.0006553535743121,0
0.040650406504065,0.0050377833753148,0.0021421240640169,4
0.2655826558265582,0.0125944584382871,0.0015635023671646,3
0.0040650406504065,0.0,0.0005618226137655,4
0.0311653116531165,0.0125944584382871,0.002586817824908,4
0.0989159891598916,0.0125944584382871,0.0015364792519533,4
0.0962059620596205,0.0050377833753148,0.001145435841453,4
0.494579945799458,0.0025188916876574,0.0016740733812521,0
0.08130081300813,0.0100755667506297,0.0002150661302962,4
0.6070460704607046,0.0125944584382871,0.0021863077179962,0
0.2344173441734417,0.0,0.0003252929008778,3
0.0121951219512195,0.0226700251889168,0.0069291742567339,4
0.5745257452574526,0.0,0.0002378206260346,0
0.062330623306233,0.0,0.0008236714365104,4
0.8468834688346883,0.0,0.0020629996941912,2
0.521680216802168,0.0025188916876574,0.0026769579869218,0
0.5284552845528455,0.0025188916876574,0.0006724624765542,0
0.5271002710027101,0.0,0.0004301838971184,0
0.1151761517615176,0.0,0.0010744011940154,4
0.021680216802168,0.0403022670025188,0.0086892224535787,4
0.089430894308943,0.0,0.0005539738618315,4
0.8401084010840109,0.0025188916876574,0.00043994320051,2
0.0989159891598916,0.0075566750629722,0.0015798367215184,4
0.1233062330623306,0.0251889168765743,0.0031124776583813,4
0.5311653116531165,0.0025188916876574,0.0003871362467085,0
0.8455284552845529,0.0025188916876574,0.0004069818848223,2
0.1680216802168021,0.0151133501259445,0.0027141534977317,3
0.018970189701897,0.0377833753148614,0.0174818728684979,4
0.0,0.36272040302267,1.0,1
0.0447154471544715,0.0226700251889168,0.0067930431623351,4
0.8008130081300813,0.0,0.000497879382549,2
0.0040650406504065,0.0151133501259445,0.0052228108346306,4
0.059620596205962,0.035264483627204,0.0049164169022253,4
0.002710027100271,0.0226700251889168,0.0056571428659948,4
0.0501355013550135,0.035264483627204,0.0092826810455343,4
0.2940379403794038,0.0125944584382871,0.0020501938357726,3
0.016260162601626,0.0277078085642317,0.0075152660376637,4
0.0853658536585365,0.0075566750629722,0.0018203768712496,4
0.1355013550135501,0.0302267002518891,0.0279644835024656,4
0.0040650406504065,0.1385390428211587,0.0395696033603949,4
0.0691056910569105,0.0,6.110322229305797e-05,4
0.043360433604336,0.017632241813602,0.0029974486908927,4
0.5853658536585366,0.0,0.0004798926593669,0
0.1815718157181571,0.0327455919395466,0.0058509175354526,3
0.0149051490514905,0.0125944584382871,0.0017044872949963,4
0.2506775067750677,0.0,0.0004208204737585,3
0.5257452574525745,0.0,0.0004070851578741,0
0.0094850948509485,0.0100755667506297,0.0016758978718332,4
0.2086720867208672,0.0025188916876574,0.0005372092030953,3
0.5704607046070461,0.0,0.0006436837194629,0
0.005420054200542,0.0075566750629722,0.0037082771061768,4
0.513550135501355,0.0,0.0033313304672422,0
0.1151761517615176,0.0151133501259445,0.0026961323501991,4
0.2086720867208672,0.035264483627204,0.0002830886470574,3
0.6449864498644986,0.0025188916876574,0.0022263604499049,0
0.062330623306233,0.0,0.0004739372467153,4
0.1734417344173441,0.0125944584382871,0.0025021511346377,3
0.9498644986449865,0.0,0.0002362715302582,2
0.048780487804878,0.0201511335012594,0.0042781550179799,4
0.016260162601626,0.0604534005037783,0.0070114656668136,4
0.0311653116531165,0.0125944584382871,0.0018916524891413,4
0.7411924119241192,0.0050377833753148,0.0002943281975243,2
0.0121951219512195,0.0075566750629722,0.0011810134077854,4
0.0772357723577235,0.0050377833753148,0.000700277351829,4
0.1151761517615176,0.0251889168765743,0.003839451094091,4
0.4512195121951219,0.0151133501259445,0.0037711015459993,0
0.073170731707317,0.0025188916876574,0.0015434846072979,4
0.3794037940379404,0.017632241813602,0.0078767733553598,3
0.1056910569105691,0.0151133501259445,0.0403046148819669,4
0.0826558265582655,0.0,0.0002581654172319,4
0.0447154471544715,0.0377833753148614,0.0086591355711651,4
0.013550135501355,0.0100755667506297,0.0010310609366256,4
0.013550135501355,0.0251889168765743,0.0030983808868156,4
0.3929539295392953,0.0,0.0003737623865052,3
0.0474254742547425,0.0075566750629722,0.0012555593389829,4
0.1151761517615176,0.0050377833753148,0.0025643731483249,4
0.540650406504065,0.0025188916876574,0.0016022641859263,0
0.3821138211382114,0.0125944584382871,0.002003290658097,3
0.3956639566395664,0.0,0.0008655486590002,3
0.556910569105691,0.0050377833753148,0.0017432319015827,0
0.048780487804878,0.0025188916876574,0.0003308180091472,4
0.0013550135501355,0.0100755667506297,0.0015302140201464,4
0.005420054200542,0.0226700251889168,0.0068198941557934,4
0.005420054200542,0.0050377833753148,0.0011893613128029,4
0.0447154471544715,0.0075566750629722,0.0009986676227226,4
0.0284552845528455,0.0050377833753148,0.0006647858463731,4
0.059620596205962,0.0151133501259445,0.003433484727611,4
0.521680216802168,0.0,0.0001073867616581,0
0.592140921409214,0.0050377833753148,0.0024126822474605,0
0.0826558265582655,0.0,0.0002806961546916,4
0.5040650406504065,0.0,5.5853508828443134e-05,0
0.010840108401084,0.0151133501259445,0.002749317971857,4
0.1802168021680217,0.0,0.0005757300514029,3
0.508130081300813,0.0025188916876574,0.0012477105870489,0
0.005420054200542,0.0302267002518891,0.0108097452376019,4
0.924119241192412,0.0,2.1738977396093586e-05,2
0.0880758807588075,0.0,0.0002364780763617,4
0.5555555555555556,0.0025188916876574,0.0008332069816231,0
0.5853658536585366,0.0,0.0008419335544971,0
0.2018970189701897,0.0025188916876574,0.0011193938202335,3
0.08130081300813,0.0151133501259445,0.0047276681879533,4
0.062330623306233,0.0050377833753148,0.0024926844382261,4
0.3319783197831978,0.0025188916876574,0.001583795521836,3
0.062330623306233,0.0,0.0002199543880797,4
0.6273712737127372,0.0025188916876574,0.0010142962778894,0
0.0799457994579945,0.0075566750629722,0.0016245711651071,4
0.7615176151761518,0.0,0.0004007510773659,2
0.0257452574525745,0.0025188916876574,0.001280344871406,4
0.010840108401084,0.0075566750629722,0.0019425833158357,4
0.035230352303523,0.0050377833753148,0.0016722833150215,4
0.0257452574525745,0.052896725440806,0.0101868538258939,4
0.5623306233062331,0.0,0.0002858081707538,0
0.0989159891598916,0.0100755667506297,0.0028774281925689,4
0.2710027100271002,0.0025188916876574,0.0008376305106737,3
0.013550135501355,0.0,0.0002247049484608,4
0.4525745257452574,0.0075566750629722,0.0006451123300123,0
0.0420054200542005,0.0025188916876574,0.0004424389659276,4
0.5094850948509485,0.0050377833753148,0.0006829791156587,0
0.0975609756097561,0.0025188916876574,0.0013744954702632,4
0.1138211382113821,0.0050377833753148,0.0018941654667342,4
0.5745257452574526,0.0,0.0008466669027029,0
0.0691056910569105,0.0251889168765743,0.0083898166643427,4
0.0392953929539295,0.0201511335012594,0.0083679055651937,4
0.0921409214092141,0.0100755667506297,0.0021475286870592,4
0.924119241192412,0.0,0.000128351191166,2
0.0203252032520325,0.0025188916876574,0.0007058713087995,4
0.0203252032520325,0.0,0.0003746574196205,4
0.0257452574525745,0.0025188916876574,0.0006701216207142,4
0.7276422764227642,0.0,0.0006821873555952,2
0.0474254742547425,0.0050377833753148,0.0003853806048286,4
0.005420054200542,0.0982367758186398,0.0119714982212335,4
0.0230352303523035,0.0151133501259445,0.0015310402045605,4
0.040650406504065,0.017632241813602,0.0031158512447389,4
0.08130081300813,0.017632241813602,0.0047937801532568,4
0.0338753387533875,0.0050377833753148,0.0020830346662332,4
0.0040650406504065,0.0931989924433249,0.0168550398686476,4
0.1517615176151761,0.0151133501259445,0.001198741948338,4
0.1192411924119241,0.0226700251889168,0.0073753654768756,4
0.516260162601626,0.0,0.0007005871709843,0
0.8577235772357723,0.0,0.0002425367620652,2
0.0392953929539295,0.0025188916876574,0.0004717857248035,4
0.3170731707317073,0.0075566750629722,0.0011918570782205,3
0.5609756097560976,0.0,0.0003482023061939,0
0.5176151761517616,0.0,0.0005028364890336,0
0.3753387533875338,0.0,0.0005381386605612,3
0.4783197831978319,0.0,0.0019592447015201,0
0.2750677506775068,0.0,0.0002216067569079,3
0.4268292682926829,0.0025188916876574,0.0013367319576685,0
0.0962059620596205,0.0075566750629722,0.0017273794881371,4
0.9932249322493224,0.0,0.0003196989439073,2
0.7750677506775068,0.0,0.0002405573619064,2
0.029810298102981,0.0100755667506297,0.0014113467375672,4
0.037940379403794,0.0050377833753148,0.0016431431022491,4
0.067750677506775,0.0151133501259445,0.0027027418255119,4
0.7642276422764228,0.0025188916876574,0.0003710600749841,2
0.6680216802168022,0.0025188916876574,0.0006204128584657,0
0.3333333333333333,0.0251889168765743,0.0067521642460123,3
0.0149051490514905,0.0453400503778337,0.0105546607997475,4
0.7425474254742548,0.0,0.0002775119022622,2
0.0121951219512195,0.0050377833753148,0.0003427976831517,4
0.3333333333333333,0.0025188916876574,0.0018071923449745,3
0.0772357723577235,0.0,0.0006598631642391,4
0.05420054200542,0.0050377833753148,0.0010445380698807,4
0.0663956639566395,0.0226700251889168,0.0067675519307249,4
0.6355013550135501,0.0025188916876574,0.001030148691335,0
0.0013550135501355,0.0806045340050377,0.0168818564377554,4
0.5230352303523035,0.0050377833753148,0.0029410616046301,0
0.040650406504065,0.0100755667506297,0.003312224952666,4
0.6788617886178862,0.0,0.000150554897295,0
0.08130081300813,0.0125944584382871,0.0130541268350394,4
0.0975609756097561,0.0050377833753148,0.0006437525681641,4
0.4457994579945799,0.0025188916876574,0.0007471805295046,0
0.5094850948509485,0.0100755667506297,0.0016770682997532,0
0.0203252032520325,0.1385390428211587,0.0236695466135742,4
0.024390243902439,0.0025188916876574,0.0020424655690657,4
0.0636856368563685,0.0151133501259445,0.005249902798543,4
0.8414634146341463,0.0,0.0002324332151677,2
0.8157181571815718,0.0,0.0005615816433114,2
0.6842818428184282,0.0,0.0002006079030494,0
0.024390243902439,0.0780856423173803,0.0242908717173305,4
0.7344173441734417,0.0,0.0002263228929384,2
0.2425474254742547,0.0100755667506297,0.0013244080401582,3
0.0013550135501355,0.0151133501259445,0.005923466854316,4
0.0718157181571815,0.0125944584382871,0.0024774688752664,4
0.1910569105691057,0.0,0.0002014685118141,3
0.5691056910569106,0.0025188916876574,0.0009258773334051,0
0.0067750677506775,0.0125944584382871,0.0040848278650797,4
0.024390243902439,0.0025188916876574,0.0009768425844501,4
0.05420054200542,0.0,0.000191330540566,4
0.7398373983739838,0.0,0.0003673938816465,2
0.5420054200542005,0.0075566750629722,0.0018060907657557,0
0.2588075880758808,0.0,0.0005921504666332,3
0.0203252032520325,0.0302267002518891,0.0014793348299778,4
0.508130081300813,0.0050377833753148,0.0009763262191913,0
0.0420054200542005,0.0025188916876574,0.0009365316699119,4
0.0772357723577235,0.0025188916876574,0.0010989113316338,4
0.0121951219512195,0.0377833753148614,0.0068675030326561,4
0.0392953929539295,0.0125944584382871,0.0030674850321632,4
0.8834688346883469,0.0,0.0004865021346797,2
0.55420054200542,0.0,0.0004408726579758,0
0.3523035230352303,0.0,6.463171822829089e-05,3
0.1666666666666666,0.0100755667506297,0.0033150305372389,3
0.1056910569105691,0.0075566750629722,0.0039900576279119,4
0.521680216802168,0.0,0.0003813529558098,0
0.0013550135501355,0.0151133501259445,0.0047606811401668,4
0.024390243902439,0.0251889168765743,0.0057640132623941,4
0.0203252032520325,0.0100755667506297,0.0030445412024966,4
0.5040650406504065,0.0,0.0003546052354032,0
0.4878048780487805,0.0075566750629722,0.0009394577397119,0
0.7615176151761518,0.0025188916876574,0.0010523351852888,2
0.508130081300813,0.0,0.0019034428292175,0
0.4322493224932249,0.0,0.0003511800125197,0
0.5636856368563685,0.0025188916876574,0.0010755371975848,0
0.0962059620596205,0.0,0.0004141421497445,4
0.8102981029810298,0.0025188916876574,0.0007608642088632,2
0.7533875338753387,0.0,0.0002384402643452,2
0.4173441734417344,0.0050377833753148,0.001739737829998,0
0.2588075880758808,0.0025188916876574,0.0010569996847934,3
0.0338753387533875,0.0125944584382871,0.0024563151118303,4
0.0975609756097561,0.0025188916876574,0.0009714723857584,4
0.018970189701897,0.0075566750629722,0.0011874679735205,4
0.029810298102981,0.035264483627204,0.0040916438864961,4
0.002710027100271,0.0554156171284634,0.0155921997795154,4
0.7317073170731707,0.0075566750629722,0.0016004052709945,2
0.1720867208672086,0.0025188916876574,0.0026042881828313,3
0.1097560975609756,0.0075566750629722,0.0009278911579144,4
0.0149051490514905,0.0251889168765743,0.0063557850611709,4
0.0474254742547425,0.0654911838790932,0.0179510423426569,4
0.1273712737127371,0.017632241813602,0.0032580066004905,4
0.1002710027100271,0.0025188916876574,0.0023121459315693,4
0.043360433604336,0.0075566750629722,0.0014707975910321,4
0.1490514905149051,0.0050377833753148,0.002532100319649,4
0.067750677506775,0.0277078085642317,0.0177631026006237,4
0.559620596205962,0.0,0.0006255765110538,0
0.005420054200542,0.0025188916876574,0.0009365488820872,4
0.3834688346883468,0.0025188916876574,0.0015025884787998,3
0.0447154471544715,0.0025188916876574,0.0006990724995584,4
0.0962059620596205,0.0201511335012594,0.0058940340345636,4
0.4905149051490515,0.0050377833753148,0.0013701407899138,0
0.535230352303523,0.0025188916876574,0.0008380780272313,0
0.024390243902439,0.0100755667506297,0.0016781526667967,4
0.013550135501355,0.0831234256926952,0.021995180625342,4
0.018970189701897,0.0025188916876574,0.0049982435835721,4
0.032520325203252,0.0025188916876574,0.001267280830358,4
0.0338753387533875,0.0201511335012594,0.0136897208321143,4
0.1138211382113821,0.0403022670025188,0.0131727015106386,4
0.024390243902439,0.0050377833753148,0.0059086127470375,4
0.021680216802168,0.0025188916876574,0.0020821740574685,4
0.1287262872628726,0.0025188916876574,0.0009798030786006,4
0.0772357723577235,0.0201511335012594,0.0030568479078316,4
0.7913279132791328,0.0075566750629722,0.0017346086017605,2
0.0799457994579945,0.0,0.0002914021277243,4
0.2018970189701897,0.0,0.0003033129530276,3
0.1571815718157181,0.0075566750629722,0.0010072220738437,4
0.2344173441734417,0.0,0.0003168761471592,3
0.943089430894309,0.0,0.0011291186992745,2
0.0203252032520325,0.0251889168765743,0.0047852084899605,4
0.005420054200542,0.0201511335012594,0.0062794146393922,4
0.2560975609756097,0.0,6.225643803774384e-05,3
0.3699186991869919,0.0,0.0008837935648117,3
0.1720867208672086,0.0100755667506297,0.0031049903621285,3
0.508130081300813,0.0,0.0016297692420458,0
0.013550135501355,0.0201511335012594,0.00511791983839,4
0.0257452574525745,0.0151133501259445,0.0033850324541589,4
0.4200542005420054,0.0,0.0002606956070001,0
0.0203252032520325,0.0151133501259445,0.0094503620572466,4
0.7411924119241192,0.0,7.495902340458237e-05,2
0.067750677506775,0.0125944584382871,0.0034815755453819,4
0.005420054200542,0.1158690176322418,0.0163805690444982,4
0.0013550135501355,0.0680100755667506,0.0146895072462311,4
0.0311653116531165,0.0050377833753148,0.0024281387808743,4
0.0040650406504065,0.0629722921914357,0.022396224309688,4
0.0989159891598916,0.0226700251889168,0.0101155954201775,4
0.7696476964769647,0.0,0.0019044411353846,2
0.005420054200542,0.052896725440806,0.0116921446162148,4
0.8021680216802168,0.0,8.18094691715224e-05,2
0.0907859078590785,0.0151133501259445,0.0038637374734306,4
0.005420054200542,0.0,0.0005952830825367,4
0.029810298102981,0.0629722921914357,0.0150012369529774,4
0.0,0.1511335012594458,0.0984749513536592,4
0.2682926829268293,0.0,0.0003030203460476,3
0.0149051490514905,0.0831234256926952,0.125997512255456,4
0.0447154471544715,0.0,5.5853508828443134e-05,4
0.1761517615176151,0.0100755667506297,0.0039684219235676,3
0.037940379403794,0.035264483627204,0.0076724304102716,4
0.8035230352303523,0.0025188916876574,0.0005828731041498,2
0.8631436314363143,0.0,0.0006920155076879,2
0.518970189701897,0.0,0.0003777211868228,0
0.2628726287262872,0.0075566750629722,0.0034657575562869,3
0.0718157181571815,0.0125944584382871,0.0075898980297377,4
0.029810298102981,0.0277078085642317,0.0082286418548914,4
0.2398373983739837,0.0050377833753148,0.0006228741995327,3
0.0528455284552845,0.0,0.0003352243260224,4
0.2764227642276423,0.0100755667506297,0.0018348178863211,3
0.059620596205962,0.0100755667506297,0.0010688416613955,4
0.1287262872628726,0.0075566750629722,0.0025030633799283,4
0.002710027100271,0.0554156171284634,0.0148936952817417,4
0.2100271002710027,0.0251889168765743,0.0056246634912153,3
0.2425474254742547,0.0302267002518891,0.0037181224704449,3
0.013550135501355,0.0125944584382871,0.0032265255318781,4
0.7872628726287263,0.0050377833753148,0.0027382505431431,2
0.0975609756097561,0.0201511335012594,0.0047152065730405,4
0.5528455284552846,0.0025188916876574,0.0010397014486231,0
0.0501355013550135,0.0327455919395466,0.011138274027435,4
0.0013550135501355,0.0856423173803526,0.0580876836059314,4
0.062330623306233,0.0075566750629722,0.0020171808835591,4
0.010840108401084,0.0,0.0001339967846623,4
0.0094850948509485,0.0226700251889168,0.0087522362273293,4
0.2195121951219512,0.0,0.0002136891562727,3
0.0040650406504065,0.0025188916876574,0.0003847265421674,4
0.8468834688346883,0.0,0.0002927963139231,2
0.3048780487804878,0.0025188916876574,0.0003635727787313,3
0.2086720867208672,0.0050377833753148,0.0009313852294991,3
0.0013550135501355,0.1133501259445843,0.0301581924558381,4
0.0826558265582655,0.0075566750629722,0.0016462068694514,4
0.8170731707317073,0.0050377833753148,0.0004844366736445,2
0.5704607046070461,0.0075566750629722,0.0035280484186752,0
0.481029810298103,0.0125944584382871,0.0021635532222577,0
0.532520325203252,0.0,8.41503250114818e-05,0
0.021680216802168,0.0050377833753148,0.0010519565174323,4
0.7168021680216802,0.0,0.0006312221045502,2
0.0799457994579945,0.0,0.0015310574167358,4
0.3075880758807588,0.0151133501259445,0.0038557682362696,3
0.010840108401084,0.017632241813602,0.0019135980126409,4
0.494579945799458,0.017632241813602,0.0034238114850959,0
0.0121951219512195,0.0025188916876574,0.0014214847088153,4
0.029810298102981,0.0,4.655893416978079e-05,4
0.024390243902439,0.0201511335012594,0.0026967692006849,4
0.0040650406504065,0.0680100755667506,0.0206865905742788,4
0.5691056910569106,0.0,0.000251900185425,0
0.0121951219512195,0.0604534005037783,0.055162250656468,4
0.513550135501355,0.0,0.000771690667123,0
0.0203252032520325,0.0201511335012594,0.005326583039477,4
0.6747967479674797,0.0050377833753148,0.0016709235531733,0
0.8414634146341463,0.0,0.0004256743071914,2
0.518970189701897,0.0,0.0002484061138403,0
0.002710027100271,0.017632241813602,0.0084659461156672,4
0.513550135501355,0.0025188916876574,0.0004816655134222,0
0.7317073170731707,0.0,0.0004330583303924,2
0.048780487804878,0.0100755667506297,0.0016285643897752,4
0.4552845528455284,0.0050377833753148,0.0006581075223591,0
0.010840108401084,0.0302267002518891,0.0043191199951792,4
0.3143631436314363,0.0,0.0001214318966978,3
0.2655826558265582,0.0025188916876574,0.0057979212477229,3
0.024390243902439,0.0025188916876574,0.000661790927872,4
0.0338753387533875,0.0,0.0001783353482192,4
0.2560975609756097,0.0025188916876574,0.0011306505828756,3
0.8062330623306233,0.0,0.0001364064892035,2
0.2655826558265582,0.0025188916876574,0.0017050208724304,3
0.2953929539295393,0.0,0.000226770409496,3
0.8970189701897019,0.017632241813602,0.0003070652072417,2
0.2764227642276423,0.0075566750629722,0.0008800585227729,3
0.0311653116531165,0.0050377833753148,0.0013010166939339,4
0.05420054200542,0.0125944584382871,0.003182875455333,4
0.062330623306233,0.0151133501259445,0.0041644513879889,4
0.6842818428184282,0.0,0.0001324476888859,0
0.0121951219512195,0.0604534005037783,0.0131171233966148,4
0.521680216802168,0.0100755667506297,0.0043028200651759,0
0.5365853658536586,0.0,0.0007432733657129,0
0.6666666666666666,0.0,0.0008015710034331,0
0.067750677506775,0.0025188916876574,0.000292968435676,4
0.7452574525745257,0.0050377833753148,0.0178895604525074,2
0.5799457994579946,0.0075566750629722,0.0020591958034513,0
0.0772357723577235,0.0100755667506297,0.0014525698973959,4
0.0067750677506775,0.0050377833753148,0.0036680178281646,4
0.4485094850948509,0.0025188916876574,0.0017454522721956,0
0.0975609756097561,0.0,0.0002669436266318,4
0.016260162601626,0.0050377833753148,0.0021626754013177,4
0.0582655826558265,0.0050377833753148,0.0216854131065792,4
0.4227642276422764,0.0,0.0003004385197536,0
0.0094850948509485,0.0680100755667506,0.0143456251960359,4
0.0474254742547425,0.017632241813602,0.0070056651637396,4
0.2682926829268293,0.0025188916876574,0.001655380958883,3
0.5474254742547425,0.0,0.00071058744483,0
0.0609756097560975,0.0100755667506297,0.0072308004165828,4
0.2886178861788618,0.0,0.0007291938063226,3
0.3008130081300813,0.0125944584382871,0.0028346043004378,3
0.6666666666666666,0.0050377833753148,0.0026376281663754,0
0.1151761517615176,0.0075566750629722,0.0005098762687288,4
0.4308943089430894,0.0050377833753148,0.0017728540552633,0
0.0921409214092141,0.0201511335012594,0.003485740891803,4
0.8008130081300813,0.0,0.0003989782233107,2
0.0691056910569105,0.0277078085642317,0.0171338082597063,4
0.2710027100271002,0.0075566750629722,0.0014603153762782,3
0.1355013550135501,0.0050377833753148,0.0010214565428116,4
0.7235772357723578,0.0025188916876574,0.0009157565743323,2
0.048780487804878,0.0075566750629722,0.0020733958480687,4
0.2845528455284553,0.0025188916876574,0.0014650659366592,3
0.002710027100271,0.181360201511335,0.0583503414009151,4
0.0284552845528455,0.0100755667506297,0.0009436747226589,4
0.089430894308943,0.0,0.00077444461517,4
0.989159891598916,0.0,0.0005769176914982,2
0.2289972899728997,0.0100755667506297,0.0011498765826788,3
0.0636856368563685,0.0403022670025188,0.0123727656638583,4
0.021680216802168,0.0025188916876574,0.0007778354137029,4
0.8279132791327913,0.0,5.172258675792653e-05,2
0.1138211382113821,0.0,1.781460142910282e-05,4
0.7994579945799458,0.0,0.0005834066815839,2
0.2384823848238482,0.0025188916876574,0.0002030176075905,3
0.1436314363143631,0.0,0.0002326913977971,4
0.0989159891598916,0.0050377833753148,0.0002290079922842,4
0.5840108401084011,0.0,0.0005979509697072,0
0.0392953929539295,0.0050377833753148,0.0004712693595447,4
0.1395663956639566,0.017632241813602,0.0027513834328922,4
0.1111111111111111,0.0,0.0029351750406796,4
0.0948509485094851,0.0025188916876574,0.0003223840432532,4
0.043360433604336,0.0025188916876574,0.0006542003585674,4
0.0772357723577235,0.0125944584382871,0.0039606592325101,4
0.6598915989159891,0.0,0.0006104297967952,0
0.0121951219512195,0.0604534005037783,0.0171598502809259,4
0.089430894308943,0.0075566750629722,0.0010617330329992,4
0.3753387533875338,0.0,0.000560858731949,3
0.7032520325203252,0.0075566750629722,0.0006433050516064,2
0.3807588075880759,0.0075566750629722,0.002116822166335,3
0.1151761517615176,0.0,0.0003586500965973,4
0.3075880758807588,0.0025188916876574,0.0015422281185014,3
0.2046070460704607,0.0050377833753148,0.0008691804279872,3
0.070460704607046,0.0201511335012594,0.0085647956383797,4
0.2669376693766938,0.0025188916876574,0.0012130108416566,3
0.2289972899728997,0.017632241813602,0.0029866738691587,3
0.078590785907859,0.0050377833753148,0.0017366224262698,4
0.0948509485094851,0.0,0.0010596503597886,4
0.0013550135501355,0.0151133501259445,0.0023560369785685,4
0.0203252032520325,0.0604534005037783,0.0152902293761607,4
0.55420054200542,0.0,0.0009136739011218,0
0.513550135501355,0.0050377833753148,0.0014874073401906,0
0.0989159891598916,0.0025188916876574,0.0006982635273196,4
0.1897018970189702,0.0050377833753148,0.0003524881378421,3
0.0474254742547425,0.0050377833753148,0.0009602844718174,4
0.013550135501355,0.0050377833753148,0.0046777184552506,4
0.978319783197832,0.0,0.0004296847440349,2
0.0799457994579945,0.0780856423173803,0.0303388686598973,4
0.9159891598915988,0.0,0.0005287408128508,2
0.021680216802168,0.0226700251889168,0.005654285644896,4
0.6029810298102981,0.0,0.0001127225359992,0
0.6409214092140921,0.0,0.0002074927731669,0
0.024390243902439,0.0554156171284634,0.0095560964500766,4
0.0121951219512195,0.0125944584382871,0.0038650800231035,4
0.0311653116531165,0.0025188916876574,0.0005601702449373,4
0.8062330623306233,0.0,0.0002670296875083,2
0.010840108401084,0.0201511335012594,0.0043494822723975,4
0.013550135501355,0.017632241813602,0.0020811241147756,4
0.0067750677506775,0.0050377833753148,0.0011374838164673,4
0.6517615176151762,0.0025188916876574,0.0007561997093586,0
0.3184281842818428,0.017632241813602,0.0036856086713149,3
0.1016260162601626,0.0025188916876574,0.0017678470334704,4
0.5650406504065041,0.0151133501259445,0.0056133723042226,0
0.2208672086720867,0.0075566750629722,0.0027389390301548,3
0.002710027100271,0.070528967254408,0.0216426580631493,4
0.0474254742547425,0.0277078085642317,0.0074045745383492,4
0.1043360433604336,0.0050377833753148,0.0011835780219041,4
0.0718157181571815,0.0,0.0005992935193801,4
0.535230352303523,0.0025188916876574,0.000870867221166,0
0.1016260162601626,0.0151133501259445,0.0034327790284239,4
0.8563685636856369,0.0,0.0014033775004062,2
0.4552845528455284,0.0075566750629722,0.0028527459331975,0
0.0040650406504065,0.0201511335012594,0.0040193871746126,4
0.1476964769647696,0.0025188916876574,0.0009450344845071,4
0.1002710027100271,0.0025188916876574,0.0009433821156789,4
0.513550135501355,0.0075566750629722,0.0018443190070833,0
0.5907859078590786,0.0050377833753148,0.0020250124233178,0
0.2411924119241192,0.0100755667506297,0.0035431607085832,3
0.0975609756097561,0.0075566750629722,0.0075573153819065,4
0.8983739837398373,0.0,0.0002960494150536,2
0.6273712737127372,0.0025188916876574,0.000137783463227,0
0.024390243902439,0.0075566750629722,0.0026595909020503,4
0.2222222222222222,0.0,8.270450228680099e-05,3
0.6192411924119241,0.0,0.0004400292613864,0
0.3699186991869919,0.0025188916876574,0.0005327340375189,3
0.516260162601626,0.0050377833753148,0.00101228245338,0
0.002710027100271,0.0453400503778337,0.0171081793306938,4
0.1070460704607046,0.0125944584382871,0.0029364659538267,4
0.0230352303523035,0.0151133501259445,0.0028971017089297,4
0.1924119241192411,0.0201511335012594,0.0089074211997784,3
0.0474254742547425,0.017632241813602,0.0027783032750518,4
0.1802168021680217,0.0025188916876574,0.0010336083385691,3
0.6233062330623306,0.0,0.0002669092022812,0
0.3279132791327913,0.0050377833753148,0.0016145536790861,3
0.0799457994579945,0.0,0.000120915531439,4
0.5555555555555556,0.0025188916876574,0.0005256598334732,0
0.032520325203252,0.0,0.0002287670218301,4
0.010840108401084,0.0125944584382871,0.0015633990941128,4
0.5501355013550135,0.0025188916876574,0.0001689375005088,0
0.8468834688346883,0.0,0.0006637014793296,2
0.032520325203252,0.0025188916876574,0.0063957861565537,4
0.005420054200542,0.0554156171284634,0.0079737295387899,4
0.4864498644986449,0.0050377833753148,0.0019948050556771,0
0.516260162601626,0.0050377833753148,0.0014541017809971,0
0.037940379403794,0.0050377833753148,0.0013912257046488,4
0.0582655826558265,0.0251889168765743,0.0107670762550485,4
0.8753387533875339,0.0,0.0007293487159002,2
0.2953929539295393,0.0100755667506297,0.0042505983253345,3
0.086720867208672,0.0100755667506297,0.0018932532214436,4
0.1842818428184282,0.0125944584382871,0.0018068825258192,3
0.0067750677506775,0.0226700251889168,0.0029039005181708,4
0.0121951219512195,0.0050377833753148,0.0008983550651103,4
0.1056910569105691,0.0075566750629722,0.0030731134134843,4
0.5609756097560976,0.0,0.0011903768311452,0
0.0149051490514905,0.0100755667506297,0.0019458192047909,4
0.0975609756097561,0.017632241813602,0.0062002730573912,4
0.2506775067750677,0.0100755667506297,0.0016566546598547,3
0.7046070460704607,0.0,0.0001905387805025,2
0.0975609756097561,0.0125944584382871,0.0041248978091637,4
0.0040650406504065,0.0100755667506297,0.0013509836388118,4
0.0663956639566395,0.0,0.0002623479758283,4
0.8102981029810298,0.0075566750629722,0.0012031482652132,2
0.2181571815718157,0.0226700251889168,0.0014025685281674,3
0.6490514905149052,0.0,0.0006426854132959,0
0.3604336043360434,0.0,0.0002998360936183,3
0.0474254742547425,0.0302267002518891,0.0073535060142524,4
0.1070460704607046,0.0,0.0008690255184096,4
0.0094850948509485,0.0453400503778337,0.0084167537186775,4
0.0501355013550135,0.0050377833753148,0.0009094913425254,4
0.1517615176151761,0.0,0.0002289219314077,4
0.592140921409214,0.0075566750629722,0.003651580200759,0
0.0338753387533875,0.0,0.0005118728810628,4
0.0989159891598916,0.0302267002518891,0.0152997132847476,4
0.032520325203252,0.0503778337531486,0.0161102862558594,4
0.08130081300813,0.0100755667506297,0.0013182288692277,4
0.0013550135501355,0.0957178841309823,0.0149285499367116,4
0.2953929539295393,0.0,0.0001118791394098,3
0.035230352303523,0.0226700251889168,0.005292313598467,4
0.4390243902439024,0.0,0.0001262857301307,0
0.7994579945799458,0.0,0.0018016156001793,2
0.532520325203252,0.0100755667506297,0.0030965908205851,0
0.010840108401084,0.0377833753148614,0.0158780079502693,4
0.08130081300813,0.0025188916876574,0.0010147610066224,4
0.0392953929539295,0.0,0.0001775435881557,4
0.508130081300813,0.0025188916876574,0.0006288640365349,0
0.0989159891598916,0.0327455919395466,0.0030207367640652,4
0.024390243902439,0.0,0.0003017466450759,4
0.051490514905149,0.0654911838790932,0.0132131673347543,4
0.5365853658536586,0.0050377833753148,0.0021536906458144,0
0.005420054200542,0.0100755667506297,0.0017643340284929,4
0.016260162601626,0.0327455919395466,0.0036158649370243,4
0.1761517615176151,0.0125944584382871,0.0032316891844663,3
0.9959349593495936,0.0,0.0007344607319625,2
0.1084010840108401,0.0050377833753148,0.0007336001231978,4
0.6978319783197832,0.0,0.0004612346613484,2
0.8495934959349594,0.0,0.0003803202252922,2
0.062330623306233,0.0151133501259445,0.0130762616924673,4
0.1205962059620596,0.0201511335012594,0.0059508858495591,4
0.024390243902439,0.0201511335012594,0.0053219357521477,4
0.0501355013550135,0.0050377833753148,0.002319392257368,4
0.070460704607046,0.0050377833753148,0.0012739763665473,4
0.048780487804878,0.0277078085642317,0.006890223104044,4
0.0528455284552845,0.0050377833753148,0.0012163672158389,4
0.0338753387533875,0.0151133501259445,0.013641199709961,4
0.9390243902439024,0.0,8.824682273141076e-05,2
0.0582655826558265,0.0050377833753148,0.0023683608960789,4
0.6788617886178862,0.0075566750629722,0.001128034332231,0
0.0718157181571815,0.0251889168765743,0.0113201550837648,4
0.005420054200542,0.0125944584382871,0.0013515000040706,4
0.991869918699187,0.0,0.0005330610688495,2
0.1192411924119241,0.0025188916876574,0.0030797401009724,4
0.1449864498644986,0.0100755667506297,0.0008536894702228,4
0.5894308943089431,0.0,0.0005815821910028,0
0.040650406504065,0.0025188916876574,0.0006049563250518,4
0.6856368563685636,0.0,6.759221237882778e-05,0
0.0040650406504065,0.0251889168765743,0.0139235654456561,4
0.8008130081300813,0.0,0.0003941243898778,2
0.0149051490514905,0.0931989924433249,0.0137969698963701,4
0.010840108401084,0.0302267002518891,0.0138985217306036,4
0.013550135501355,0.0151133501259445,0.0077034467501511,4
0.7710027100271003,0.0,0.000146045307368,2
0.4200542005420054,0.0050377833753148,0.0009554306383846,0
0.0853658536585365,0.0050377833753148,0.0014408828303714,4
0.5040650406504065,0.017632241813602,0.0037238024882918,0
0.018970189701897,0.017632241813602,0.0020399353792975,4
0.032520325203252,0.0025188916876574,0.0008052716211213,4
0.5040650406504065,0.0,0.0002623135514778,0
0.3523035230352303,0.0100755667506297,0.0017744892119162,3
0.0420054200542005,0.0025188916876574,0.0012795703235178,4
0.0040650406504065,0.0100755667506297,0.0072907504231312,4
0.078590785907859,0.0075566750629722,0.0008582162723251,4
0.8157181571815718,0.0,0.0004321116607513,2
0.048780487804878,0.0201511335012594,0.0034716441202374,4
0.8279132791327913,0.0,0.0006920155076879,2
0.05420054200542,0.0025188916876574,0.0018466254385726,4
0.4376693766937669,0.0125944584382871,0.0021583207209684,0
0.0149051490514905,0.0050377833753148,0.0013683851480339,4
0.1720867208672086,0.0478589420654911,0.0051466125346048,3
0.535230352303523,0.0251889168765743,0.0068796031918877,0
0.1138211382113821,0.0075566750629722,0.0038434271065839,4
0.1043360433604336,0.0100755667506297,0.0039316739293153,4
0.4322493224932249,0.0,0.0003393380359176,0
0.532520325203252,0.0,0.0018758861365721,0
0.1544715447154471,0.0075566750629722,0.0038905540425384,4
0.3726287262872628,0.0151133501259445,0.0075980049643011,3
0.2628726287262872,0.0075566750629722,0.0012109453806213,3
0.0392953929539295,0.0050377833753148,0.0016837466237672,4
0.0420054200542005,0.0100755667506297,0.0020404517445563,4
0.3360433604336043,0.0050377833753148,0.0019268513876171,3
0.0121951219512195,0.0025188916876574,0.0024239217979273,4
0.0880758807588075,0.0,0.0005668829933019,4
0.483739837398374,0.0025188916876574,0.0003745369343935,0
0.0149051490514905,0.0151133501259445,0.0029435229456971,4
0.1287262872628726,0.0025188916876574,0.001854732373136,4
0.516260162601626,0.0,0.0004009059869436,0
0.8102981029810298,0.0,0.0008384566950878,2
0.7886178861788617,0.0050377833753148,0.0003699757079406,2
0.010840108401084,0.0151133501259445,0.0066706818081713,4
0.1517615176151761,0.017632241813602,0.0025142685060446,4
0.3048780487804878,0.0050377833753148,0.002019401254172,3
0.4850948509485094,0.0075566750629722,0.0024268134433767,0
0.0,0.0100755667506297,0.0035352775322986,4
0.0311653116531165,0.0251889168765743,0.0093082927623715,4
0.2330623306233062,0.0125944584382871,0.0096836386690038,3
0.2655826558265582,0.0050377833753148,0.0007795910555829,3
0.040650406504065,0.0050377833753148,0.0003727296559876,4
0.2967479674796748,0.0025188916876574,0.0029097182334201,3
0.1869918699186991,0.0277078085642317,0.006733402974942,3
0.0962059620596205,0.0428211586901763,0.0039616059021512,4
0.005420054200542,0.0100755667506297,0.003171102327432,4
0.3563685636856368,0.0,0.0015820570921313,3
0.3414634146341463,0.0,5.929594388720696e-05,3
0.037940379403794,0.0428211586901763,0.0094062300397933,4
0.7086720867208672,0.0,0.000250729757505,2
0.0040650406504065,0.0050377833753148,0.0033293510670834,4
0.0826558265582655,0.0,0.0003208177353014,4
0.1056910569105691,0.0151133501259445,0.0051086080515561,4
0.9200542005420054,0.0025188916876574,0.0009977209530815,2
0.051490514905149,0.0,0.0006097585219588,4
0.7872628726287263,0.0,0.0004560365844097,2
0.8008130081300813,0.0025188916876574,0.0071515383493547,2
0.024390243902439,0.0075566750629722,0.0013358369245533,4
0.021680216802168,0.0100755667506297,0.0020857197655791,4
0.0420054200542005,0.0050377833753148,0.0017479480376132,4
0.0528455284552845,0.0201511335012594,0.0068011156725479,4
0.1192411924119241,0.0025188916876574,0.0031625134519604,4
0.010840108401084,0.0125944584382871,0.002538778643663,4
0.4010840108401084,0.0025188916876574,0.0005546623488433,3
0.5853658536585366,0.0,0.0004534547581156,0
0.0962059620596205,0.0100755667506297,0.0018369177717069,4
0.1991869918699187,0.0025188916876574,0.0018253684020848,3
0.048780487804878,0.0,0.0006364201814889,4
0.1151761517615176,0.0025188916876574,0.0023888950212044,4
0.035230352303523,0.0050377833753148,0.0021465475930674,4
0.0989159891598916,0.0100755667506297,0.0022535212625185,4
0.8035230352303523,0.0,0.0001941189129636,2
0.1761517615176151,0.0125944584382871,0.0012372972209961,3
0.002710027100271,0.0453400503778337,0.004492394963862,4
0.6382113821138211,0.0,0.0001853751279144,0
0.1355013550135501,0.0050377833753148,0.0019189682113326,4
0.013550135501355,0.0226700251889168,0.0045023952377078,4
0.0121951219512195,0.0125944584382871,0.0033228620769976,4
0.2425474254742547,0.0075566750629722,0.0004781198053117,3
0.056910569105691,0.0856423173803526,0.0336816107993594,4
0.7818428184281843,0.0,0.0004192713779821,2
0.0094850948509485,0.0050377833753148,0.0019852006618632,4
0.0094850948509485,0.0226700251889168,0.0083657368311066,4
0.8699186991869918,0.0,0.0010894446352222,2
0.4864498644986449,0.0075566750629722,0.0018916524891413,0
0.6964769647696477,0.0025188916876574,0.000383590538598,0
0.1056910569105691,0.0050377833753148,0.0019268341754418,4
0.0013550135501355,0.0554156171284634,0.0140275097722555,4
0.6978319783197832,0.0,0.0002722621887976,2
0.067750677506775,0.017632241813602,0.0018385873527104,4
0.0311653116531165,0.1939546599496221,0.0303645492254357,4
0.0040650406504065,0.3173803526448362,0.2175379191536897,4
0.0040650406504065,0.0201511335012594,0.0021088701413493,4
0.0040650406504065,0.0,0.0005361420482271,4
0.1747967479674796,0.0,0.000693891634795,3
0.1300813008130081,0.0100755667506297,0.0060539867795691,4
0.0338753387533875,0.1435768261964735,0.095846944793273,4
0.4173441734417344,0.0050377833753148,0.0015362210693239,0
0.4119241192411924,0.0,0.0002391976000582,3
0.1273712737127371,0.0025188916876574,0.0014181627589836,4
0.5094850948509485,0.0050377833753148,0.0006554912717145,0
0.0718157181571815,0.0,0.0015329851803687,4
0.3157181571815718,0.0075566750629722,0.0012535799388241,3
0.559620596205962,0.0050377833753148,0.0010939025886233,0
0.1287262872628726,0.0,0.000851417463084,4
0.2940379403794038,0.0125944584382871,0.0016342271954469,3
0.0094850948509485,0.0,0.0002899735171749,4
0.048780487804878,0.0151133501259445,0.0028862408263193,4
0.0718157181571815,0.0025188916876574,0.000478842716674,4
0.010840108401084,0.0125944584382871,0.0040066845892458,4
0.2628726287262872,0.0125944584382871,0.0043438366789011,3
0.0392953929539295,0.0226700251889168,0.0021457902573545,4
0.056910569105691,0.0050377833753148,0.0009226586566251,4
0.1476964769647696,0.0201511335012594,0.0069654919466039,4
0.024390243902439,0.0025188916876574,0.0004436093938476,4
0.97289972899729,0.0,0.0005489479066457,2
0.0257452574525745,0.0100755667506297,0.0023749187348658,4
0.1233062330623306,0.0100755667506297,0.0034339150319933,4
0.005420054200542,0.0503778337531486,0.0200190507798587,4
0.08130081300813,0.0075566750629722,0.0018071407084486,4
0.002710027100271,0.3047858942065491,0.0468927298852538,4
0.067750677506775,0.0403022670025188,0.0118879675345326,4
0.1070460704607046,0.0,0.0003294754594742,4
0.067750677506775,0.0050377833753148,0.0007067319175642,4
0.05420054200542,0.0125944584382871,0.0010536088862605,4
0.4186991869918699,0.0050377833753148,0.002885810521937,0
0.1002710027100271,0.017632241813602,0.0033727429609991,4
0.5257452574525745,0.0025188916876574,0.0005406860625047,0
0.089430894308943,0.0075566750629722,0.001715193268029,4
0.5609756097560976,0.0025188916876574,0.0007226531797109,0
0.0203252032520325,0.017632241813602,0.005649655569742,4
0.4227642276422764,0.0075566750629722,0.0020422245986116,0
0.3170731707317073,0.0100755667506297,0.0010397014486231,3
0.1463414634146341,0.0100755667506297,0.0018106692043838,4
0.0,0.0025188916876574,0.0021281649898536,4
0.494579945799458,0.0050377833753148,0.0014408311938456,0
0.0013550135501355,0.0125944584382871,0.001665398444904,4
0.037940379403794,0.0,0.0008020185199907,4
0.010840108401084,0.0251889168765743,0.0104427816603377,4
0.0718157181571815,0.0050377833753148,0.0007050107000348,4
0.032520325203252,0.017632241813602,0.0031369189472985,4
0.078590785907859,0.0327455919395466,0.0042831293366398,4
0.0040650406504065,0.105793450881612,0.0777579812899867,4
0.2886178861788618,0.0151133501259445,0.0019308101879347,3
0.040650406504065,0.0277078085642317,0.0058472685542903,4
0.5880758807588076,0.0125944584382871,0.001273787032619,0
0.0121951219512195,0.017632241813602,0.0106740616597607,4
0.4905149051490515,0.0075566750629722,0.0013108276338513,0
0.018970189701897,0.0226700251889168,0.0028675484039502,4
0.0121951219512195,0.017632241813602,0.0052303153430587,4
0.0094850948509485,0.017632241813602,0.0054004749080134,4
0.3617886178861789,0.0,0.0015697159624457,3
0.5094850948509485,0.0,8.341020147384758e-05,0
0.0420054200542005,0.0075566750629722,0.0036405127720451,4
0.5650406504065041,0.0025188916876574,0.0024200490584862,0
0.551490514905149,0.0,0.0006409641957665,0
0.0257452574525745,0.0,0.0006338383551948,4
0.0284552845528455,0.0050377833753148,0.001423343623747,4
0.002710027100271,0.0453400503778337,0.0128967387041528,4
0.0284552845528455,0.0201511335012594,0.0098029018316146,4
0.4850948509485094,0.0,0.0008148243784093,0
0.1246612466124661,0.0201511335012594,0.0027642409278367,4
0.5474254742547425,0.0025188916876574,0.0006833233591646,0
0.070460704607046,0.0050377833753148,0.0011081370575913,4
0.0826558265582655,0.0025188916876574,0.0005530099800151,4
0.4336043360433604,0.0100755667506297,0.0027964104834609,0
0.0447154471544715,0.0,0.000226357317289,4
0.1639566395663956,0.0050377833753148,0.0011063814157114,4
0.0663956639566395,0.0025188916876574,0.0020824838766238,4
0.1192411924119241,0.0050377833753148,0.0006091388836482,4
0.6165311653116531,0.0,0.0005935618650073,0
0.8252032520325203,0.0025188916876574,0.0011668133631679,2
0.3739837398373983,0.0,0.0003340022615765,3
0.2181571815718157,0.0251889168765743,0.0196226715950173,3
0.9905149051490516,0.0,0.0007401407498095,2
0.2859078590785908,0.0100755667506297,0.0022316273755448,3
0.018970189701897,0.017632241813602,0.0035165334734037,4
0.0040650406504065,0.017632241813602,0.0025560252433074,4
0.7615176151761518,0.0,0.0003444156276293,2
0.3509485094850949,0.0,0.0002891645449361,3
0.0230352303523035,0.2720403022670025,0.106574209286867,4
0.2696476964769648,0.0025188916876574,0.0005378804779318,3
0.0230352303523035,0.0,0.0002155480712044,4
0.048780487804878,0.0025188916876574,0.0008854115092893,4
0.3238482384823848,0.0025188916876574,0.0007343574589107,3
0.8563685636856369,0.0,0.0001923288467331,2
0.0284552845528455,0.0025188916876574,0.0003911811079026,4
0.0149051490514905,0.0100755667506297,0.0010655369237391,4
0.9173441734417344,0.0,0.0001785418943227,2
0.010840108401084,0.0050377833753148,0.0025923945697032,4
0.002710027100271,0.0327455919395466,0.0126534962429005,4
0.2506775067750677,0.0125944584382871,0.0018340433384328,3
0.4485094850948509,0.0,0.0008428802241383,0
0.1612466124661246,0.0100755667506297,0.002863142087075,4
0.005420054200542,0.0302267002518891,0.0064921915503744,4
0.7967479674796748,0.0,0.0005809969770428,2
0.1869918699186991,0.0050377833753148,0.0027125355532541,3
0.0907859078590785,0.0,0.0007292454428485,4
0.0257452574525745,0.0478589420654911,0.0135250691632536,4
0.0121951219512195,0.0629722921914357,0.0051538932847541,4
0.005420054200542,0.0604534005037783,0.0199156400306934,4
0.0203252032520325,0.0302267002518891,0.0134800593248603,4
0.0447154471544715,0.0302267002518891,0.0066753463076759,4
0.5311653116531165,0.0,0.0003127624372639,0
0.5799457994579946,0.0100755667506297,0.0019829802912503,0
0.040650406504065,0.0125944584382871,0.0054064991693662,4
0.7046070460704607,0.0025188916876574,0.0003251552034755,2
0.0975609756097561,0.0050377833753148,0.001989469281336,4
0.0067750677506775,0.0100755667506297,0.0042345737901359,4
0.0392953929539295,0.0151133501259445,0.0039848767631485,4
0.0691056910569105,0.0050377833753148,0.0024570896597185,4
0.1070460704607046,0.0,0.0005505314267728,4
0.2953929539295393,0.0050377833753148,0.001572607607895,3
0.073170731707317,0.0075566750629722,0.0041549330550514,4
0.4186991869918699,0.0025188916876574,0.0004777755618058,0
0.0257452574525745,0.0,0.0005234910993862,4
0.4241192411924119,0.0,0.0009581329499057,0
0.0528455284552845,0.017632241813602,0.0046742243836659,4
0.8292682926829268,0.0,0.0005482077831081,2
0.002710027100271,0.0025188916876574,0.0007139954555382,4
0.0230352303523035,0.0,0.0002731916462634,4
0.6517615176151762,0.0025188916876574,0.0007227564527627,0
0.0067750677506775,0.0403022670025188,0.0080962974390572,4
0.3834688346883468,0.0025188916876574,0.0006197071592786,3
0.0447154471544715,0.0,0.0002110729056281,4
0.078590785907859,0.0251889168765743,0.0113652854073852,4
0.5745257452574526,0.0050377833753148,0.0021732608891234,0
0.516260162601626,0.0,0.0001670441612265,0
0.573170731707317,0.0025188916876574,0.0007804860886982,0
0.5948509485094851,0.0,0.0005315463974237,0
0.1747967479674796,0.0025188916876574,0.0093175873370301,3
0.1910569105691057,0.017632241813602,0.0041896155882685,3
0.9823848238482384,0.0,4.988088400148787e-05,2
0.7073170731707317,0.0025188916876574,0.0052799896809566,2
0.013550135501355,0.0377833753148614,0.1102161850938121,4
0.1233062330623306,0.0100755667506297,0.0024148509815475,4
0.4905149051490515,0.0,0.0002279752617666,0
0.1463414634146341,0.0050377833753148,0.0007145634573229,4
0.5555555555555556,0.0,0.0004064999439141,0
0.7330623306233063,0.0,3.03794893935908e-05,2
0.4214092140921409,0.0151133501259445,0.0030431298041225,0
0.0203252032520325,0.0277078085642317,0.0251631331246953,4
0.8170731707317073,0.0025188916876574,0.0002356346797723,2
0.0989159891598916,0.0,0.0005208232122156,4
0.002710027100271,0.0780856423173803,0.0126143213319318,4
0.1747967479674796,0.0,0.0001865799801849,3
0.9932249322493224,0.0025188916876574,0.0003526774717703,2
0.7357723577235772,0.0,0.000382884839411,2
0.7344173441734417,0.0025188916876574,0.0002430359151487,2
0.040650406504065,0.0,0.0030323894067391,4
0.2560975609756097,0.0025188916876574,0.000867235452179,3
0.1097560975609756,0.0075566750629722,0.001179120068503,4
0.7466124661246613,0.0,0.002837891825919,2
0.2018970189701897,0.0100755667506297,0.0006868518550998,3
0.086720867208672,0.0201511335012594,0.009855467814962,4
0.0582655826558265,0.0050377833753148,0.0009300254676509,4
0.0853658536585365,0.0,0.0003754147553334,4
0.1070460704607046,0.0,0.0016556047171618,4
0.0284552845528455,0.0025188916876574,0.0019916552275984,4
0.002710027100271,0.08816120906801,0.0162256766790291,4
0.1084010840108401,0.0025188916876574,0.0013900897010794,4
0.013550135501355,0.0251889168765743,0.0057602610081801,4
0.0338753387533875,0.0,0.00016432463753,4
0.048780487804878,0.0151133501259445,0.0021885108764338,4
0.051490514905149,0.0050377833753148,0.000760089660975,4
0.0284552845528455,0.0302267002518891,0.0062576240254703,4
0.0853658536585365,0.0100755667506297,0.0032513110643012,4
0.0609756097560975,0.0,0.0011150047155336,4
0.5338753387533876,0.0100755667506297,0.0009168925779017,0
0.086720867208672,0.0075566750629722,0.0024188097818651,4
0.934959349593496,0.0,9.984782887944484e-05,2
0.505420054200542,0.0075566750629722,0.0010111980863365,0
0.508130081300813,0.0025188916876574,0.000310542066651,0
0.6165311653116531,0.0,0.001680338613059,0
0.048780487804878,0.0377833753148614,0.0049092910616536,4
0.1233062330623306,0.0025188916876574,0.001227916585461,4
0.059620596205962,0.0075566750629722,4.819409082269361e-05,4
0.513550135501355,0.0025188916876574,0.0016562415676477,0
0.5284552845528455,0.0025188916876574,0.0008626570135509,0
0.0040650406504065,0.017632241813602,0.0024692930920018,4
0.2086720867208672,0.0025188916876574,0.0029309752699079,3
0.0663956639566395,0.0025188916876574,0.001161425952301,4
0.4105691056910569,0.0100755667506297,0.0014769079132614,3
0.5785907859078591,0.0,0.0005590514535432,0
0.0948509485094851,0.0075566750629722,0.0055530092054672,4
0.059620596205962,0.017632241813602,0.0054990662480963,4
0.0528455284552845,0.017632241813602,0.0047548978492681,4
0.7317073170731707,0.0100755667506297,0.002597300039662,2
0.0338753387533875,0.0277078085642317,0.0083733274004112,4
0.0528455284552845,0.0,0.0005135596742416,4
0.0392953929539295,0.0428211586901763,0.0088035285097049,4
0.067750677506775,0.0151133501259445,0.002634736520926,4
0.067750677506775,0.0025188916876574,0.0019974729428477,4
0.0067750677506775,0.0050377833753148,0.0007353041285519,4
0.1097560975609756,0.0,0.000611118283807,4
0.0203252032520325,0.0604534005037783,0.0336735727134971,4
0.9119241192411924,0.0,0.0001751338836146,2
0.073170731707317,0.0,0.0006181064269763,4
0.4512195121951219,0.0,0.0005670723272301,0
0.0284552845528455,0.035264483627204,0.017253880394556,4
0.070460704607046,0.0100755667506297,0.0030932344464028,4
0.0311653116531165,0.0075566750629722,0.0016636600151993,4
0.1571815718157181,0.0025188916876574,0.0016711817358027,4
0.1205962059620596,0.0075566750629722,0.0050387954685643,4
0.991869918699187,0.0,0.0002768062030751,2
0.0257452574525745,0.0125944584382871,0.0021645343162495,4
0.1734417344173441,0.0277078085642317,0.0142893241706498,3
0.924119241192412,0.0050377833753148,0.0009293541928144,2
0.0149051490514905,0.0680100755667506,0.0174661581524547,4
0.6788617886178862,0.0025188916876574,0.0010666729273085,0
0.5365853658536586,0.0,0.0005254016508438,0
0.0149051490514905,0.0,0.0008063043516389,4
0.9905149051490516,0.0,0.0016587545452406,2
0.3292682926829268,0.0,0.0001886454412202,3
0.5420054200542005,0.0,0.0001147191483333,0
0.6571815718157181,0.0,0.0004808221168328,0
0.2113821138211382,0.0075566750629722,0.0005518739764457,3
0.0257452574525745,0.0201511335012594,0.0030512539508612,4
0.067750677506775,0.0025188916876574,0.0016975852127035,4
0.3997289972899729,0.0050377833753148,0.0042380850738959,3
0.2669376693766938,0.0075566750629722,0.0019908634675348,3
0.505420054200542,0.0050377833753148,0.0010039689727131,0
0.8577235772357723,0.0,0.0008559442651863,2
0.0040650406504065,0.0125944584382871,0.0031620659354028,4
0.5718157181571816,0.0,0.0005807043700628,0
0.0230352303523035,0.0075566750629722,0.0023232994211597,4
0.0121951219512195,0.017632241813602,0.0047937113045556,4
0.2601626016260162,0.0025188916876574,0.001444256416729,3
0.7330623306233063,0.0,0.0001808139014615,2
0.0718157181571815,0.0025188916876574,0.0019737029287669,4
0.0013550135501355,0.0025188916876574,0.0016574119955677,4
0.3062330623306233,0.0025188916876574,0.0007999530589555,3
0.5704607046070461,0.0,0.0005489823309963,0
0.059620596205962,0.0075566750629722,0.0018483294439267,4
0.5474254742547425,0.0,0.0020469579468174,0
0.1720867208672086,0.0,0.0001027394743288,3
0.8739837398373984,0.0,0.0006268674242008,2
0.0799457994579945,0.0226700251889168,0.0046210903985339,4
0.089430894308943,0.0251889168765743,0.0052449112677078,4
0.002710027100271,0.0075566750629722,0.0017588777689247,4
0.1436314363143631,0.0100755667506297,0.0016363270808327,4
0.3197831978319783,0.0050377833753148,0.0011078444506113,3
0.55420054200542,0.0,0.0004270168568643,0
0.029810298102981,0.0151133501259445,0.005995344898343,4
0.3617886178861789,0.0100755667506297,0.0057882996417337,3
0.3224932249322493,0.0,0.0019633067748894,3
0.0582655826558265,0.0251889168765743,0.0108523625836294,4
0.1869918699186991,0.0025188916876574,0.0008453415652053,3
0.3577235772357723,0.0025188916876574,0.0005000136922854,3
0.0853658536585365,0.0100755667506297,0.0036105119505079,4
0.0420054200542005,0.0075566750629722,0.0030035762252973,4
0.505420054200542,0.0075566750629722,0.0014042381091709,0
0.032520325203252,0.0050377833753148,0.0011703590712785,4
0.021680216802168,0.0100755667506297,0.0026129631191793,4
0.3848238482384823,0.0125944584382871,0.0030833374456088,3
0.043360433604336,0.0151133501259445,0.0040669272027741,4
0.1205962059620596,0.0025188916876574,0.0005167095023204,4
0.0989159891598916,0.0680100755667506,0.0061967101371054,4
0.1016260162601626,0.0,0.0005150743456675,4
0.4078590785907859,0.0125944584382871,0.0045429815470506,3
0.1734417344173441,0.0025188916876574,0.0008933979586256,3
0.0149051490514905,0.0100755667506297,0.0015449304300226,4
0.1341463414634146,0.0025188916876574,0.0004913559681126,4
0.0853658536585365,0.0050377833753148,0.0089752715947867,4
0.0582655826558265,0.0025188916876574,0.0010532818549299,4
0.0420054200542005,0.017632241813602,0.0082718616270541,4
0.5704607046070461,0.0025188916876574,0.0007804860886982,0
0.8699186991869918,0.0025188916876574,0.0008023971878472,2
0.1869918699186991,0.0151133501259445,0.0014902645612894,3
0.1178861788617886,0.0327455919395466,0.0068982095533803,4
0.5555555555555556,0.0050377833753148,0.0005817543127557,0
0.9769647696476964,0.0,0.0005009603619266,2
0.4512195121951219,0.0100755667506297,0.0029218872413528,0
0.4173441734417344,0.0,0.0002598866347613,0
0.3712737127371274,0.0050377833753148,0.0007931026131885,3
0.005420054200542,0.0579345088161209,0.0470651270329967,4
0.0013550135501355,0.0050377833753148,0.0016498558506137,4
0.6273712737127372,0.0050377833753148,0.0010070843764413,0
0.5840108401084011,0.0,0.0001492295597974,0
0.6463414634146342,0.0025188916876574,0.0010282381398774,0
0.5040650406504065,0.3879093198992443,0.0881365271121279,0
0.0203252032520325,0.0075566750629722,0.000784926829924,4
0.0772357723577235,0.0050377833753148,0.0019859063610502,4
0.0609756097560975,0.0201511335012594,0.007273693157415,4
0.2953929539295393,0.0,0.0003535552927103,3
0.021680216802168,0.0100755667506297,0.0013383326899709,4
0.0880758807588075,0.0025188916876574,0.0017599277116177,4
0.0528455284552845,0.017632241813602,0.0053361874332909,4
0.0040650406504065,0.0075566750629722,0.0021560659260049,4
0.0094850948509485,0.0,0.0003460507842822,4
0.021680216802168,0.0025188916876574,0.0006226848656044,4
0.5040650406504065,0.0,0.000352075045635,0
0.0203252032520325,0.0302267002518891,0.0048488074776712,4
0.5894308943089431,0.0,0.0013348730427368,0
0.5840108401084011,0.0,0.0007895741172533,0
0.7398373983739838,0.0,0.0001743765479016,2
0.6937669376693767,0.0,0.0001317247775235,0
0.0948509485094851,0.0050377833753148,0.0031677287410744,4
0.9308943089430894,0.0,0.0002665305344247,2
0.5880758807588076,0.0025188916876574,0.0044797612271964,0
0.037940379403794,0.0100755667506297,0.0030689824914138,4
0.6382113821138211,0.0050377833753148,0.0014136875934072,0
0.010840108401084,0.0201511335012594,0.0051466985954813,4
0.997289972899729,0.0,0.0001877504081049,2
0.0040650406504065,0.0151133501259445,0.0022245703836743,4
0.9146341463414634,0.0,0.0003529356543997,2
0.1341463414634146,0.0025188916876574,0.0002789233006363,4
0.002710027100271,0.0302267002518891,0.0047339334197602,4
0.1097560975609756,0.0,0.000588742455925,4
0.518970189701897,0.0,0.000655818303045,0
0.013550135501355,0.0251889168765743,0.0048825261290717,4
0.029810298102981,0.017632241813602,0.0038596065513601,4
0.2289972899728997,0.0075566750629722,0.0009276501874603,3
0.1084010840108401,0.0100755667506297,0.0026720008804371,4
0.2520325203252032,0.0151133501259445,0.0041541068706373,3
0.1165311653116531,0.0302267002518891,0.0037982795707882,4
0.2872628726287263,0.0226700251889168,0.0026524306371281,3
0.08130081300813,0.0,0.0008543607450593,4
0.1964769647696476,0.0,0.0007133241807017,3
0.2872628726287263,0.0050377833753148,0.0003263428435708,3
0.3888888888888889,0.0075566750629722,0.0008748948701848,3
0.086720867208672,0.0201511335012594,0.0102438261261164,4
0.4498644986449864,0.0302267002518891,0.0057266284176559,0
0.2425474254742547,0.0050377833753148,0.0016122816719473,3
0.1178861788617886,0.0075566750629722,0.0043958002361131,4
0.013550135501355,0.0125944584382871,0.0041617146521172,4
0.1910569105691057,0.017632241813602,0.0025493297071181,3
0.073170731707317,0.0050377833753148,0.002018523433232,4
0.0392953929539295,0.0025188916876574,0.0025964566430726,4
0.086720867208672,0.0151133501259445,0.0035990486417622,4
0.0230352303523035,0.0302267002518891,0.0154479101140273,4
0.1056910569105691,0.0201511335012594,0.0022508017388221,4
0.3157181571815718,0.0025188916876574,0.0002523821263332,3
0.9986449864498644,0.0,0.0003646399335995,2
0.1747967479674796,0.0,0.0027410905520665,3
0.0392953929539295,0.0201511335012594,0.0025266440600808,4
0.002710027100271,0.0806045340050377,0.0167263100096252,4
0.0013550135501355,0.5289672544080605,0.117976208264154,4
0.8753387533875339,0.0,0.0001601592911089,2
0.0392953929539295,0.0100755667506297,0.0067559509245769,4
0.0067750677506775,0.017632241813602,0.007482769450709,4
0.2533875338753387,0.0,0.0001852030061614,3
0.013550135501355,0.0075566750629722,0.0007183501358875,4
0.0040650406504065,0.0100755667506297,0.0036956089451606,4
0.5555555555555556,0.0,0.0006662833056237,0
0.1747967479674796,0.0075566750629722,0.0055751096385444,3
0.037940379403794,0.017632241813602,0.0018437682174739,4
0.5094850948509485,0.0,0.0006033900171001,0
0.016260162601626,0.0151133501259445,0.0023429213009946,4
0.0799457994579945,0.0201511335012594,0.0064654266177925,4
0.3794037940379404,0.0050377833753148,0.0009989602297026,3
0.0013550135501355,0.0151133501259445,0.0012940113385893,4
0.483739837398374,0.0075566750629722,0.0010091842618272,0
0.013550135501355,0.0050377833753148,0.0008185938447987,4
0.0149051490514905,0.0075566750629722,0.002823192628218,4
0.0582655826558265,0.0151133501259445,0.0046645339289755,4
0.1341463414634146,0.0251889168765743,0.0052797831348531,4
0.5311653116531165,0.0,0.0003653628449618,0
0.2195121951219512,0.0,0.0003458098138281,3
0.086720867208672,0.0050377833753148,0.0024890182448885,4
0.0121951219512195,0.0251889168765743,0.0063800198039846,4
0.5528455284552846,0.0,0.0012564715842735,0
0.4214092140921409,0.0,0.0001977678941259,0
0.8644986449864499,0.0,0.0002745341959364,2
0.0067750677506775,0.0025188916876574,0.0013280398091452,4
0.0948509485094851,0.0025188916876574,0.0028035535362078,4
0.0257452574525745,0.0201511335012594,0.003706469827771,4
0.0691056910569105,0.0075566750629722,0.0009587525882163,4
0.0582655826558265,0.0025188916876574,0.0004384285290841,4
0.7222222222222222,0.0,0.0009969636173685,2
0.0230352303523035,0.0025188916876574,0.0010556399229452,4
0.6368563685636857,0.0025188916876574,0.0010661393498744,0
0.2953929539295393,0.0075566750629722,0.0018739755851145,3
0.3563685636856368,0.0050377833753148,0.0009819546005123,3
0.1084010840108401,0.0,0.000412059476534,4
0.5447154471544715,0.0,0.0004298396536125,0
0.062330623306233,0.0327455919395466,0.0048141077322788,4
0.016260162601626,0.0025188916876574,0.000660500014725,4
0.013550135501355,0.0,0.000420613927655,4
0.0962059620596205,0.0,0.0016437971649103,4
0.3238482384823848,0.0151133501259445,0.0017575180070765,3
0.1422764227642276,0.0377833753148614,0.0095589880955259,4
0.1937669376693767,0.0075566750629722,0.0014401254946585,3
0.1178861788617886,0.0025188916876574,0.0014915382622611,4
0.8929539295392954,0.0,0.0005236976454897,2
0.573170731707317,0.0,0.0001239965108166,0
0.043360433604336,0.0125944584382871,0.0015821603651831,4
0.8536585365853658,0.0,0.0005503420928445,2
0.086720867208672,0.0050377833753148,0.0014253574482564,4
0.9959349593495936,0.0,3.0035245887714408e-05,2
0.4092140921409214,0.0327455919395466,0.0029007851144426,3
0.3319783197831978,0.0025188916876574,0.0022174273309274,3
0.8753387533875339,0.0,0.0001817089345768,2
0.5813008130081301,0.0025188916876574,0.0003405773125387,0
0.05420054200542,0.0100755667506297,0.0029013703284026,4
0.0772357723577235,0.0050377833753148,0.0017228182616842,4
0.8292682926829268,0.0025188916876574,0.0005184651442004,2
0.0121951219512195,0.0478589420654911,0.013433999543774,4
0.0528455284552845,0.0151133501259445,0.0059196113270502,4
0.2493224932249322,0.0226700251889168,0.0134092484357015,3
0.062330623306233,0.0050377833753148,0.0019208787627902,4
0.3834688346883468,0.0025188916876574,0.0005592235752961,3
0.9796747967479674,0.0,0.0002679935693247,2
0.0501355013550135,0.0251889168765743,0.0048473272305959,4
0.089430894308943,0.0151133501259445,0.0031292939536433,4
0.2100271002710027,0.0075566750629722,0.0005656437166807,3
0.575880758807588,0.0025188916876574,0.0005619258868173,0
0.013550135501355,0.1158690176322418,0.0367841742447714,4
0.070460704607046,0.017632241813602,0.0086367081067572,4
0.05420054200542,0.0151133501259445,0.0021230185494408,4
0.021680216802168,0.0125944584382871,0.0045293667163932,4
0.4078590785907859,0.0,0.0009074258814901,3
0.4132791327913279,0.0025188916876574,0.0014840681781836,3
0.6490514905149052,0.0,0.0005287580250261,0
0.3048780487804878,0.0050377833753148,0.00176299147882,3
0.029810298102981,0.0,0.0010816130954635,4
0.0474254742547425,0.0075566750629722,0.0018793802081568,4
0.0718157181571815,0.0025188916876574,0.0009381840387402,4
0.3373983739837398,0.0,0.0005186028416027,3
0.4214092140921409,0.0201511335012594,0.0014138080786343,0
0.0121951219512195,0.0025188916876574,0.0025131325024752,4
0.0121951219512195,0.0579345088161209,0.0440333916889187,4
0.032520325203252,0.0,0.0003628842917195,4
0.6558265582655827,0.0,0.0005778127246135,0
0.024390243902439,0.0,0.0007358721303366,4
0.021680216802168,0.0100755667506297,0.0015291124409275,4
0.002710027100271,0.1183879093198992,0.0415645633256497,4
0.3428184281842818,0.0100755667506297,0.002443819072567,3
0.6165311653116531,0.0,0.0003764302736758,0
0.0718157181571815,0.0050377833753148,0.0017150211462761,4
0.505420054200542,0.0025188916876574,0.0009374611273778,0
0.0203252032520325,0.0201511335012594,0.029595750203762,4
0.0040650406504065,0.1410579345088161,0.0499413159489444,4
0.0203252032520325,0.0,0.0004770182260929,4
0.070460704607046,0.0100755667506297,0.001367748297548,4
0.8211382113821138,0.0,0.0045087826759593,2
0.0962059620596205,0.0,0.0002272179260537,4
0.032520325203252,0.0201511335012594,0.0037849745592861,4
0.8550135501355014,0.0,0.0002464611380321,2
0.7046070460704607,0.0,0.0002741727402552,2
0.0013550135501355,0.0125944584382871,0.0080021984767259,4
0.024390243902439,0.0277078085642317,0.0032289696607698,4
0.2181571815718157,0.0025188916876574,0.00016871374223,3
0.056910569105691,0.0050377833753148,0.0031656460678639,4
0.013550135501355,0.0025188916876574,0.0005870212383957,4
0.6178861788617886,0.0,0.000202225847527,0
0.6476964769647696,0.0050377833753148,0.0016505615498007,0
0.7181571815718157,0.0025188916876574,0.0009496301353105,2
0.037940379403794,0.0,0.0002343437666253,4
0.1287262872628726,0.0201511335012594,0.0035481178150678,4
0.9959349593495936,0.0,0.0003940727533519,2
0.3075880758807588,0.0,0.0003489768540821,3
0.3943089430894309,0.0025188916876574,0.0010988769072832,3
0.3848238482384823,0.0,0.0002987173022242,3
0.3834688346883468,0.0226700251889168,0.0035948832953411,3
0.5149051490514905,0.0,0.0002556696518143,0
0.0203252032520325,0.017632241813602,0.0067095813243354,4
0.4850948509485094,0.0075566750629722,0.0010922846441457,0
0.1517615176151761,0.0277078085642317,0.0043864540249286,4
0.013550135501355,0.0050377833753148,0.0010998407890997,4
0.4959349593495935,0.0,0.0010104407506236,0
0.3428184281842818,0.0050377833753148,0.0013622748258046,3
0.0853658536585365,0.0,5.593956970491221e-06,4
0.2046070460704607,0.0050377833753148,0.0007643927047985,3
0.0948509485094851,0.0,0.0005824772241181,4
0.0975609756097561,0.0075566750629722,0.0007628952455479,4
0.6964769647696477,0.0025188916876574,0.0009852593381687,0
0.002710027100271,0.0478589420654911,0.0134237410872989,4
0.043360433604336,0.0201511335012594,0.0055810134146702,4
0.5840108401084011,0.0,0.0017803069271655,0
0.3075880758807588,0.0100755667506297,0.0012297410760422,3
0.0203252032520325,0.0327455919395466,0.0067111304201118,4
0.1517615176151761,0.0,0.0001178173398861,4
0.073170731707317,0.0050377833753148,0.0012975742588751,4
0.4322493224932249,0.0100755667506297,0.0162484483869429,0
0.0230352303523035,0.0075566750629722,0.0008574589366121,4
0.1626016260162601,0.0931989924433249,0.0128703180150767,4
0.0663956639566395,0.0377833753148614,0.0521595006155848,4
0.8279132791327913,0.0,0.0003553453589408,2
0.5989159891598916,0.0,0.0006021679526542,0
0.6273712737127372,0.0075566750629722,0.0007606920871103,0
0.2398373983739837,0.0025188916876574,0.0014300391599363,3
0.0203252032520325,0.0,0.0007096579873641,4
0.524390243902439,0.0075566750629722,0.0006088979131941,0
0.0691056910569105,0.0,0.0001884905316426,4
0.067750677506775,0.0125944584382871,0.0015517980879648,4
0.1802168021680217,0.0,0.0006125296821811,3
0.2303523035230352,0.0,0.0004039009054447,3
0.1070460704607046,0.0,0.0031998294479974,4
0.1734417344173441,0.0050377833753148,0.0006981946786184,3
0.5799457994579946,0.0,0.00036847824869,0
0.0094850948509485,0.0604534005037783,0.0150323221415581,4
0.1951219512195122,0.0125944584382871,0.0023686190787083,3
0.9037940379403794,0.0050377833753148,0.0007176100123499,2
0.1531165311653116,0.0,0.0083838096151651,4
0.2127371273712737,0.0100755667506297,0.0032756835045173,3
0.0528455284552845,0.0050377833753148,0.0027073719006659,4
0.3604336043360434,0.0,0.0001993169899024,3
0.0528455284552845,0.0277078085642317,0.0079127812260745,4
0.3197831978319783,0.0025188916876574,0.0014665461837345,3
0.002710027100271,0.0730478589420654,0.0097901820340725,4
0.6937669376693767,0.0,0.0002539656464603,0
0.5853658536585366,0.0025188916876574,0.0007742552812418,0
0.024390243902439,0.0151133501259445,0.0045684211421348,4
0.9986449864498644,0.0,0.0003762237275722,2
0.1734417344173441,0.0251889168765743,0.0105007866910778,3
0.8956639566395664,0.0,0.0003352071138471,2
0.997289972899729,0.0,0.0001370949762152,2
0.4986449864498645,0.0125944584382871,0.0011839911141112,0
0.0121951219512195,0.0025188916876574,0.0021823833420292,4
0.532520325203252,0.0025188916876574,0.0077606428086524,0
0.2560975609756097,0.0125944584382871,0.0017166046664031,3
0.005420054200542,0.1284634760705289,0.0555488533257425,4
0.7831978319783198,0.0025188916876574,0.0012718076324602,2
0.2506775067750677,0.017632241813602,0.0035126779461379,3
0.4268292682926829,0.0,0.0003709223775818,0
0.048780487804878,0.0100755667506297,0.0013317920633592,4
0.043360433604336,0.0226700251889168,0.003466583740701,4
0.6327913279132791,0.0025188916876574,0.0016382548444657,0
0.0257452574525745,0.017632241813602,0.0081841311695815,4
0.0284552845528455,0.0075566750629722,0.0024431822220811,4
0.8631436314363143,0.0025188916876574,0.0003300434612589,2
0.059620596205962,0.0100755667506297,0.0018670218662958,4
0.032520325203252,0.0302267002518891,0.0167987732676122,4
0.021680216802168,0.0277078085642317,0.0093840779701901,4
0.1043360433604336,0.0050377833753148,0.0013183321422794,4
0.0447154471544715,0.0856423173803526,0.0454988362934344,4
0.6883468834688347,0.0075566750629722,0.0115196614075955,0
0.0094850948509485,0.0377833753148614,0.0046383369981783,4
0.032520325203252,0.0151133501259445,0.0066229696582569,4
0.6409214092140921,0.0125944584382871,0.0017626644474894,0
0.7249322493224932,0.0,0.0001648065784383,2
0.2046070460704607,0.0075566750629722,0.0034047576070456,3
0.4878048780487805,0.0201511335012594,0.0043013914546265,0
0.002710027100271,0.0100755667506297,0.0028561023073798,4
0.018970189701897,0.0075566750629722,0.0009854142477464,4
0.2276422764227642,0.0100755667506297,0.006857537183161,3
0.7804878048780488,0.017632241813602,0.0078034667007834,2
0.0420054200542005,0.0,0.0013333411591357,4
0.032520325203252,0.0226700251889168,0.0062762648113135,4
0.0392953929539295,0.0050377833753148,0.0017880007695219,4
0.1720867208672086,0.0,0.0002846205306585,3
0.5907859078590786,0.0,0.0003484777009986,0
0.2533875338753387,0.0151133501259445,0.0020878712874908,3
0.1151761517615176,0.0125944584382871,0.0042553316735403,4
0.0040650406504065,0.0377833753148614,0.0279820399212653,4
0.037940379403794,0.0050377833753148,0.0031595701699852,4
0.016260162601626,0.0025188916876574,0.0011578458198399,4
0.2859078590785908,0.0151133501259445,0.0035038825245627,3
0.4959349593495935,0.0050377833753148,0.0011664174831362,0
0.3238482384823848,0.0050377833753148,0.0020345823927811,3
0.3536585365853658,0.0100755667506297,0.0027397307902183,3
0.8766937669376694,0.0025188916876574,0.0014448760550396,2
0.6233062330623306,0.0025188916876574,0.0004305453527995,0
0.0013550135501355,0.0075566750629722,0.0043011332719971,4
0.2235772357723577,0.0075566750629722,0.0017380338246439,3
0.978319783197832,0.0,0.000725235006005,2
0.1151761517615176,0.0151133501259445,0.0044211193459703,4
0.2140921409214092,0.0075566750629722,0.0008968403936844,3
0.2289972899728997,0.0100755667506297,0.0013546842565,3
0.010840108401084,0.0277078085642317,0.0162609444262062,4
0.002710027100271,0.0226700251889168,0.0033580093389476,4
0.6653116531165312,0.0025188916876574,0.0005157628326792,0
0.035230352303523,0.0226700251889168,0.0045852546495722,4
0.059620596205962,0.0025188916876574,0.0009776687688642,4
0.002710027100271,0.1309823677581864,0.0564663999663054,4
0.05420054200542,0.0377833753148614,0.0122125375240482,4
0.2859078590785908,0.0075566750629722,0.0019258530814501,3
0.8861788617886179,0.0,0.0003512832855715,2
0.4986449864498645,0.0226700251889168,0.0073834035627378,0
0.3577235772357723,0.0428211586901763,0.0161545559707151,3
0.2628726287262872,0.0025188916876574,0.0014848083017213,3
0.0975609756097561,0.0125944584382871,0.0021736739813305,4
0.0284552845528455,0.0025188916876574,0.000501631636763,4
0.0338753387533875,0.035264483627204,0.007568589356724,4
0.067750677506775,0.0100755667506297,0.0019627387731047,4
0.0230352303523035,0.0453400503778337,0.0204414031372184,4
0.6802168021680217,0.0,0.0002586817824908,0
0.5799457994579946,0.0,6.47349912800538e-05,0
0.1775067750677506,0.0100755667506297,0.0030002370632903,3
0.0528455284552845,0.0025188916876574,0.0008892842487304,4
0.5853658536585366,0.0,0.0010294257799727,0
0.051490514905149,0.0478589420654911,0.0157173495060768,4
0.048780487804878,0.0,0.0002485438112427,4
0.3170731707317073,0.0,0.0006995888648172,3
0.3794037940379404,0.0050377833753148,0.0006595705572591,3
0.2506775067750677,0.0050377833753148,0.0020263549729907,3
0.0582655826558265,0.0226700251889168,0.0063898995926033,4
0.040650406504065,0.0,0.0001699702310264,4
0.0094850948509485,0.0,0.0002427777325193,4
0.0040650406504065,0.0478589420654911,0.0116947436546842,4
0.005420054200542,0.1335012594458438,0.0405842955183161,4
0.013550135501355,0.0302267002518891,0.0094211702079483,4
0.0392953929539295,0.035264483627204,0.006806864539096,4
0.013550135501355,0.0125944584382871,0.0010035558805061,4
0.8509485094850948,0.0025188916876574,0.0006970758872243,2
0.0338753387533875,0.0075566750629722,0.0051400202714673,4
0.089430894308943,0.0025188916876574,0.000222432941322,4
0.051490514905149,0.2670025188916876,0.2026917294757589,4
0.1300813008130081,0.0025188916876574,0.0010209229653775,4
0.3726287262872628,0.0,0.0005078452320441,3
0.3983739837398374,0.0025188916876574,0.0007776460797747,3
0.048780487804878,0.0201511335012594,0.0029931972835951,4
0.005420054200542,0.0251889168765743,0.0018576068064101,4
0.1002710027100271,0.0025188916876574,0.0004182386474645,4
0.8292682926829268,0.0025188916876574,0.00196451162716,2
0.056910569105691,0.0403022670025188,0.0112129404438596,4
0.6043360433604336,0.0,0.0002720384305188,0
0.035230352303523,0.0025188916876574,0.0020494192878844,4
0.2330623306233062,0.0050377833753148,0.0006791408005682,3
0.016260162601626,0.0629722921914357,0.0078045338556517,4
0.5853658536585366,0.0,0.0001766141306898,0
0.0392953929539295,0.0,0.0006024777718095,4
0.3414634146341463,0.0,0.0006228225630068,3
0.0121951219512195,0.0277078085642317,0.0059716953694893,4
0.8441734417344173,0.0,0.0002969960846948,2
0.1924119241192411,0.0,0.0007719144254019,3
0.2967479674796748,0.0,0.0009144656611853,3
0.8292682926829268,0.0,0.000217338137435,2
0.005420054200542,0.08816120906801,0.032131069200191,4
0.1097560975609756,0.0100755667506297,0.001260895113324,4
0.3265582655826558,0.0,0.0001889896847261,3
0.021680216802168,0.0277078085642317,0.0137566761940073,4
0.573170731707317,0.0151133501259445,0.0022243294132202,0
0.3346883468834688,0.0,0.0007765617127312,3
0.2127371273712737,0.0,0.0003646399335995,3
0.1395663956639566,0.0075566750629722,0.0019304143079029,4
0.0040650406504065,0.2896725440806045,0.0270259552202195,4
0.0284552845528455,0.035264483627204,0.0073603564600194,4
0.0040650406504065,0.2090680100755667,0.0965181163566802,4
0.0,0.0931989924433249,0.0159754804989582,4
0.2127371273712737,0.0025188916876574,0.0017497381038437,3
0.5623306233062331,0.0,0.0015056350338268,0
0.1544715447154471,0.0251889168765743,0.0077184901913579,4
0.7154471544715447,0.0100755667506297,0.0014377674266433,2
0.1666666666666666,0.0226700251889168,0.0137592752324766,3
0.6233062330623306,0.0251889168765743,0.0023709599345482,0
0.018970189701897,0.0050377833753148,0.0006119616803964,4
0.0149051490514905,0.0680100755667506,0.0978261211937834,4
0.3929539295392953,0.0050377833753148,0.0007245637311686,3
0.0528455284552845,0.0025188916876574,0.0013741512267573,4
0.0975609756097561,0.0050377833753148,0.0007342886102096,4
0.8360433604336044,0.0,0.0004154330628916,2
0.0392953929539295,0.0,0.0002120367874445,4
0.5365853658536586,0.0025188916876574,0.0007131864832993,0
0.0,0.0226700251889168,0.0289012905671823,4
0.4878048780487805,0.017632241813602,0.0044328064129948,0
0.1178861788617886,0.0025188916876574,0.0008315890371455,4
0.0718157181571815,0.0428211586901763,0.0092806500088496,4
0.051490514905149,0.017632241813602,0.0034216599631841,4
0.2384823848238482,0.0,7.573357129280424e-05,3
0.1192411924119241,0.017632241813602,0.0077457026404974,4
0.0447154471544715,0.0277078085642317,0.0213566261341166,4
0.086720867208672,0.0025188916876574,0.0008765300268377,4
0.2520325203252032,0.0,0.0002093344759234,3
0.035230352303523,0.0050377833753148,0.0016012658797592,4
0.4471544715447154,0.0075566750629722,0.0023045381500894,0
0.1951219512195122,0.0906801007556675,0.0283932387890346,3
0.1815718157181571,0.0251889168765743,0.0067205799043481,3
0.3550135501355013,0.0,0.0001921050884543,3
0.1084010840108401,0.0050377833753148,0.0015585796850306,4
0.078590785907859,0.0201511335012594,0.0019683499422505,4
0.035230352303523,0.0050377833753148,0.0009804227169112,4
0.013550135501355,0.0377833753148614,0.0130536965306571,4
0.1300813008130081,0.0201511335012594,0.0056298959925047,4
0.3807588075880759,0.0050377833753148,0.0008477512697464,3
0.537940379403794,0.0,0.0002961354759301,0
0.989159891598916,0.0,0.000302985921697,2
0.0,0.035264483627204,0.0045753748609535,4
0.3468834688346883,0.0075566750629722,0.0019252678674901,3
0.1097560975609756,0.0730478589420654,0.0061209249292867,4
0.7520325203252033,0.0075566750629722,0.0010209229653775,2
0.5704607046070461,0.0025188916876574,0.0007681793833631,0
0.2303523035230352,0.0,0.0001921050884543,3
0.7371273712737128,0.0025188916876574,0.0003820930793474,2
0.0257452574525745,0.0,0.0004345213652924,4
0.1802168021680217,0.0100755667506297,0.0026707443916407,3
0.1056910569105691,0.0100755667506297,0.0022946239371202,4
0.0067750677506775,0.0755667506297229,0.0153538627882219,4
0.1571815718157181,0.0100755667506297,0.0108024472752773,4
0.0284552845528455,0.0100755667506297,0.0086104079029083,4
0.2791327913279133,0.0075566750629722,0.0020472333416221,3
0.5338753387533876,0.0,0.0003345358390106,0
0.1937669376693767,0.0100755667506297,0.0023305973834842,3
0.6300813008130082,0.0025188916876574,0.0005549549558233,0
0.1802168021680217,0.0251889168765743,0.007709126767998,3
0.1341463414634146,0.0,0.000871039342919,4
0.0501355013550135,0.0,0.0001497287128809,4
0.0772357723577235,0.0,0.0017201159501631,4
0.0094850948509485,0.0125944584382871,0.0019454921734603,4
0.0338753387533875,0.0025188916876574,0.0006325302298725,4
0.035230352303523,0.0075566750629722,0.0023167243701974,4
0.0447154471544715,0.0075566750629722,0.0013407596066873,4
0.2303523035230352,0.0075566750629722,0.0012913090270681,3
0.024390243902439,0.0554156171284634,0.0235796990585404,4
0.1937669376693767,0.0,0.0001498319859326,3
0.1869918699186991,0.0151133501259445,0.0011759186038984,3
0.5094850948509485,0.0100755667506297,0.0015829004887207,0
0.6449864498644986,0.0050377833753148,0.0004861751033492,0
0.0094850948509485,0.0377833753148614,0.0158753056387482,4
0.4024390243902439,0.0100755667506297,0.0012969546205645,3
0.2005420054200542,0.0125944584382871,0.0024948015357873,3
0.4295392953929539,0.017632241813602,0.0020878368631402,0
0.7804878048780488,0.0,0.0002283195052725,2
0.4227642276422764,0.0100755667506297,0.0039590412880325,0
0.7872628726287263,0.0,0.0003014196137453,2
0.005420054200542,0.0125944584382871,0.0029810110634871,4
0.7249322493224932,0.0025188916876574,0.0008383189976854,2
0.0284552845528455,0.0050377833753148,0.0011142645919959,4
0.3238482384823848,0.0025188916876574,0.0003029514973465,3
0.4756097560975609,0.0075566750629722,0.0020913481469002,0
0.5230352303523035,0.0,0.0002135170345198,0
0.048780487804878,0.0,0.0002549123161014,4
0.0230352303523035,0.0075566750629722,0.0012454557920854,4
0.5907859078590786,0.0,0.0002526747333132,0
0.0528455284552845,0.017632241813602,0.0021882526938044,4
0.005420054200542,0.0730478589420654,0.0105287909002809,4
0.8265582655826558,0.0,0.0007414488751318,2
0.1815718157181571,0.0,0.0012119781111389,3
0.0880758807588075,0.0151133501259445,0.0033846537863024,4
0.4864498644986449,0.0025188916876574,0.0007041673034454,0
0.5826558265582655,0.0251889168765743,0.0066764995234206,0
0.7750677506775068,0.0,0.001046724016143,2
0.0230352303523035,0.0075566750629722,0.0035452261696185,4
0.013550135501355,0.163727959697733,0.0178278892284296,4
0.7059620596205962,0.0025188916876574,0.0004367589480806,2
0.048780487804878,0.0025188916876574,0.0012712740550261,4
0.0040650406504065,0.0478589420654911,0.005058985350184,4
0.0907859078590785,0.0277078085642317,0.0142531613903575,4
0.0203252032520325,0.0503778337531486,0.014668060875815,4
0.5338753387533876,0.0050377833753148,0.0006568338213874,0
0.0284552845528455,0.0025188916876574,0.0012389151654738,4
0.7235772357723578,0.0,0.0002540517073367,2
0.056910569105691,0.0025188916876574,0.0006365923032419,4
0.5799457994579946,0.0226700251889168,0.0046935708686962,0
0.0921409214092141,0.0125944584382871,0.0022124358000922,4
0.2682926829268293,0.0025188916876574,0.0004975351390431,3
0.6395663956639567,0.0075566750629722,0.0013446495583037,0
0.2764227642276423,0.0025188916876574,0.0006950448505397,3
0.8888888888888888,0.0,0.0003435722310399,2
0.0609756097560975,0.0428211586901763,0.0076578172734471,4
0.0067750677506775,0.0025188916876574,0.000874671111906,4
0.0718157181571815,0.0,0.0009361013655296,4
0.4281842818428184,0.0,0.0022471011211339,0
0.7981029810298103,0.0,0.0003232446520179,2
0.1016260162601626,0.0050377833753148,0.0006345612665572,4
0.0230352303523035,0.0125944584382871,0.0017869852511795,4
0.0067750677506775,0.0201511335012594,0.0039675957391535,4
0.8848238482384824,0.0,0.0003151549296298,2
0.2710027100271002,0.0125944584382871,0.0016629887403629,3
0.0826558265582655,0.0,0.0029952627446304,4
0.3319783197831978,0.0050377833753148,0.0016870513614236,3
0.3157181571815718,0.0,0.0004545391251591,3
0.0040650406504065,0.0377833753148614,0.0122028470693577,4
0.5447154471544715,0.0075566750629722,0.0012526160570076,0
0.040650406504065,0.0478589420654911,0.0119811370393981,4
0.9932249322493224,0.0,0.0002486298721192,2
0.1070460704607046,0.0125944584382871,0.0018276231970483,4
0.5813008130081301,0.0,0.0001003986184888,0
0.1829268292682926,0.0075566750629722,0.0025905184425962,3
0.1273712737127371,0.0201511335012594,0.0052615898655675,4
0.1720867208672086,0.0025188916876574,0.0005408926086082,3
0.0392953929539295,0.0,0.0004540743964262,4
0.7046070460704607,0.0,0.0005226132784462,2
0.5284552845528455,0.0025188916876574,0.0004893421436032,0
0.075880758807588,0.0100755667506297,0.0026720008804371,4
0.2913279132791327,0.0050377833753148,0.0006429608081006,3
0.013550135501355,0.0680100755667506,0.0192770166907668,4
0.2940379403794038,0.0,0.0006909827771703,3
0.0636856368563685,0.0100755667506297,0.0013064213169761,4
0.1422764227642276,0.0025188916876574,0.0009493375283305,4
0.070460704607046,0.0151133501259445,0.0061527674535803,4
0.3563685636856368,0.0,0.0002685099345835,3
0.4322493224932249,0.0075566750629722,0.0031942699153775,0
0.0257452574525745,0.0075566750629722,0.0014925365684282,4
0.5365853658536586,0.0,0.0009036219907502,0
0.9105691056910568,0.0,0.0003976873101636,2
0.551490514905149,0.0100755667506297,0.0056626163377382,0
0.018970189701897,0.0025188916876574,0.0033223801360894,4
0.0284552845528455,0.0680100755667506,0.0104664828257173,4
0.0609756097560975,0.0050377833753148,0.0005715819171571,4
0.0203252032520325,0.017632241813602,0.0026639283702243,4
0.0311653116531165,0.0201511335012594,0.0029682052050685,4
0.0420054200542005,0.0201511335012594,0.0035093043597803,4
0.0013550135501355,0.1335012594458438,0.060338158313423,4
0.0,0.105793450881612,0.030892790885203,4
0.518970189701897,0.0,0.0002994057892359,0
0.4986449864498645,0.0,9.174089431605604e-05,0
0.3468834688346883,0.0075566750629722,0.0032905376117958,3
0.3279132791327913,0.0025188916876574,0.001062542005238,3
0.5176151761517616,0.0025188916876574,0.000974673850363,0
0.2669376693766938,0.0025188916876574,0.000698814316929,3
0.3279132791327913,0.0025188916876574,0.0006485203407205,3
0.0149051490514905,0.0226700251889168,0.0195875931817685,4
0.2127371273712737,0.0503778337531486,0.0279574437227704,3
0.2764227642276423,0.0025188916876574,0.0006345784787325,3
0.4566395663956639,0.0075566750629722,0.0005824772241181,0
0.5149051490514905,0.0025188916876574,0.0005176561719616,0
0.0230352303523035,0.0025188916876574,0.0003264289044472,4
0.062330623306233,0.0075566750629722,0.0017992403199887,4
0.3238482384823848,0.0025188916876574,0.0005210641826697,3
0.2181571815718157,0.0,0.0006926695703491,3
0.0121951219512195,0.0327455919395466,0.0090551188759747,4
0.0880758807588075,0.0,0.0001540661810549,4
0.016260162601626,0.0100755667506297,0.0015036900580186,4
0.0230352303523035,0.0151133501259445,0.0055099787672326,4
0.5094850948509485,0.017632241813602,0.0023622677860249,0
0.6422764227642277,0.0,0.000548552026614,0
0.024390243902439,0.0,0.0003150860809286,4
0.073170731707317,0.0025188916876574,0.0005185856294274,4
0.535230352303523,0.0,0.0001676465873617,0
0.005420054200542,0.0201511335012594,0.001447475093509,4
0.556910569105691,0.0025188916876574,0.0015106609890126,0
0.051490514905149,0.0100755667506297,0.0031393975005408,4
0.0392953929539295,0.0,0.0007516729072563,4
0.0420054200542005,0.0025188916876574,0.0018657481653241,4
0.5880758807588076,0.0,0.0004271201299161,0
0.6829268292682927,0.0,0.0003738140230311,0
0.0,0.0025188916876574,0.2899727426270829,4
0.5501355013550135,0.0025188916876574,0.0021868412954303,0
0.3062330623306233,0.0125944584382871,0.0033026894075533,3
0.8482384823848238,0.0,0.0003774113676675,2
0.4295392953929539,0.0075566750629722,0.0030457632669424,0
0.2439024390243902,0.0151133501259445,0.001937213117144,3
0.3265582655826558,0.0025188916876574,0.0004617854509578,3
0.013550135501355,0.0075566750629722,0.00172784421687,4
0.010840108401084,0.0075566750629722,0.0024551446839103,4
0.0013550135501355,0.0100755667506297,0.0027176131449658,4
0.0420054200542005,0.0226700251889168,0.0122515575254392,4
0.2018970189701897,0.0050377833753148,0.0025866112788045,3
0.0040650406504065,0.0100755667506297,0.0024996897935707,4
0.1327913279132791,0.0,0.0001933960016013,4
0.1070460704607046,0.0025188916876574,0.0012018917764168,4
0.048780487804878,0.0025188916876574,0.0006539249637627,4
0.08130081300813,0.0100755667506297,0.001511917477809,4
0.08130081300813,0.0226700251889168,0.0020492643783068,4
0.2913279132791327,0.0151133501259445,0.0051532908586188,3
0.3536585365853658,0.0,0.0006780220091741,3
0.5149051490514905,0.0151133501259445,0.0017068453630115,0
0.8197831978319783,0.0,0.0007769748049382,2
0.1178861788617886,0.0201511335012594,0.0452265568924615,4
0.0338753387533875,0.0025188916876574,0.0010197697496329,4
0.1273712737127371,0.0,0.0001050803301687,4
0.037940379403794,0.0025188916876574,0.0010022993917096,4
0.2330623306233062,0.0,0.0009122280783971,3
0.0149051490514905,0.0075566750629722,0.0022316790120707,4
0.005420054200542,0.0050377833753148,0.0006755434559318,4
0.7411924119241192,0.0075566750629722,0.0011349364145238,2
0.1991869918699187,0.0,0.0020961331316318,3
0.048780487804878,0.0025188916876574,0.0013087793849914,4
0.018970189701897,0.0,0.0001685932570029,4
0.029810298102981,0.0075566750629722,0.0007708816948842,4
0.1192411924119241,0.0277078085642317,0.004245296975344,4
0.3902439024390244,0.0,0.0001949278852025,3
0.5176151761517616,0.0025188916876574,0.0005276220214567,0
0.0067750677506775,0.0151133501259445,0.0039838784569814,4
0.9986449864498644,0.0,0.0001333082976506,2
0.4200542005420054,0.0,0.0005960920547755,0
0.1531165311653116,0.0453400503778337,0.029667335640809,4
0.9010840108401084,0.0,0.0004209237468103,2
0.4173441734417344,0.0403022670025188,0.0049185856363123,0
0.4010840108401084,0.0,0.0014175603328483,3
0.6029810298102981,0.0,0.0003957079100049,0
0.0609756097560975,0.0,0.0011251254746063,4
0.8861788617886179,0.0025188916876574,0.0163982631607003,2
0.0501355013550135,0.0,0.0002990271213795,4
0.6287262872628726,0.0050377833753148,0.0004689457158801,0
0.535230352303523,0.0025188916876574,0.0008332069816231,0
0.086720867208672,0.0151133501259445,0.0078657403509965,4
0.8861788617886179,0.0050377833753148,0.0011231804987981,2
0.5433604336043361,0.0025188916876574,0.0012131829634095,0
0.3279132791327913,0.0025188916876574,0.0008838452013376,3
0.2195121951219512,0.0075566750629722,0.0057438405929498,3
0.4024390243902439,0.0,1.3769740235055313e-06,3
0.1205962059620596,0.0,0.0013199328745818,4
0.7588075880758808,0.0,0.0006726001739565,2
0.0257452574525745,0.0025188916876574,0.0013016191200691,4
0.4932249322493225,0.0075566750629722,0.001596859562884,0
0.3712737127371274,0.0,0.0005293088146355,3
0.4105691056910569,0.0,0.0001996612334083,3
0.1138211382113821,0.0,0.000701447779749,4
0.016260162601626,0.0125944584382871,0.0028639166349632,4
0.029810298102981,0.0050377833753148,0.0011118032509289,4
0.0230352303523035,0.0201511335012594,0.014896173834984,4
0.0040650406504065,0.0050377833753148,0.0011107188838854,4
0.0582655826558265,0.0050377833753148,0.0009114535305088,4
0.2533875338753387,0.0125944584382871,0.0026022399339713,3
0.7588075880758808,0.0,0.0003696831009606,2
0.2669376693766938,0.0251889168765743,0.0071570118210982,3
0.1436314363143631,0.0025188916876574,0.0003904581965402,4
0.9796747967479674,0.0,0.000551305974661,2
0.1016260162601626,0.0050377833753148,0.0018551454653431,4
0.8360433604336044,0.0,0.0003839003577533,2
0.067750677506775,0.0075566750629722,0.0021697151810129,4
0.0718157181571815,0.0050377833753148,0.0011072764488266,4
0.1192411924119241,0.0025188916876574,0.0016403030933256,4
0.535230352303523,0.0,0.0022865170025568,0
0.0121951219512195,0.0327455919395466,0.0050040612988214,4
0.2249322493224932,0.0,0.0001587823170854,3
0.0772357723577235,0.0,0.0004146240906528,4
0.0094850948509485,0.0025188916876574,0.0032626883121704,4
0.3346883468834688,0.0,0.0003498546750221,3
0.2899728997289973,0.0025188916876574,0.0016259653513059,3
0.075880758807588,0.0,0.0002681656910777,4
0.070460704607046,0.0201511335012594,0.0048418021223266,4
0.3848238482384823,0.0,0.0010735233730755,3
0.059620596205962,0.0,0.0008949642665774,4
0.1273712737127371,0.0100755667506297,0.0025908282617515,4
0.029810298102981,0.0100755667506297,0.0109941220593493,4
0.0094850948509485,0.0151133501259445,0.0024168820182322,4
0.032520325203252,0.0075566750629722,0.0012057473036826,4
0.0311653116531165,0.0151133501259445,0.0056986414206282,4
0.0718157181571815,0.0075566750629722,0.0016117825188638,4
0.1490514905149051,0.0075566750629722,0.0070381445385191,4
0.0067750677506775,0.070528967254408,0.0100926688026861,4
0.024390243902439,0.0025188916876574,0.0004978621703737,4
0.0826558265582655,0.0050377833753148,0.0006992618334866,4
0.1287262872628726,0.0125944584382871,0.0053308516589499,4
0.029810298102981,0.0151133501259445,0.0044223241982409,4
0.0582655826558265,0.0050377833753148,0.0016142438599308,4
0.043360433604336,0.0075566750629722,0.0019820164094338,4
0.048780487804878,0.0201511335012594,0.0040545688609132,4
0.1951219512195122,0.0151133501259445,0.0049261589934416,3
0.5609756097560976,0.0100755667506297,0.0014623119886122,0
0.8956639566395664,0.0025188916876574,0.0007056475505207,2
0.0013550135501355,0.070528967254408,0.0109569781850652,4
0.078590785907859,0.0075566750629722,0.0019106719428409,4
0.08130081300813,0.0,0.0006799325606317,4
0.0880758807588075,0.0075566750629722,0.0010134184569494,4
0.2953929539295393,0.0151133501259445,0.0017976051633358,3
0.035230352303523,0.0327455919395466,0.0060994785588706,4
0.0230352303523035,0.0075566750629722,0.0014197979156365,4
0.067750677506775,0.0151133501259445,0.0026696256002466,4
0.0257452574525745,0.0075566750629722,0.0009521431129034,4
0.2601626016260162,0.0100755667506297,0.001278296622546,3
0.013550135501355,0.0075566750629722,0.0007945484359132,4
0.0067750677506775,0.0579345088161209,0.0081212206688826,4
0.032520325203252,0.0050377833753148,0.0011423548620754,4
0.0257452574525745,0.0100755667506297,0.0015308164462816,4
0.037940379403794,0.0,0.0003351038407953,4
0.0121951219512195,0.0503778337531486,0.0088002581963991,4
0.7642276422764228,0.0,0.0001563726125443,2
0.0609756097560975,0.0100755667506297,0.0038884025206266,4
0.0284552845528455,0.0,0.0003065832663335,4
0.8495934959349594,0.0025188916876574,0.0023493586545545,2
0.1016260162601626,0.0,0.0004634722441366,4
0.0311653116531165,0.0403022670025188,0.0201812583198276,4
0.2222222222222222,0.0025188916876574,0.0022792534645828,3
0.924119241192412,0.0,0.0001037722048464,2
0.0338753387533875,0.0050377833753148,0.0017389632821098,4
0.073170731707317,0.0025188916876574,0.000765477071842,4
0.3807588075880759,0.0,0.0005232329167568,3
0.0094850948509485,0.0075566750629722,0.0020129811127874,4
0.0040650406504065,0.0075566750629722,0.0047801653225994,4
0.0853658536585365,0.0,0.0002477176268286,4
0.067750677506775,0.0100755667506297,0.0028020732891325,4
0.0311653116531165,0.0151133501259445,0.0026816741229523,4
0.4376693766937669,0.0075566750629722,0.0021548610737343,0
0.0582655826558265,0.0100755667506297,0.0062056604682582,4
0.0149051490514905,0.0201511335012594,0.0055894473805642,4
0.002710027100271,0.0730478589420654,0.0144411355567413,4
0.013550135501355,0.0025188916876574,0.0007823794279805,4
0.6490514905149052,0.0,0.000317685119398,0
0.6287262872628726,0.0075566750629722,0.0033645499655592,0
0.05420054200542,0.0100755667506297,0.0038528938029955,4
0.0691056910569105,0.0050377833753148,0.0018007377792393,4
0.5149051490514905,0.0,0.0002572531719414,0
0.0338753387533875,0.0,0.0001913821770919,4
0.8387533875338753,0.0,0.0002649298021224,2
0.0121951219512195,0.0025188916876574,0.001582797215669,4
0.0013550135501355,0.4811083123425692,0.0515477454812919,4
0.0013550135501355,0.0453400503778337,0.0113923085225965,4
0.0094850948509485,0.0025188916876574,0.0054899782195412,4
0.1666666666666666,0.0151133501259445,0.0046685099414684,3
0.2804878048780488,0.0075566750629722,0.0027057195318377,3
0.059620596205962,0.0075566750629722,0.0024798269432817,4
0.037940379403794,0.0251889168765743,0.0034373746792274,4
0.059620596205962,0.0125944584382871,0.0026592466585444,4
0.8102981029810298,0.0,0.0003027621634182,2
0.2710027100271002,0.0,0.0005794478812664,3
0.4037940379403794,0.0,0.0005475192960963,3
0.3577235772357723,0.0,0.0004547973077885,3
0.016260162601626,0.0251889168765743,0.0060028838311217,4
0.0284552845528455,0.0806045340050377,0.0147081652442496,4
0.575880758807588,0.0,0.0005027676403324,0
0.6937669376693767,0.0,0.0002834328905633,0
0.070460704607046,0.0050377833753148,0.0013792976671701,4
0.0907859078590785,0.0251889168765743,0.0072834696729819,4
0.6260162601626016,0.0025188916876574,0.0014737925095332,0
0.0149051490514905,0.0226700251889168,0.0094524963669831,4
0.2371273712737127,0.0201511335012594,0.0094696913301016,3
0.05420054200542,0.017632241813602,0.0046827444104364,4
0.5663956639566395,0.0025188916876574,0.0007279028931756,0
0.5230352303523035,0.0,0.0011350568997509,0
0.9214092140921408,0.0,0.0001262857301307,2
0.029810298102981,0.0075566750629722,0.0007243743972403,4
0.532520325203252,0.0025188916876574,0.001447182486529,0
0.5121951219512195,0.0,0.0003193030638756,0
0.6192411924119241,0.0025188916876574,0.0009706806256949,0
0.5338753387533876,0.0025188916876574,0.0003376340305635,0
0.0121951219512195,0.0100755667506297,0.0049429408643531,4
0.0149051490514905,0.0428211586901763,0.0133009494287528,4
0.6327913279132791,0.0025188916876574,0.0006289328852361,0
0.4092140921409214,0.0,0.0004060352151811,3
0.0067750677506775,0.0151133501259445,0.0047325220213861,4
0.4376693766937669,0.0050377833753148,0.0010485312945488,0
0.0013550135501355,0.0554156171284634,0.0056725133385322,4
0.08130081300813,0.0100755667506297,0.0030650236910962,4
0.6260162601626016,0.0,0.0009977725896074,0
0.907859078590786,0.0,0.0001786623795498,2
0.0609756097560975,0.0,0.0002034995484988,4
0.4552845528455284,0.0,0.0005714097954042,0
0.0013550135501355,0.0125944584382871,0.0041414042852705,4
0.0,0.0100755667506297,0.0020608653844548,4
0.0392953929539295,0.0075566750629722,0.0011746276907513,4
0.035230352303523,0.0125944584382871,0.0028438816629212,4
0.0149051490514905,0.0,0.0009023482897784,4
0.535230352303523,0.0075566750629722,0.0008486463028617,0
0.062330623306233,0.0050377833753148,0.0044706731986412,4
0.010840108401084,0.0251889168765743,0.0065025188555507,4
0.502710027100271,0.0,0.0001483517388574,0
0.0284552845528455,0.0201511335012594,0.0021890616660432,4
0.029810298102981,0.017632241813602,0.0033889396179506,4
0.0040650406504065,0.0125944584382871,0.003022423557244,4
0.0230352303523035,0.0277078085642317,0.0037871777177237,4
0.5907859078590786,0.0,0.0005533714356962,0
0.3997289972899729,0.0,0.0002576662641484,3
0.0230352303523035,0.035264483627204,0.0082123075005375,4
0.8590785907859079,0.0025188916876574,0.0024728043757618,2
0.5040650406504065,0.070528967254408,0.1127347910680307,0
0.6368563685636857,0.0025188916876574,0.0009516955963458,0
0.9986449864498644,0.0,0.0002096959316045,2
0.1002710027100271,0.0050377833753148,0.0013504156370271,4
0.6192411924119241,0.0,0.0002279752617666,0
0.4336043360433604,0.0100755667506297,0.0024221489438721,0
0.013550135501355,0.0025188916876574,0.0013384875995485,4
0.2330623306233062,0.0201511335012594,0.0036092898860621,3
0.0284552845528455,0.1410579345088161,0.1589447828080799,4
0.0040650406504065,0.0151133501259445,0.0016962082386799,4
0.2222222222222222,0.0075566750629722,0.0008053232576472,3
0.1775067750677506,0.0,0.0002644306490389,3
0.1327913279132791,0.0151133501259445,0.003614092082969,4
0.7899728997289973,0.0,0.0001576291013407,2
0.5934959349593496,0.0,0.0003540200214432,0
0.5176151761517616,0.035264483627204,0.0191406274137386,0
0.5704607046070461,0.0,0.001787071312056,0
0.9146341463414634,0.0,0.0002980288152124,2
0.535230352303523,0.0125944584382871,0.0020421041133845,0
0.0013550135501355,0.0125944584382871,0.0031599832621922,4
0.3360433604336043,0.0100755667506297,0.0041020744647241,3
0.3834688346883468,0.0,0.0003469113930469,3
0.1043360433604336,0.0,0.0004410103553782,4
0.9878048780487804,0.0,0.0008859967232493,2
0.8753387533875339,0.0,0.0002994057892359,2
0.1016260162601626,0.0,0.0005617881894149,4
0.3631436314363143,0.0050377833753148,0.002092570211346,3
0.5338753387533876,0.0,0.0002920045538596,0
0.0420054200542005,0.0,0.0005616332798373,4
0.002710027100271,0.0050377833753148,0.0031671263149391,4
0.1016260162601626,0.0151133501259445,0.004107048783384,4
0.8685636856368564,0.0,0.0003733665064735,2
0.4403794037940379,0.0,0.0007522581212163,0
0.8008130081300813,0.0025188916876574,0.000685044576694,2
0.5474254742547425,0.0025188916876574,0.0009590451951963,0
0.2384823848238482,0.0025188916876574,0.0011747309638031,3
0.0582655826558265,0.0025188916876574,0.001126278690351,4
0.0,0.1032745591939546,0.0748937909814363,4
0.5433604336043361,0.0,0.0034258941583064,0
0.516260162601626,0.0025188916876574,0.0005561942324444,0
0.0636856368563685,0.0,0.0008392140308007,4
0.0203252032520325,0.0075566750629722,0.0011732679289031,4
0.029810298102981,0.0125944584382871,0.0368795641202498,4
0.8360433604336044,0.0,0.0006476080954299,2
0.089430894308943,0.052896725440806,0.0119555253225608,4
0.0447154471544715,0.0125944584382871,0.0081397753938494,4
0.08130081300813,0.0100755667506297,0.0023179980711692,4
0.508130081300813,0.0,0.0005260901378555,0
0.5609756097560976,0.0,0.0008826919855929,0
0.3536585365853658,0.0,0.0007813466974629,3
0.8672086720867209,0.0100755667506297,0.0017444883903791,2
0.5420054200542005,0.0025188916876574,0.0007993162084696,0
0.6273712737127372,0.0025188916876574,0.0005047642526665,0
0.5067750677506775,0.0025188916876574,0.0005631307390878,0
0.3224932249322493,0.0050377833753148,0.0022537966573232,3
0.0962059620596205,0.0201511335012594,0.0031246294541387,4
0.048780487804878,0.0,0.0003112133414875,4
0.3617886178861789,0.0025188916876574,0.0027450149280335,3
0.2940379403794038,0.0,0.0001262857301307,3
0.010840108401084,0.0453400503778337,0.0117085650314451,4
0.7466124661246613,0.0,0.0003554830563432,2
0.0203252032520325,0.0100755667506297,0.0034531238196212,4
0.0040650406504065,0.0151133501259445,0.0045546686140751,4
0.0040650406504065,0.017632241813602,0.006836331783199,4
0.2506775067750677,0.0,0.0005013734541336,3
0.3915989159891599,0.0,0.0001699702310264,3
0.521680216802168,0.0050377833753148,0.0027257028673539,0
0.559620596205962,0.0,0.0003037088330594,0
0.8075880758807588,0.0025188916876574,0.0019291406069312,2
0.9037940379403794,0.0050377833753148,0.0005914275552709,2
0.1192411924119241,0.0201511335012594,0.0106739067501831,4
0.0013550135501355,0.0251889168765743,0.0081830295903627,4
0.0501355013550135,0.0,0.0003589427035773,4
0.1246612466124661,0.0125944584382871,0.004807618742193,4
0.5447154471544715,0.0,0.0005366584134859,0
0.0338753387533875,0.0251889168765743,0.00600073230921,4
0.5528455284552846,0.0025188916876574,0.0021856880796856,0
0.7872628726287263,0.0,0.0002648953777718,2
0.5067750677506775,0.0075566750629722,0.000938528282246,0
0.9227642276422764,0.0,0.0005761259314347,2
0.0799457994579945,0.0,0.0001350983638811,4
0.1612466124661246,0.0151133501259445,0.0033724675661944,4
0.4308943089430894,0.0050377833753148,0.0007077302237312,0
0.6395663956639567,0.0,0.0001345475742717,0
0.0203252032520325,0.0025188916876574,0.0003658103615195,4
0.5799457994579946,0.0,0.0001120168368121,0
0.0474254742547425,0.0125944584382871,0.0032922244049746,4
0.0609756097560975,0.0277078085642317,0.038034793689445,4
0.08130081300813,0.017632241813602,0.0045695055091784,4
0.029810298102981,0.0,0.0001529301774855,4
0.3468834688346883,0.0,0.0001467337943798,3
0.5271002710027101,0.0050377833753148,0.0015285616513181,0
0.5826558265582655,0.0,0.0003578411243585,0
0.013550135501355,0.0025188916876574,0.0005127162776522,4
0.3346883468834688,0.0050377833753148,0.0006196383105774,3
0.2398373983739837,0.0050377833753148,0.0026556321017327,3
0.1097560975609756,0.0151133501259445,0.0024234226448438,4
0.6937669376693767,0.0075566750629722,0.0020300555906789,0
0.5284552845528455,0.0050377833753148,0.0002502306044215,0
0.8943089430894309,0.0,0.0007298822933344,2
0.1233062330623306,0.0075566750629722,0.002114360825268,4
0.029810298102981,0.0403022670025188,0.0135681856623646,4
0.3821138211382114,0.0100755667506297,0.0010680326891567,3
0.029810298102981,0.0151133501259445,0.0018636482799382,4
0.2710027100271002,0.0,0.0014753760296602,3
0.1192411924119241,0.0050377833753148,0.0018720650336569,4
0.1355013550135501,0.0075566750629722,0.0040422277312275,4
0.5121951219512195,0.0,0.001294699825601,0
0.7967479674796748,0.0,0.0002471840493945,2
0.0094850948509485,0.0025188916876574,0.0010002339306744,4
0.6897018970189702,0.0,0.000376327000624,0
0.8401084010840109,0.0025188916876574,7.296241107049936e-05,2
0.0338753387533875,0.0,0.0005382247214377,4
0.4796747967479675,0.0,0.0003637104761336,0
0.0121951219512195,0.0050377833753148,0.0006445787525782,4
0.3888888888888889,0.0,0.0004505286883157,3
0.1571815718157181,0.0201511335012594,0.0048204762371375,4
0.3157181571815718,0.0025188916876574,0.0007975089300638,3
0.040650406504065,0.035264483627204,0.0138623589503113,4
0.086720867208672,0.0,0.0002451013761839,4
0.6192411924119241,0.0025188916876574,0.0013425496729178,0
0.002710027100271,0.0100755667506297,0.0019348206247782,4
0.021680216802168,0.0025188916876574,0.0006636498428037,4
0.6395663956639567,0.0025188916876574,0.0010843498313353,0
0.013550135501355,0.0226700251889168,0.0069192256194141,4
0.024390243902439,0.0,6.927900555762206e-05,4
0.002710027100271,0.0629722921914357,0.0106452312661436,4
0.516260162601626,0.0,0.000599052548926,0
0.7818428184281843,0.0,0.0001472501596386,2
0.024390243902439,0.017632241813602,0.0102859098947098,4
0.2601626016260162,0.0025188916876574,0.0011487233669341,3
0.0420054200542005,0.0226700251889168,0.0037071927391333,4
0.021680216802168,0.017632241813602,0.0311423157904375,4
0.029810298102981,0.0277078085642317,0.0059250675866184,4
0.0040650406504065,0.0251889168765743,0.0043348002868718,4
0.010840108401084,0.0151133501259445,0.0037040945475804,4
0.0609756097560975,0.0,0.0003018843424782,4
0.3184281842818428,0.0,0.0002562892901249,3
0.4051490514905149,0.0025188916876574,0.0004936968239526,3
0.2506775067750677,0.0377833753148614,0.0050760598280754,3
0.0094850948509485,0.0050377833753148,0.0008069584143001,4
0.005420054200542,0.0050377833753148,0.0007216548735439,4
0.032520325203252,0.0075566750629722,0.0022459134810386,4
0.1056910569105691,0.0,0.00026859599546,4
0.4756097560975609,0.0050377833753148,0.0011505994940412,0
0.010840108401084,0.1083123425692695,0.0374456037169623,4
0.5284552845528455,0.0,0.0005489995431716,0
0.048780487804878,0.0100755667506297,0.0021620385508319,4
0.0392953929539295,0.0050377833753148,0.0004323009946795,4
0.016260162601626,0.0125944584382871,0.0014521395930136,4
0.4878048780487805,0.0075566750629722,0.0041120747385698,0
0.010840108401084,0.0,0.0002783725110269,4
0.3902439024390244,0.0075566750629722,0.0071897665906823,3
0.513550135501355,0.0025188916876574,0.0011697222207926,0
0.1355013550135501,0.0125944584382871,0.0013512590336165,4
0.013550135501355,0.0251889168765743,0.006992153606134,4
0.0474254742547425,0.0025188916876574,0.0011285851218404,4
0.005420054200542,0.0025188916876574,0.0004076015231329,4
0.5799457994579946,0.0,0.0053031916932527,0
0.9200542005420054,0.0,0.0002894743640914,2
0.7466124661246613,0.0025188916876574,0.0010579463544345,2
0.2344173441734417,0.0,0.0003001631249489,3
0.086720867208672,0.0050377833753148,0.0013209828172747,4
0.7371273712737128,0.0025188916876574,0.0011381550913037,2
0.089430894308943,0.0151133501259445,0.0125119605254594,4
0.013550135501355,0.070528967254408,0.0163503788890329,4
0.1070460704607046,0.0125944584382871,0.0032243223734405,4
0.505420054200542,0.0025188916876574,0.0007517417559575,0
0.0257452574525745,0.0780856423173803,0.0208223430008212,4
0.035230352303523,0.0251889168765743,0.0121984579646578,4
0.4471544715447154,0.0100755667506297,0.00084327610417,0
0.078590785907859,0.0377833753148614,0.0302029613237773,4
0.2479674796747967,0.0050377833753148,0.0008129826756529,3
0.0284552845528455,0.2493702770780856,0.0049292055484686,4
0.013550135501355,0.0025188916876574,0.0011194454567594,4
0.0311653116531165,0.0201511335012594,0.0113902086372107,4
0.1043360433604336,0.0,0.0007765445005559,4
0.0067750677506775,0.0730478589420654,0.0215422422324852,4
0.1056910569105691,0.0025188916876574,0.0005856614765474,4
0.0013550135501355,0.0100755667506297,0.0018378472291728,4
0.1869918699186991,0.0025188916876574,0.0009416092616236,3
0.0853658536585365,0.0,0.0002061157991434,4
0.0013550135501355,0.1738035264483627,0.0647858188336964,4
0.3468834688346883,0.0125944584382871,0.0024970219064002,3
0.2493224932249322,0.0,0.0005467103238575,3
0.4227642276422764,0.0025188916876574,0.0008872359998704,0
0.7642276422764228,0.0,0.0001529301774855,2
0.3238482384823848,0.0100755667506297,0.0103030015847766,3
0.1043360433604336,0.0,5.482077831081397e-05,4
0.0257452574525745,0.0050377833753148,0.0015649826142399,4
0.5284552845528455,0.0,0.0002662379274447,0
0.2493224932249322,0.0,0.0005086714164582,3
0.051490514905149,0.0,0.0002553426204838,4
0.7249322493224932,0.0,0.0001948934608519,2
0.8387533875338753,0.0,0.0002830542227068,2
0.043360433604336,0.0277078085642317,0.0057003454259823,4
0.3821138211382114,0.0050377833753148,0.0034843467056042,3
0.040650406504065,0.0050377833753148,0.0016287881480541,4
0.0989159891598916,0.0125944584382871,0.0019804501014821,4
0.55420054200542,0.0,0.000349200612361,0
0.056910569105691,0.0151133501259445,0.0071947581215175,4
0.1558265582655826,0.0831234256926952,0.0263448522316678,4
0.3604336043360434,0.0,0.0002574941423955,3
0.029810298102981,0.017632241813602,0.0053485457751519,4
0.062330623306233,0.0403022670025188,0.0062358506237236,4
0.5284552845528455,0.0025188916876574,0.0006230463212856,0
0.0853658536585365,0.0251889168765743,0.0070422238240637,4
0.0067750677506775,0.0025188916876574,0.0011380001817261,4
0.1287262872628726,0.0050377833753148,0.0005463832925269,4
0.0040650406504065,0.0,0.0005330094323236,4
0.037940379403794,0.0125944584382871,0.0068944572991663,4
0.078590785907859,0.0050377833753148,0.000765890164049,4
0.6504065040650406,0.0025188916876574,0.0007829302175899,0
0.8184281842818428,0.0,0.0033598854660546,2
0.913279132791328,0.0,0.0015981160516805,2
0.1056910569105691,0.0,0.0007529810325787,4
0.0853658536585365,0.0025188916876574,0.000799866998079,4
0.2344173441734417,0.0125944584382871,0.0017925103594489,3
0.0691056910569105,0.0,0.0005246787394814,4
0.6788617886178862,0.0,0.0001685244083017,0
0.513550135501355,0.0,0.0003365324513447,0
0.3631436314363143,0.0,0.0007505885402128,3
0.010840108401084,0.0453400503778337,0.0094910000031154,4
0.037940379403794,0.0226700251889168,0.0029476022312418,4
0.010840108401084,0.0579345088161209,0.0225286547863987,4
0.0230352303523035,0.0554156171284634,0.0244464697819866,4
0.6476964769647696,0.0,0.0005050224352959,0
0.0420054200542005,0.0201511335012594,0.003809691243008,4
0.0338753387533875,0.0,0.0007968032308767,4
0.2398373983739837,0.0,0.0005155218622251,3
0.1612466124661246,0.0075566750629722,0.0009768770088007,4
0.0149051490514905,0.0025188916876574,0.0010731791295696,4
0.5528455284552846,0.0050377833753148,0.0012699315053532,0
0.7791327913279132,0.0,0.0003909745617991,2
0.0962059620596205,0.0,0.00016842113525,4
0.4024390243902439,0.0,0.0014082141216638,3
0.08130081300813,0.0025188916876574,0.0037057813407592,4
0.0636856368563685,0.0377833753148614,0.0083963056544285,4
0.010840108401084,0.0226700251889168,0.0028386835859825,4
0.0230352303523035,0.0100755667506297,0.0150670046747751,4
0.926829268292683,0.0,0.0003134509242757,2
0.535230352303523,0.0,0.0001862357366791,0
0.0989159891598916,0.0025188916876574,0.0015905426945512,4
0.3550135501355013,0.0050377833753148,0.0007713808479677,3
0.1273712737127371,0.0377833753148614,0.0037092582001686,4
0.016260162601626,0.0251889168765743,0.0096505052315632,4
0.8075880758807588,0.0,0.0002197134176256,2
0.0392953929539295,0.0302267002518891,0.0073396157887903,4
0.7899728997289973,0.0075566750629722,0.0019423939819074,2
0.056910569105691,0.0226700251889168,0.0068835275678547,4
0.5420054200542005,0.0100755667506297,0.0026986281156167,0
0.6693766937669376,0.0025188916876574,0.0041741762670299,0
0.3197831978319783,0.0100755667506297,0.0024854381124274,3
0.5623306233062331,0.0075566750629722,0.0019069024764516,0
0.002710027100271,0.1083123425692695,0.0429786467990887,4
0.035230352303523,0.0251889168765743,0.0076800209795762,4
0.5230352303523035,0.0,0.0005029053377348,0
0.6002710027100271,0.0,0.0048198393866517,0
0.1016260162601626,0.0201511335012594,0.0081156094997369,4
0.505420054200542,0.0,0.0006003606742484,0
0.010840108401084,0.0025188916876574,0.0033898346510659,4
0.2723577235772357,0.0025188916876574,0.0008659273268567,3
0.9254742547425474,0.0,0.0005883121515427,2
0.0474254742547425,0.0,0.0005266753518155,4
0.3414634146341463,0.0,0.0007143052746934,3
0.0230352303523035,0.0100755667506297,0.0019900028587701,4
0.0447154471544715,0.0302267002518891,0.0046837427166034,4
0.4959349593495935,0.0050377833753148,0.0011366232077026,0
0.0609756097560975,0.0,0.0028102490723971,4
0.3170731707317073,0.0075566750629722,0.0019108784889445,3
0.8888888888888888,0.0,0.0005001513896877,2
0.4308943089430894,0.0025188916876574,0.000727403740092,0
0.7588075880758808,0.0,0.0002289219314077,2
0.0230352303523035,0.0075566750629722,0.0018261257377977,4
0.016260162601626,0.0151133501259445,0.0022813017134427,4
0.086720867208672,0.0,0.0008702992193813,4
0.0040650406504065,0.0,0.0002851713202679,4
0.0121951219512195,0.0050377833753148,0.003029687095218,4
0.7330623306233063,0.0,0.0001926042415378,2
0.005420054200542,0.0050377833753148,0.0018494482353208,4
0.0203252032520325,0.0,0.0002060125260917,4
0.5460704607046071,0.0,0.000524300071625,0
0.8563685636856369,0.0100755667506297,0.0586802815891223,2
0.029810298102981,0.0251889168765743,0.0039508482925926,4
0.013550135501355,0.0,0.0003631941108748,4
0.010840108401084,0.0201511335012594,0.0120354586646253,4
0.021680216802168,0.0327455919395466,0.0114926038680336,4
0.0013550135501355,0.035264483627204,0.0035280656308505,4
0.3834688346883468,0.0025188916876574,0.0011755055116913,3
0.067750677506775,0.0050377833753148,0.0014996968333504,4
0.0311653116531165,0.0327455919395466,0.0057884545513113,4
0.0257452574525745,0.0025188916876574,0.001044675767283,4
0.075880758807588,0.0302267002518891,0.0107948050694469,4
0.035230352303523,0.0302267002518891,0.0070864074780429,4
0.078590785907859,0.0327455919395466,0.0058974764696224,4
0.013550135501355,0.0,0.000418858285775,4
0.043360433604336,0.0,0.0002548951039261,4
0.010840108401084,0.0151133501259445,0.0073982576700164,4
0.7046070460704607,0.0,4.974318659913733e-05,2
0.3753387533875338,0.0,0.0002749645003187,3
0.5176151761517616,0.0075566750629722,0.0020570959180655,0
0.0,0.5214105793450882,0.1978771398025718,4
0.5284552845528455,0.0025188916876574,0.0003161015992709,0
0.002710027100271,0.0050377833753148,0.0025217041657715,4
0.1815718157181571,0.0075566750629722,0.0031689508055203,3
0.037940379403794,0.0075566750629722,0.003421883721463,4
0.013550135501355,0.0025188916876574,0.000244344040471,4
0.0311653116531165,0.0327455919395466,0.0047425395074071,4
0.056910569105691,0.0075566750629722,0.0036931820284441,4
0.3279132791327913,0.0100755667506297,0.0009033465959455,3
0.7371273712737128,0.0050377833753148,0.0009771524036054,2
0.078590785907859,0.0050377833753148,0.001467337943798,4
0.6775067750677507,0.0050377833753148,0.00067719582476,0
0.0853658536585365,0.0025188916876574,0.0021851372900762,4
0.013550135501355,0.0050377833753148,0.0003302155830119,4
0.1056910569105691,0.0075566750629722,0.0046882178821798,4
0.2113821138211382,0.0075566750629722,0.0050744246714225,3
0.7615176151761518,0.0050377833753148,0.0007429635465577,2
0.4403794037940379,0.0025188916876574,0.001176366120456,0
0.0230352303523035,0.0,0.0005263311083096,4
0.3631436314363143,0.0025188916876574,0.0016199238777777,3
0.3265582655826558,0.0025188916876574,0.0003534175953079,3
0.005420054200542,0.0403022670025188,0.1121577012547796,4
0.0718157181571815,0.0025188916876574,0.001432483288828,4
0.2113821138211382,0.0025188916876574,0.0008784577904706,3
0.5799457994579946,0.0025188916876574,0.0007450806441188,0
0.1300813008130081,0.0050377833753148,0.0019726357738987,4
0.8848238482384824,0.0,0.0006022040982223,2
0.7073170731707317,0.0025188916876574,0.0006240274152774,2
0.505420054200542,0.0025188916876574,0.0007019813571831,0
0.9051490514905148,0.0050377833753148,0.0005442317706152,2
0.0013550135501355,0.3778337531486145,0.9098348459077424,1
0.3441734417344173,0.0,9.199907694546332e-05,3
0.048780487804878,0.0277078085642317,0.0034170987367313,4
0.2195121951219512,0.0050377833753148,0.0014502978902572,3
0.1653116531165311,0.0075566750629722,0.0011420794672707,3
0.0718157181571815,0.0327455919395466,0.0123240035712509,4
0.592140921409214,0.0050377833753148,0.0012780900764425,0
0.6138211382113821,0.0025188916876574,0.0022094753059416,0
0.1165311653116531,0.0050377833753148,0.0007689195069007,4
0.0094850948509485,0.0125944584382871,0.0057563710565637,4
0.0121951219512195,0.0,0.0006252839040738,4
0.929539295392954,0.0,0.0003071340559429,2
0.032520325203252,0.0025188916876574,0.0006565412144074,4
0.6002710027100271,0.0075566750629722,0.0011632332307068,0
0.7601626016260162,0.0025188916876574,0.0005642495304819,2
0.062330623306233,0.0050377833753148,0.0013453552574907,4
0.05420054200542,0.0050377833753148,0.0016164470183684,4
0.0,0.0906801007556675,0.0313728384541476,4
0.1720867208672086,0.0277078085642317,0.005116921532223,3
0.1178861788617886,0.0151133501259445,0.0031670402540627,4
0.6260162601626016,0.0025188916876574,0.0004192025292809,0
0.5704607046070461,0.0,0.0022755356347193,0
0.0230352303523035,0.0302267002518891,0.011050750116066,4
0.086720867208672,0.0025188916876574,0.0013323256407933,4
0.1653116531165311,0.0025188916876574,0.0013788157262619,3
0.0582655826558265,0.0,0.0004069990969976,4
0.0067750677506775,0.0201511335012594,0.0051883176353417,4
0.0121951219512195,0.0251889168765743,0.0026510708752799,4
0.078590785907859,0.0151133501259445,0.0029667249579932,4
0.516260162601626,0.0,0.0006140271414317,0
0.3441734417344173,0.0151133501259445,0.0048048131576202,3
0.4024390243902439,0.0,0.0002055994338846,3
0.043360433604336,0.0151133501259445,0.003359145342517,4
0.1531165311653116,0.0,0.0002341372205218,4
0.0691056910569105,0.0025188916876574,0.0010590995701792,4
0.1517615176151761,0.0,0.00023461916143,4
0.056910569105691,0.0050377833753148,0.0024497056365175,4
0.6300813008130082,0.0,0.000272640856654,0
0.5447154471544715,0.0,0.000148971377168,0
0.0311653116531165,0.0050377833753148,0.0019384179694146,4
0.1991869918699187,0.0,0.0006120821656235,3
0.989159891598916,0.0,0.0004859857694209,2
0.018970189701897,0.1108312342569269,0.0513470343051906,4
0.4241192411924119,0.0125944584382871,0.0015263757050558,0
0.4336043360433604,0.0075566750629722,0.0026055274594524,0
0.7899728997289973,0.0,0.0003254822348061,2
0.1205962059620596,0.0,0.000429925714489,4
0.0718157181571815,0.0251889168765743,0.0061950577682772,4
0.059620596205962,0.0050377833753148,0.0011941979340604,4
0.0338753387533875,0.0277078085642317,0.0205846428600136,4
0.005420054200542,0.0554156171284634,0.0822366237257891,4
0.013550135501355,0.0025188916876574,0.0006526684749663,4
0.0311653116531165,0.0201511335012594,0.0067539887365934,4
0.6897018970189702,0.0,0.00020122754136,0
0.1626016260162601,0.0100755667506297,0.0039808319019544,4
0.2588075880758808,0.0075566750629722,0.0015824873965137,3
0.05420054200542,0.0,0.0008687156992543,4
0.089430894308943,0.017632241813602,0.0051515352167388,4
0.7615176151761518,0.0050377833753148,0.005621771845766,2
0.0040650406504065,0.3576826196473551,0.3367351074966613,4
0.3292682926829268,0.0,0.0008150653488635,3
0.8482384823848238,0.0,0.0188482786163731,2
0.0257452574525745,0.0403022670025188,0.0138103437565734,4
0.1436314363143631,0.0050377833753148,0.0024081726575335,4
0.5623306233062331,0.0,0.0002426744594675,0
0.8401084010840109,0.0,0.0008337577712325,2
0.3848238482384823,0.0,0.0002616939131672,3
0.1016260162601626,0.0075566750629722,0.0005498601519363,4
0.005420054200542,0.0025188916876574,0.0023133507838398,4
0.002710027100271,0.0201511335012594,0.0075441480678068,4
0.0528455284552845,0.0327455919395466,0.0144696733433784,4
0.9173441734417344,0.0,0.000992540088318,2
0.6598915989159891,0.0025188916876574,0.0013299675727781,0
0.3536585365853658,0.0025188916876574,0.0009061349683431,3
0.8157181571815718,0.0,0.0007362335860178,2
0.0311653116531165,0.0453400503778337,0.0102451342514387,4
0.575880758807588,0.0,0.0002703172129894,0
0.6924119241192412,0.0075566750629722,0.0023680338647483,0
0.0921409214092141,0.0277078085642317,0.0084621938614532,4
0.1300813008130081,0.0,0.0005398943024412,4
0.0121951219512195,0.0277078085642317,0.0153823317261579,4
0.7303523035230353,0.017632241813602,0.0029185136549952,2
0.1355013550135501,0.0151133501259445,0.0050545273967829,4
0.3238482384823848,0.0025188916876574,0.0007059229453254,3
0.4525745257452574,0.0,0.0001214318966978,0
0.6707317073170732,0.0,0.0003225561650061,0
0.0962059620596205,0.0277078085642317,0.0103584592135733,4
0.0203252032520325,0.0025188916876574,0.0009200424059805,4
0.489159891598916,0.0050377833753148,0.0009228996270792,0
0.1056910569105691,0.0,0.0001994030507788,4
0.2777777777777778,0.0,0.0023775177733352,3
0.1246612466124661,0.0025188916876574,0.0009379774926366,4
0.1056910569105691,0.0025188916876574,0.000147215735288,4
0.9254742547425474,0.0,0.0003657759371689,2
0.8468834688346883,0.0,0.0039544112128784,2
0.032520325203252,0.0125944584382871,0.0029882746014611,4
0.0609756097560975,0.0251889168765743,0.0065886313685457,4
0.6287262872628726,0.0075566750629722,0.0006525307775639,0
0.005420054200542,0.0302267002518891,0.0052965822179399,4
0.018970189701897,0.0,0.0005425621896117,4
0.1097560975609756,0.0050377833753148,0.0107499501406312,4
0.1178861788617886,0.0,0.0021762558076246,4
0.5785907859078591,0.0025188916876574,0.0009741574851042,0
0.8021680216802168,0.0,0.0002371837755488,2
0.059620596205962,0.0025188916876574,0.0020238764197484,4
0.0989159891598916,0.0050377833753148,0.0013544949225718,4
0.9214092140921408,0.0050377833753148,0.0028806640815241,2
0.010840108401084,0.0478589420654911,0.0106461262992589,4
0.0121951219512195,0.0201511335012594,0.0073807700999178,4
0.3753387533875338,0.0,0.0001972515288671,3
0.062330623306233,0.0654911838790932,0.0298221763697522,4
0.005420054200542,0.0730478589420654,0.0153107290769356,4
0.6558265582655827,0.0,0.0002547401943485,0
0.3617886178861789,0.0025188916876574,0.0022471011211339,3
0.0230352303523035,0.0075566750629722,0.0014392648858938,4
0.7222222222222222,0.0,0.0005461423220728,2
0.0975609756097561,0.0226700251889168,0.0053516783910554,4
0.0094850948509485,0.0201511335012594,0.0142755372182394,4
0.040650406504065,0.0302267002518891,0.014641640186739,4
0.089430894308943,0.0201511335012594,0.0067949365016174,4
0.0338753387533875,0.0050377833753148,0.0005646454105137,4
0.0203252032520325,0.0125944584382871,0.0016257760173776,4
0.573170731707317,0.0,0.0005000997531619,0
0.0040650406504065,0.0251889168765743,0.0035817676177672,4
0.1097560975609756,0.0,0.000125304636139,4
0.3048780487804878,0.0025188916876574,0.0013583848741882,3
0.0311653116531165,0.0050377833753148,0.0023785677160281,4
0.1016260162601626,0.0075566750629722,0.0024413577315,4
0.2235772357723577,0.0050377833753148,0.0013403809388308,3
0.0799457994579945,0.017632241813602,0.0132119452703085,4
0.592140921409214,0.0,0.0002301267836783,0
0.0149051490514905,0.0151133501259445,0.0022185805466721,4
0.5948509485094851,0.0,0.0005039380682524,0
0.0040650406504065,0.0806045340050377,0.0223500096190241,4
0.0975609756097561,0.0226700251889168,0.0054888250037965,4
0.4308943089430894,0.0025188916876574,0.0005600841840608,0
0.1775067750677506,0.0050377833753148,0.0020356839719999,3
0.0880758807588075,0.0,0.0001564070368949,4
0.0338753387533875,0.0,0.0006737361775259,4
0.9336043360433603,0.0,0.0003597344636408,2
0.6205962059620597,0.0025188916876574,0.0003540028092679,0
0.013550135501355,0.0151133501259445,0.0043101008153252,4
0.2005420054200542,0.0125944584382871,0.003145679944523,3
0.7560975609756098,0.0,0.0006579181884309,2
0.6002710027100271,0.0075566750629722,0.0030414774352943,0
0.1761517615176151,0.0,0.0008529149223346,3
0.5176151761517616,0.0,0.0007511049054716,0
0.1775067750677506,0.0050377833753148,0.0011577769711387,3
0.1436314363143631,0.0050377833753148,0.002612825421777,4
0.5121951219512195,0.0050377833753148,0.0016600970949135,0
0.0257452574525745,0.0125944584382871,0.0017273794881371,4
0.0040650406504065,0.0,0.0004156051846445,4
0.521680216802168,0.0277078085642317,0.004705275147896,0
0.0921409214092141,0.0,0.0003624023508113,4
0.0121951219512195,0.0277078085642317,0.0119318585815318,4
0.5907859078590786,0.0125944584382871,0.0036096341295679,0
0.5040650406504065,0.0125944584382871,0.0030543865667646,0
0.059620596205962,0.0,0.0003901828017355,4
0.035230352303523,0.0075566750629722,0.0057153372306632,4
0.2479674796747967,0.0025188916876574,0.000569292697843,3
0.573170731707317,0.0,0.0002235000961902,0
0.7981029810298103,0.0,0.0006934785425879,2
0.2899728997289973,0.0,0.0001862357366791,3
0.010840108401084,0.0025188916876574,0.0017512871996202,4
0.040650406504065,0.0050377833753148,0.0011510642227741,4
0.1002710027100271,0.0025188916876574,0.0008253582296892,4
0.9823848238482384,0.0,0.0002657215621859,2
0.021680216802168,0.0100755667506297,0.0021919188871419,4
0.5826558265582655,0.0025188916876574,0.000973675544196,0
0.0013550135501355,0.0377833753148614,0.008217488365301,4
0.5799457994579946,0.0025188916876574,0.001068927722272,0
0.0311653116531165,0.0251889168765743,0.0055316316837523,4
0.6300813008130082,0.0025188916876574,0.0003091995169781,0
0.018970189701897,0.0075566750629722,0.0026948758614026,4
0.556910569105691,0.0,0.0009465835802835,0
0.0311653116531165,0.0050377833753148,0.0009191990093911,4
0.05420054200542,0.0680100755667506,0.0074775885859456,4
0.0149051490514905,0.0327455919395466,0.006694503458778,4
0.056910569105691,0.0100755667506297,0.0035200963936895,4
0.1192411924119241,0.0151133501259445,0.0112580191309541,4
0.0040650406504065,0.0025188916876574,0.0006523758679863,4
0.040650406504065,0.0050377833753148,0.0022319027703495,4
0.6043360433604336,0.0025188916876574,0.0005219420036097,0
0.0718157181571815,0.0075566750629722,0.0019624461661247,4
0.0149051490514905,0.0251889168765743,0.005921005513249,4
0.021680216802168,0.0226700251889168,0.0066299578014261,4
0.2682926829268293,0.017632241813602,0.0019307069148829,3
0.573170731707317,0.0025188916876574,0.0004817687864739,0
0.5067750677506775,0.0025188916876574,0.0018659719236029,0
0.7303523035230353,0.0,0.0006134419274717,2
0.010840108401084,0.0403022670025188,0.0124182402309846,4
0.6761517615176151,0.0050377833753148,0.0013166625612759,0
0.086720867208672,0.0,0.0005042823117583,4
0.9336043360433603,0.0,0.000127008641493,2
0.6260162601626016,0.0125944584382871,0.0005102549365852,0
0.913279132791328,0.0,0.0008548426859675,2
0.902439024390244,0.0,0.0006328572612031,2
0.2208672086720867,0.0125944584382871,0.0032565091412399,3
0.5989159891598916,0.0,0.0003572386982232,0
0.1802168021680217,0.0100755667506297,0.0041239683516978,3
0.002710027100271,0.0125944584382871,0.0038261977191148,4
0.0907859078590785,0.0100755667506297,0.0017490668290073,4
0.1165311653116531,0.0100755667506297,0.0046359445058125,4
0.0,0.0302267002518891,0.0076564402994236,4
0.1707317073170731,0.0050377833753148,0.0014142211708413,3
0.1720867208672086,0.0151133501259445,0.0058098837095521,3
0.0501355013550135,0.0100755667506297,0.0018887436315166,4
0.7235772357723578,0.0,5.766078723429415e-06,2
0.2859078590785908,0.0100755667506297,0.0035171186873637,3
0.7154471544715447,0.0,0.0005396533319871,2
0.1138211382113821,0.0226700251889168,0.0080600658100637,4
0.508130081300813,0.0,0.0005128883994052,0
0.1897018970189702,0.0025188916876574,0.0002709196391247,3
0.5691056910569106,0.0,0.0001498319859326,0
0.0582655826558265,0.0125944584382871,0.0024215981542627,4
0.1165311653116531,0.0403022670025188,0.012354469121521,4
0.5338753387533876,0.0,0.0021437247963192,0
0.070460704607046,0.017632241813602,0.0055780184961691,4
0.016260162601626,0.0050377833753148,0.0008279744803338,4
0.5338753387533876,0.0151133501259445,0.0027149624699705,0
0.029810298102981,0.017632241813602,0.0128622971413898,4
0.2113821138211382,0.0579345088161209,0.0084455152635935,3
0.029810298102981,0.035264483627204,0.0202493152609394,4
0.0230352303523035,0.0050377833753148,0.0019536679567249,4
0.021680216802168,0.0327455919395466,0.0062947162632284,4
0.035230352303523,0.0,0.0003889263129391,4
0.037940379403794,0.0201511335012594,0.0048052950985284,4
0.5474254742547425,0.0025188916876574,0.0009437263591848,0
0.0528455284552845,0.0151133501259445,0.0019373508145464,4
0.7425474254742548,0.0,0.0002736563749964,2
0.0907859078590785,0.0,0.0018267798004589,4
0.8780487804878049,0.0,0.0006658185768908,2
0.1205962059620596,0.0,0.0006466442136134,4
0.0636856368563685,0.0050377833753148,0.000649019493804,4
0.0284552845528455,0.0302267002518891,0.0037978492664059,4
0.2005420054200542,0.0075566750629722,0.0016732816211886,3
0.016260162601626,0.0780856423173803,0.0226412052006449,4
0.024390243902439,0.0,0.0003311794648283,4
0.4132791327913279,0.0050377833753148,0.0011648339630092,3
0.062330623306233,0.0050377833753148,0.0024418224602329,4
0.0826558265582655,0.0201511335012594,0.0047703715948572,4
0.3157181571815718,0.0251889168765743,0.0051916567973487,3
0.0040650406504065,0.052896725440806,0.0045817950023381,4
0.2520325203252032,0.0,0.0006733230853189,3
0.3143631436314363,0.0025188916876574,0.0007508467228422,3
0.6883468834688347,0.0151133501259445,0.0049333708948897,0
0.0501355013550135,0.0151133501259445,0.0088075561587237,4
0.2154471544715447,0.0025188916876574,0.0011408746150002,3
0.0718157181571815,0.0075566750629722,0.0023095813174505,4
0.0257452574525745,0.0050377833753148,0.0020728450584593,4
0.6111111111111112,0.0,0.0002412286367428,0
0.062330623306233,0.0125944584382871,0.0045043746378665,4
0.037940379403794,0.0100755667506297,0.0026476628645717,4
0.005420054200542,0.0277078085642317,0.0067752113487307,4
0.1422764227642276,0.0075566750629722,0.000768644112096,4
0.016260162601626,0.017632241813602,0.0026386953212436,4
0.021680216802168,0.0478589420654911,0.009893489510186,4
0.2872628726287263,0.0050377833753148,0.002761211584985,3
0.1612466124661246,0.0100755667506297,0.0031352665784703,4
0.075880758807588,0.0050377833753148,0.0004150716072104,4
0.8252032520325203,0.0,0.000636953758923,2
0.8021680216802168,0.0,0.0002368395320429,2
0.5934959349593496,0.0,0.0001995063238306,0
0.3048780487804878,0.0025188916876574,0.0009650522443738,3
0.55420054200542,0.0,0.0005920127692309,0
0.535230352303523,0.0151133501259445,0.0018745952234251,0
0.1043360433604336,0.017632241813602,0.0040125195166704,4
0.018970189701897,0.0100755667506297,0.0019495886711803,4
0.3523035230352303,0.0075566750629722,0.001222821781574,3
0.005420054200542,0.0025188916876574,0.000518327446798,4
0.2046070460704607,0.0025188916876574,0.0012611532959534,3
0.0989159891598916,0.0302267002518891,0.0119543376824656,4
0.048780487804878,0.0050377833753148,0.0022162052664815,4
0.1287262872628726,0.0251889168765743,0.0090440170229102,4
0.0392953929539295,0.0302267002518891,0.0068258667806204,4
0.4214092140921409,0.0,0.0005392746641306,0
0.0392953929539295,0.0025188916876574,0.0023374822536018,4
0.005420054200542,0.0251889168765743,0.0041255346596496,4
0.5894308943089431,0.0025188916876574,0.0030365203288096,0
0.5474254742547425,0.0,0.0002485438112427,0
0.3346883468834688,0.0075566750629722,0.0021284575968336,3
0.1355013550135501,0.0125944584382871,0.0042030410849976,4
0.002710027100271,0.0050377833753148,0.0013001044486433,4
0.1544715447154471,0.0,0.0001414496565646,4
0.2276422764227642,0.0025188916876574,0.0015185269531219,3
0.5609756097560976,0.0050377833753148,0.0014402804042361,0
0.2181571815718157,0.0050377833753148,0.0016768445414744,3
0.2479674796747967,0.0125944584382871,0.0027670981489355,3
0.3523035230352303,0.0,0.000261625064466,3
0.0013550135501355,0.017632241813602,0.0028546220603046,4
0.0962059620596205,0.0151133501259445,0.0032929645285123,4
0.0257452574525745,0.0025188916876574,0.0007981457805496,4
0.6368563685636857,0.0025188916876574,0.000173929031344,0
0.8672086720867209,0.0,0.0006100855532894,2
0.3414634146341463,0.0075566750629722,0.0009782539828242,3
0.3428184281842818,0.0075566750629722,0.0019307929757594,3
0.2899728997289973,0.0025188916876574,0.0003749672387758,3
0.0528455284552845,0.0201511335012594,0.0067505463015346,4
0.5826558265582655,0.0025188916876574,0.000839351728203,0
0.1260162601626016,0.0075566750629722,0.0025002577953554,4
0.002710027100271,0.0100755667506297,0.0030814441063265,4
0.0203252032520325,0.0100755667506297,0.0010528859748982,4
0.0962059620596205,0.0226700251889168,0.0011175176931265,4
0.8983739837398373,0.0,0.0004582913793732,2
0.6273712737127372,0.0075566750629722,0.002190868944449,0
0.0311653116531165,0.0730478589420654,0.0174634386287583,4
0.0257452574525745,0.0806045340050377,0.0382997407037428,4
0.5813008130081301,0.0050377833753148,0.0020516396584973,0
0.016260162601626,0.0,0.0002640175568318,4
0.7357723577235772,0.0,0.000520375695658,2
0.8536585365853658,0.0025188916876574,0.0005666592350231,2
0.024390243902439,0.0075566750629722,0.0076176612684867,4
0.1043360433604336,0.0075566750629722,0.0045537735809598,4
0.032520325203252,0.0025188916876574,0.0010128504551647,4
0.05420054200542,0.0302267002518891,0.0083762190458606,4
0.005420054200542,0.070528967254408,0.0404337406210211,4
0.016260162601626,0.0277078085642317,0.0033155985390236,4
0.924119241192412,0.0,0.0001975441358471,2
0.2818428184281842,0.0,0.0001041164483523,3
0.3577235772357723,0.0,0.000233620855263,3
0.070460704607046,0.0251889168765743,0.0042786197467128,4
0.021680216802168,0.0050377833753148,0.0011046257738314,4
0.3983739837398374,0.0,0.0005240246768203,3
0.7032520325203252,0.0,0.0003931088715355,2
0.5813008130081301,0.0,0.0001349606664788,0
0.0474254742547425,0.0025188916876574,0.0009646047278162,4
0.1747967479674796,0.0,0.0015777712604832,3
0.021680216802168,0.0151133501259445,0.0011786381275948,4
0.5420054200542005,0.0,0.0001011559542017,0
0.3604336043360434,0.0,0.0004300634118913,3
0.4119241192411924,0.0,0.0002244467658314,3
0.1273712737127371,0.0151133501259445,0.0031558351279464,4
0.535230352303523,0.0050377833753148,0.0015792342953832,0
0.5704607046070461,0.0075566750629722,0.0018532521260608,0
0.1002710027100271,0.0100755667506297,0.0028639510593138,4
0.5271002710027101,0.0050377833753148,0.0025619462316085,0
0.6463414634146342,0.0,8.4511780692652e-05,0
0.2411924119241192,0.0201511335012594,0.001844714887115,3
0.5433604336043361,0.0,0.0002203158437608,0
0.0338753387533875,0.017632241813602,0.0017261229993406,4
0.005420054200542,0.0327455919395466,0.0053357571289086,4
0.1341463414634146,0.0050377833753148,0.0013872496921559,4
0.902439024390244,0.0,0.0001324476888859,2
0.6937669376693767,0.0025188916876574,0.0016989277623764,0
0.0121951219512195,0.3904282115869017,0.5394892483200358,1
0.1056910569105691,0.0201511335012594,0.0044532200528933,4
0.1558265582655826,0.0201511335012594,0.0102461669819564,4
0.0501355013550135,0.0201511335012594,0.0020383690713458,4
0.9823848238482384,0.0,0.0001555980646561,2
0.1436314363143631,0.0,8.366838410325486e-05,4
0.6544715447154471,0.0,0.000396654579646,0
0.1151761517615176,0.0,0.0008706778872378,4
0.1097560975609756,0.0050377833753148,0.0020257697590307,4
0.6273712737127372,0.0025188916876574,0.0033529317472359,0
0.0338753387533875,0.0075566750629722,0.0007506401767387,4
0.6924119241192412,0.0050377833753148,0.0020963568899107,0
0.5365853658536586,0.0,0.0003611630741902,0
0.0420054200542005,0.0302267002518891,0.0050034244483355,4
0.8658536585365854,0.0,0.0003437787771434,2
0.0975609756097561,0.0,0.0004228342982679,4
0.2127371273712737,0.0075566750629722,0.0042043664224953,3
0.0094850948509485,0.0025188916876574,0.0003013851893947,4
0.005420054200542,0.0125944584382871,0.0059338285838429,4
0.8265582655826558,0.0,0.000317392512418,2
0.0420054200542005,0.0403022670025188,0.0175671075605529,4
0.051490514905149,0.0503778337531486,0.0123968627092697,4
0.3428184281842818,0.0,0.0005242484350991,3
0.8834688346883469,0.0,0.000498585081736,2
0.0799457994579945,0.0050377833753148,0.0036583962221753,4
0.013550135501355,0.1335012594458438,0.0350997391339924,4
0.0013550135501355,0.0050377833753148,0.0013304839380369,4
0.0447154471544715,0.0125944584382871,0.0023538166079556,4
0.1476964769647696,0.0100755667506297,0.0013647189546963,4
0.8509485094850948,0.0,0.0015744837350021,2
0.0013550135501355,0.1788413098236775,0.0220149402025793,4
0.513550135501355,0.017632241813602,0.0081005316341795,0
0.0989159891598916,0.0251889168765743,0.0090007284020462,4
0.6273712737127372,0.0025188916876574,0.000208491079334,0
0.537940379403794,0.0,0.0007927583696827,0
0.537940379403794,0.0075566750629722,0.0017463128809603,0
0.3658536585365853,0.0,0.0002368223198676,3
0.010840108401084,0.0629722921914357,0.0170637719184358,4
0.089430894308943,0.0050377833753148,0.001208587312606,4
0.8170731707317073,0.0050377833753148,0.0013402088170779,2
0.0311653116531165,0.0100755667506297,0.0012549741250229,4
0.1192411924119241,0.0201511335012594,0.0178104360826817,4
0.0853658536585365,0.0025188916876574,0.0006398626165477,4
0.5447154471544715,0.0,0.0008598170046274,0
0.4037940379403794,0.0100755667506297,0.0081823066790004,3
0.8157181571815718,0.0,0.0002056854947611,2
0.043360433604336,0.0251889168765743,0.0026550468877727,4
0.1165311653116531,0.0,0.0003890123738156,4
0.1016260162601626,0.0050377833753148,0.00247416413761,4
0.005420054200542,0.0125944584382871,0.0007164223722546,4
0.1720867208672086,0.0050377833753148,0.0018682095063911,3
0.059620596205962,0.0,0.000768523626869,4
0.043360433604336,0.0151133501259445,0.0042417684794087,4
0.040650406504065,0.0025188916876574,0.0008576654827157,4
0.7804878048780488,0.070528967254408,0.040772975383887,2
0.2195121951219512,0.0025188916876574,0.0013329280669286,3
0.0907859078590785,0.0,0.0007095719264876,4
0.521680216802168,0.0,0.0002923487973655,0
0.3821138211382114,0.0050377833753148,0.0008503675203911,3
0.016260162601626,0.08816120906801,0.0193481373990809,4
0.0975609756097561,0.0,0.0002431219760251,4
0.7018970189701897,0.0,2.0482488599644784e-05,2
0.024390243902439,0.0025188916876574,0.0021146017957221,4
0.0013550135501355,0.0075566750629722,0.001023057275114,4
0.013550135501355,0.0075566750629722,0.0039184205543391,4
0.021680216802168,0.0075566750629722,0.0045118447219441,4
0.1327913279132791,0.0075566750629722,0.0013487804803742,4
0.035230352303523,0.035264483627204,0.0109568576998382,4
0.070460704607046,0.0,0.0015738640966915,4
0.062330623306233,0.0075566750629722,0.0013316199416063,4
0.4186991869918699,0.0025188916876574,0.0011947142993192,0
0.067750677506775,0.0,0.0017771570990868,4
0.1395663956639566,0.0075566750629722,0.0007127733910923,4
0.0962059620596205,0.0,0.0012746992779096,4
0.0663956639566395,0.0050377833753148,0.0022421956511752,4
0.497289972899729,0.0327455919395466,0.0073829904705307,0
0.0094850948509485,0.035264483627204,0.0121057187641747,4
0.7981029810298103,0.0,0.0001024985038746,2
0.075880758807588,0.0100755667506297,0.0287044521305221,4
0.1097560975609756,0.017632241813602,0.0083224826345933,4
0.1178861788617886,0.0100755667506297,0.0044608278343732,4
0.002710027100271,0.0075566750629722,0.0015271846772946,4
0.516260162601626,0.0025188916876574,0.0005106163922664,0
0.0040650406504065,0.0100755667506297,0.0012429256023172,4
0.1436314363143631,0.0025188916876574,0.0010984466029009,4
0.0772357723577235,0.0,0.0003669980016148,4
0.6869918699186992,0.0050377833753148,0.0015740190062691,0
0.6761517615176151,0.0,0.0003327113484295,0
0.062330623306233,0.0,0.0006637531158555,4
0.005420054200542,0.0226700251889168,0.0043963854500731,4
0.2981029810298103,0.0,0.0007636525812608,3
0.0691056910569105,0.0,0.0005830624380781,4
0.8197831978319783,0.0050377833753148,0.0006300861009808,2
0.8536585365853658,0.0,0.0004096497719928,2
0.9905149051490516,0.0,0.0005515469451151,2
0.551490514905149,0.0050377833753148,0.0023978281401819,0
0.0040650406504065,0.1662468513853904,0.0274728005030223,4
0.0013550135501355,0.0277078085642317,0.0061793602644093,4
0.0013550135501355,0.0100755667506297,0.0050202751679482,4
0.6897018970189702,0.0302267002518891,0.0074580527669871,0
0.4417344173441734,0.0025188916876574,0.0008828296829952,0
0.0853658536585365,0.0251889168765743,0.0068721675321608,4
0.6449864498644986,0.0025188916876574,0.0002365641372382,0
0.040650406504065,0.0025188916876574,0.0022601651621819,4
0.5636856368563685,0.0075566750629722,0.0035982224573481,0
0.1341463414634146,0.0050377833753148,0.0017501511960508,4
0.0230352303523035,0.0,0.000546503777754,4
0.1273712737127371,0.0075566750629722,0.0012635457883192,4
0.5176151761517616,0.0100755667506297,0.0016244334677047,0
0.0013550135501355,0.0100755667506297,0.002090108870279,4
0.0311653116531165,0.0050377833753148,0.001186383606477,4
0.0013550135501355,0.0025188916876574,0.0005573302360138,4
0.3915989159891599,0.0,0.0001567168560502,3
0.0094850948509485,0.0025188916876574,0.0004534375459403,4
0.2384823848238482,0.0050377833753148,0.0011557975709799,3
0.1002710027100271,0.0428211586901763,0.0111854181755648,4
0.048780487804878,0.0226700251889168,0.004900116972222,4
0.2696476964769648,0.0050377833753148,0.0023994460846595,3
0.002710027100271,0.0730478589420654,0.0133985252504935,4
0.0257452574525745,0.0025188916876574,0.00036964867661,4
0.0311653116531165,0.0050377833753148,0.0020166300939497,4
0.051490514905149,0.0025188916876574,0.0003942104507543,4
0.3482384823848238,0.0100755667506297,0.0065450329285264,3
0.7601626016260162,0.0,0.0001765108576381,2
0.8482384823848238,0.0,0.0001178173398861,2
0.2466124661246612,0.0050377833753148,0.0004580848332697,3
0.2289972899728997,0.0,0.0005631135269125,3
0.4932249322493225,0.0025188916876574,0.0007064048862336,0
0.010840108401084,0.0151133501259445,0.00566242700381,4
0.05420054200542,0.0100755667506297,0.0011656601474233,4
0.021680216802168,0.0428211586901763,0.011330069296734,4
0.0067750677506775,0.0025188916876574,0.0006535807202569,4
0.3550135501355013,0.0,0.0004029714479788,3
0.005420054200542,0.0,0.00020152014834,4
0.55420054200542,0.0,0.0006160237537657,0
0.059620596205962,0.0277078085642317,0.007671518164981,4
0.0040650406504065,0.0100755667506297,0.0016001298761898,4
0.0,0.052896725440806,0.0140527600334115,4
0.9051490514905148,0.0,7.81432758339389e-05,2
0.070460704607046,0.0,0.0003673766694712,4
0.5894308943089431,0.0,0.0009929703927004,0
0.1043360433604336,0.0,0.0013634968902504,4
0.1680216802168021,0.0025188916876574,0.0007912609104321,3
0.0094850948509485,0.0151133501259445,0.0039255463949107,4
0.0230352303523035,0.017632241813602,0.0110241917295876,4
0.1056910569105691,0.0327455919395466,0.0106964374876427,4
0.8360433604336044,0.0075566750629722,0.0020205200455661,2
0.002710027100271,0.0856423173803526,0.0132842708308931,4
0.0853658536585365,0.0503778337531486,0.0194184491351561,4
0.6666666666666666,0.0251889168765743,0.0107547007010123,0
0.1869918699186991,0.0,0.0006166606042516,3
0.3523035230352303,0.0075566750629722,0.0019176084494843,3
0.0203252032520325,0.0428211586901763,0.005916495923322,4
0.0257452574525745,0.0025188916876574,0.0008997492513091,4
0.043360433604336,0.0025188916876574,0.0012255240930952,4
0.9322493224932248,0.0,0.000282537857448,2
0.0663956639566395,0.0201511335012594,0.0097841061361938,4
0.0121951219512195,0.0050377833753148,0.0013272480490816,4
0.924119241192412,0.0025188916876574,0.0019620674982683,2
0.3929539295392953,0.0,8.700754611025577e-05,3
0.0203252032520325,0.0579345088161209,0.0115207629868143,4
0.6788617886178862,0.0,8.907300714551407e-05,0
0.5650406504065041,0.0050377833753148,0.0007836703411275,0
0.3441734417344173,0.0,0.0014352200246998,3
0.1897018970189702,0.0125944584382871,0.0064230846665697,3
0.0040650406504065,0.0125944584382871,0.006093643631446,4
0.013550135501355,0.0251889168765743,0.0070558214425458,4
0.6571815718157181,0.0025188916876574,0.0006387438251536,0
0.035230352303523,0.0503778337531486,0.0065817809227787,4
0.2140921409214092,0.0050377833753148,0.0015563076778918,3
0.1002710027100271,0.0,0.0009314024416744,4
0.0420054200542005,0.0025188916876574,0.0007922075800733,4
0.0040650406504065,0.0025188916876574,0.0010395465390455,4
0.048780487804878,0.0025188916876574,0.0010446069185818,4
0.0338753387533875,0.0050377833753148,0.0006859223976339,4
0.0691056910569105,0.0151133501259445,0.0044598295282061,4
0.6775067750677507,0.0,9.561363375716537e-05,0
0.5338753387533876,0.017632241813602,0.0036236104159065,0
0.1964769647696476,0.0251889168765743,0.00427259548536,3
0.037940379403794,0.0251889168765743,0.0069049223017449,4
0.08130081300813,0.0428211586901763,0.0238130273068234,4
0.0013550135501355,0.0478589420654911,0.0103714544059201,4
0.7317073170731707,0.0,0.0003943309359813,2
0.3062330623306233,0.0,0.0003412141630246,3
0.9065040650406504,0.0,4.500983839333706e-05,2
0.6178861788617886,0.0,0.0002182503827256,0
0.0962059620596205,0.0,0.0004050024846635,4
0.5433604336043361,0.0,9.716272953360908e-05,0
0.0284552845528455,0.0251889168765743,0.0166499395878465,4
0.8590785907859079,0.0151133501259445,0.003923222751246,2
0.0691056910569105,0.0125944584382871,0.0054191673303824,4
0.0447154471544715,0.0025188916876574,0.0038252682616489,4
0.0094850948509485,0.0931989924433249,0.0432311149862985,4
0.0907859078590785,0.0025188916876574,0.0023674486507883,4
0.2940379403794038,0.0125944584382871,0.0016169633836272,3
0.4173441734417344,0.0,0.0006512570765922,0
0.3428184281842818,0.0025188916876574,0.0004453478235522,3
0.0067750677506775,0.0151133501259445,0.0034920577601359,4
0.043360433604336,0.0377833753148614,0.0102704705734712,4
0.0013550135501355,0.0251889168765743,0.0047121772301888,4
0.1368563685636856,0.0201511335012594,0.0026687822036572,4
0.5365853658536586,0.0025188916876574,0.0006942530904761,0
0.7994579945799458,0.0,0.0005797060638958,2
1.0,0.0,0.0002376140799311,2
0.3197831978319783,0.0125944584382871,0.0026242715183474,3
0.002710027100271,0.0428211586901763,0.011101923634432,4
0.1395663956639566,0.0075566750629722,0.0010587897510239,4
0.002710027100271,0.1486146095717884,0.2962730356351066,4
0.8983739837398373,0.0,0.0001801598388004,2
0.0501355013550135,0.0,0.0010537121593123,4
0.3821138211382114,0.0,0.000274276013307,3
0.056910569105691,0.0050377833753148,0.0011482414260259,4
0.010840108401084,0.0025188916876574,0.0014919857788188,4
0.0149051490514905,0.035264483627204,0.014966296237131,4
0.032520325203252,0.0050377833753148,0.0004620608457625,4
0.056910569105691,0.017632241813602,0.0026477145010976,4
0.043360433604336,0.0,0.0012217718388811,4
0.1111111111111111,0.0075566750629722,0.0022357927219659,4
0.075880758807588,0.0025188916876574,0.0026290048665532,4
0.3902439024390244,0.0025188916876574,0.0004119045669563,3
0.0013550135501355,0.0277078085642317,0.0048000281728885,4
0.6598915989159891,0.0,0.0002568917162602,0
0.0,0.0075566750629722,0.0015109880203432,4
0.0718157181571815,0.0,0.0001831547573015,4
0.559620596205962,0.0050377833753148,0.0030778811860407,0
0.0230352303523035,0.035264483627204,0.0170136672761555,4
0.0311653116531165,0.0050377833753148,0.0008511420682793,4
0.0474254742547425,0.0226700251889168,0.0095719316513469,4
0.016260162601626,0.0075566750629722,0.0013260431968111,4
0.037940379403794,0.0327455919395466,0.0094912753979201,4
0.1463414634146341,0.0428211586901763,0.0151650108008981,4
0.1490514905149051,0.0,8.44257198161829e-05,4
0.0447154471544715,0.017632241813602,0.0053307311737228,4
0.1490514905149051,0.0201511335012594,0.0031649059443262,4
0.2804878048780488,0.0025188916876574,0.0022392351570246,3
0.0582655826558265,0.0,0.0003824028985027,4
0.2764227642276423,0.0,0.0005965739956837,3
0.5040650406504065,0.0075566750629722,0.0010497533589947,0
0.059620596205962,0.0100755667506297,0.0017656077294646,4
0.5636856368563685,0.035264483627204,0.007682998685902,0
0.0663956639566395,0.0100755667506297,0.0014954626382281,4
0.2113821138211382,0.0050377833753148,0.000598759941946,3
0.1070460704607046,0.0,0.0009413166546436,4
0.7344173441734417,0.0025188916876574,0.0016053279531286,2
0.1842818428184282,0.0050377833753148,0.0021805932757986,3
0.0582655826558265,0.0050377833753148,0.001408816547799,4
0.1571815718157181,0.0075566750629722,0.0013717243100409,4
0.051490514905149,0.0075566750629722,0.0033867536716883,4
0.5785907859078591,0.0025188916876574,0.0013465084732354,0
0.7994579945799458,0.0,0.0002716081261364,2
0.1449864498644986,0.0125944584382871,0.0037088451079615,4
0.3143631436314363,0.0,0.0018528046095031,3
0.8008130081300813,0.0,0.0003162048723227,2
0.2872628726287263,0.0151133501259445,0.0012796735965695,3
0.994579945799458,0.0,0.0002192314767173,2
0.0447154471544715,0.0201511335012594,0.0049485864578494,4
0.0067750677506775,0.0251889168765743,0.0089191599033288,4
0.4146341463414634,0.0050377833753148,0.0010034181831037,3
0.029810298102981,0.0125944584382871,0.008318541046451,4
0.086720867208672,0.0075566750629722,0.0017594629828847,4
0.1829268292682926,0.0050377833753148,0.0012464196739019,3
0.5460704607046071,0.0,0.0008835525943576,0
0.051490514905149,0.0050377833753148,0.000454298154705,4
0.0718157181571815,0.0428211586901763,0.007572221125711,4
0.9525745257452576,0.0,0.00155474136994,2
0.3794037940379404,0.0251889168765743,0.0090076649086896,3
0.2859078590785908,0.0025188916876574,0.0004537817894462,3
0.043360433604336,0.0100755667506297,0.0019152503814691,4
0.8509485094850948,0.0,0.0002068559226811,2
0.2046070460704607,0.0100755667506297,0.0006765761864494,3
0.2330623306233062,0.0075566750629722,0.0013293135101169,3
0.4363143631436314,0.0025188916876574,0.0006871960986057,0
0.6178861788617886,0.0100755667506297,0.0030403242195496,0
0.7466124661246613,0.0151133501259445,0.004734329299792,2
0.532520325203252,0.0,0.0005185167807263,0
0.0663956639566395,0.0,0.0004089612849811,4
0.2289972899728997,0.0075566750629722,0.0034851901021936,3
0.5745257452574526,0.0,0.0004566906470709,0
0.0311653116531165,0.0050377833753148,0.0015762221647067,4
0.089430894308943,0.0,0.0006385544912253,4
0.0392953929539295,0.0025188916876574,0.0006355939970748,4
0.0338753387533875,0.0075566750629722,0.0016667754189275,4
0.0528455284552845,0.0,0.0007314830256367,4
0.051490514905149,0.0,0.0007873709588157,4
0.0447154471544715,0.0075566750629722,0.0008349798356784,4
0.8373983739837398,0.0,0.0004319051146478,2
0.0880758807588075,0.017632241813602,0.001547942560699,4
0.5230352303523035,0.0050377833753148,0.0018183974710908,0
0.1002710027100271,0.0151133501259445,0.0049807560134736,4
0.005420054200542,0.0050377833753148,0.0005843533512251,4
0.7493224932249323,0.0,0.0005365207160836,2
0.08130081300813,0.0,0.0003664127876548,4
0.0013550135501355,0.0554156171284634,0.0117837994496544,4
0.5121951219512195,0.0050377833753148,0.0015618327861611,0
0.0311653116531165,0.0050377833753148,0.0013113439991101,4
0.0948509485094851,0.0277078085642317,0.0036788098620738,4
0.4959349593495935,0.0151133501259445,0.0021122781520574,0
0.8075880758807588,0.0050377833753148,0.0105234723381151,2
0.0,0.0478589420654911,0.0115727609683769,4
0.0447154471544715,0.0226700251889168,0.0051171108661512,4
0.2276422764227642,0.0251889168765743,0.0019606044633683,3
0.1192411924119241,0.0075566750629722,0.0009317811095308,4
0.6842818428184282,0.0,1.3769740235055313e-06,0
0.524390243902439,0.0,0.0008979591850785,0
0.5894308943089431,0.0,0.0015779261700608,0
0.0474254742547425,0.0251889168765743,0.0090037749570732,4
0.040650406504065,0.0,0.0007347705511178,4
0.6327913279132791,0.0,0.0002826411304998,0
0.9769647696476964,0.0,0.0002208322090196,2
0.5663956639566395,0.0050377833753148,0.001570318388581,0
0.8861788617886179,0.0,0.0002604202121954,2
0.4498644986449864,0.0,0.0005872622088498,0
0.1300813008130081,0.0025188916876574,0.0005435777079541,4
0.6775067750677507,0.0025188916876574,0.0035648480494534,0
0.0067750677506775,0.0025188916876574,0.0002765480204457,4
0.018970189701897,0.0100755667506297,0.002360460507619,4
0.0203252032520325,0.0050377833753148,0.0011760907256513,4
0.029810298102981,0.0025188916876574,0.0007436176092188,4
0.1070460704607046,0.0075566750629722,0.0040734334050352,4
0.5528455284552846,0.0,0.0016390293923539,0
0.1368563685636856,0.0,0.000359631190589,4
0.029810298102981,0.08816120906801,0.0291791122885998,4
0.9986449864498644,0.0,0.0001451846986033,2
0.05420054200542,0.017632241813602,0.0069809140556671,4
0.9878048780487804,0.0,0.0002789233006363,2
0.0420054200542005,0.0025188916876574,0.0004709423282141,4
0.0311653116531165,0.0050377833753148,0.0021040335200917,4
0.1056910569105691,0.017632241813602,0.0051569226276058,4
0.8550135501355014,0.0,0.0012426157831619,2
0.6070460704607046,0.0,0.0002654978039071,0
0.075880758807588,0.0075566750629722,0.0006617392913461,4
0.3739837398373983,0.0125944584382871,0.0010537637958381,3
0.6449864498644986,0.0,0.0003802341644157,0
0.0311653116531165,0.0,0.0003802169522404,4
0.6355013550135501,0.0100755667506297,0.0038087617855421,0
0.0311653116531165,0.0025188916876574,0.00097889083331,4
0.8130081300813008,0.0,0.0012598623828063,2
0.573170731707317,0.0050377833753148,0.0015889763865995,0
0.489159891598916,0.0075566750629722,0.0011809617712595,0
0.0420054200542005,0.0251889168765743,0.0054528687696077,4
0.032520325203252,0.0050377833753148,0.0011095140316148,4
0.1422764227642276,0.0277078085642317,0.0091957767724758,4
0.059620596205962,0.0075566750629722,0.0016371188408963,4
0.1151761517615176,0.0075566750629722,0.0017120606521256,4
0.7330623306233063,0.0,0.000213998975428,2
0.1002710027100271,0.0025188916876574,0.0015909729989335,4
0.3252032520325203,0.0100755667506297,0.0027192138772681,3
0.0121951219512195,0.0503778337531486,0.0051361819563768,4
0.1070460704607046,0.0125944584382871,0.0042057261843435,4
0.524390243902439,0.0,0.0002883899970479,0
0.6084010840108401,0.0,0.0009807841725924,0
0.0948509485094851,0.0,0.0003388216706588,4
0.0013550135501355,0.0680100755667506,0.0205055184901879,4
0.0948509485094851,0.0,0.0007575078346809,4
0.2953929539295393,0.0050377833753148,0.001611971852792,3
0.1205962059620596,0.0075566750629722,0.0024813588268828,4
0.002710027100271,0.0075566750629722,0.0006093970662776,4
0.0203252032520325,0.0075566750629722,0.0009172540335829,4
0.078590785907859,0.0428211586901763,0.0105501684219958,4
0.5934959349593496,0.0025188916876574,0.0025818779305987,0
0.3563685636856368,0.0075566750629722,0.0033312099820151,3
0.3604336043360434,0.0075566750629722,0.0019416882827204,3
0.1246612466124661,0.0025188916876574,0.0015051875172691,4
0.0067750677506775,0.1435768261964735,0.0366968224551553,4
0.0691056910569105,0.0201511335012594,0.0052233099877141,4
0.8726287262872628,0.0,0.0010173256207411,2
0.0067750677506775,0.0025188916876574,0.0011050216538631,4
0.0582655826558265,0.0125944584382871,0.0038668356649835,4
0.7452574525745257,0.0,0.000772155395856,2
0.032520325203252,0.0125944584382871,0.0027326910105231,4
0.1084010840108401,0.0,0.0013172305630606,4
0.6937669376693767,0.0050377833753148,0.0017214240754854,0
0.513550135501355,0.0,0.000351782438655,0
0.1775067750677506,0.0050377833753148,0.0027456345663441,3
0.9214092140921408,0.0,0.000722481057958,2
0.005420054200542,0.0377833753148614,0.0062195506937203,4
0.0121951219512195,0.0251889168765743,0.0077990775960835,4
0.2967479674796748,0.0277078085642317,0.0067055880996672,3
0.3373983739837398,0.0,0.0005598260014314,3
0.537940379403794,0.0,0.0003037088330594,0
0.8184281842818428,0.0050377833753148,0.0017273967003123,2
0.2235772357723577,0.0025188916876574,0.0007414832994824,3
0.991869918699187,0.0,0.0002422613672605,2
0.2411924119241192,0.0125944584382871,0.0025892447416245,3
0.0338753387533875,0.0,0.0011667961509927,4
0.0311653116531165,0.0478589420654911,0.0099492225337874,4
0.0094850948509485,0.0277078085642317,0.0114249772313042,4
0.516260162601626,0.0025188916876574,0.0010967253853715,0
0.516260162601626,0.0050377833753148,0.0022143291393745,0
0.483739837398374,0.0,0.0002840869532244,0
0.5528455284552846,0.0,0.0004239186653114,0
0.0013550135501355,0.0201511335012594,0.0051595560904258,4
0.4417344173441734,0.0,0.0002789233006363,0
0.067750677506775,0.0125944584382871,0.0016362410199563,4
0.078590785907859,0.0151133501259445,0.0097682709349235,4
0.7330623306233063,0.0050377833753148,0.0006749238176212,2
0.0392953929539295,0.0100755667506297,0.0021947416838901,4
0.0948509485094851,0.0125944584382871,0.0050202235314223,4
0.1463414634146341,0.0100755667506297,0.0049680017915809,4
0.1991869918699187,0.0050377833753148,0.0050553707933723,3
0.0338753387533875,0.0377833753148614,0.0104751921864159,4
0.0392953929539295,0.0226700251889168,0.0046110557003376,4
0.005420054200542,0.0,0.0001499008346338,4
0.032520325203252,0.052896725440806,0.0139126529265198,4
0.029810298102981,0.0025188916876574,0.0014616579259511,4
0.029810298102981,0.0327455919395466,0.0078170815314409,4
0.0013550135501355,0.0251889168765743,0.0029690830260085,4
0.2601626016260162,0.0680100755667506,0.0117924399616519,3
0.0094850948509485,0.0856423173803526,0.0223250691770234,4
0.7831978319783198,0.0,0.0005216149722791,2
0.7140921409214093,0.0050377833753148,0.001577702411782,2
0.018970189701897,0.0302267002518891,0.0032648742584327,4
0.6612466124661247,0.0,0.0007182124384851,0
0.8387533875338753,0.0,4.673105592271898e-05,2
0.032520325203252,0.0100755667506297,0.002040314047154,4
0.1612466124661246,0.0151133501259445,0.0112177770651172,4
0.5907859078590786,0.0,0.0002737596480481,0
0.0040650406504065,0.0428211586901763,0.008752976350867,4
0.2398373983739837,0.0,0.0011708065878361,3
0.981029810298103,0.0050377833753148,0.0007772846240935,2
0.2506775067750677,0.0050377833753148,0.0019000003941588,3
0.8387533875338753,0.0,0.0001123955046686,2
0.0392953929539295,0.0050377833753148,0.0018400503876104,4
0.010840108401084,0.2040302267002519,0.156960477179332,4
0.2940379403794038,0.0,9.802333829830002e-05,3
0.535230352303523,0.0050377833753148,0.0007485919278787,0
0.6070460704607046,0.0,0.0016821458914649,0
0.010840108401084,0.070528967254408,0.0209254611430065,4
0.1815718157181571,0.0125944584382871,0.0025599324070991,3
0.1869918699186991,0.0025188916876574,0.0005105475435652,3
0.010840108401084,0.0151133501259445,0.0032543937648963,4
0.6178861788617886,0.0,0.0005571581142609,0
0.0663956639566395,0.0,0.0002615045792389,4
0.5040650406504065,0.0025188916876574,0.0011620972271374,0
0.073170731707317,0.0125944584382871,0.0035804594924449,4
0.6897018970189702,0.0025188916876574,0.0010974310845586,0
0.1205962059620596,0.0,0.000520960909618,4
0.2466124661246612,0.0,0.0002529157037673,3
0.1476964769647696,0.0025188916876574,0.0010427824280007,4
0.2953929539295393,0.0075566750629722,0.0025721530515577,3
0.1151761517615176,0.0025188916876574,0.0011192905471817,4
0.513550135501355,0.0025188916876574,0.0004967605911549,0
0.502710027100271,0.0100755667506297,0.0020080756428287,0
0.7886178861788617,0.0025188916876574,0.0014260287230929,2
0.5176151761517616,0.0075566750629722,0.002192331979349,0
0.070460704607046,0.0125944584382871,0.0048015084199637,4
0.010840108401084,0.0680100755667506,0.0303822261294625,4
0.2520325203252032,0.0125944584382871,0.0036927517240618,3
0.518970189701897,0.0025188916876574,0.0004060524273564,0
0.540650406504065,0.0025188916876574,0.0010627141269909,0
0.1707317073170731,0.0327455919395466,0.0102960822903084,3
0.0948509485094851,0.0075566750629722,0.0007757355283171,4
0.3902439024390244,0.0050377833753148,0.0049608243144833,3
0.934959349593496,0.0,0.0003432107753587,2
0.521680216802168,0.0050377833753148,0.0014046167770274,0
0.0203252032520325,0.0125944584382871,0.0056415314230033,4
0.0040650406504065,0.0075566750629722,0.0061124221146916,4
0.8102981029810298,0.0,0.0005756612027017,2
0.0447154471544715,0.017632241813602,0.0060868276100297,4
0.5528455284552846,0.0025188916876574,0.0020353569406694,0
0.0284552845528455,0.0100755667506297,0.0031080541293308,4
0.2560975609756097,0.0125944584382871,0.001167519062355,3
0.9796747967479674,0.0,0.0001641180914265,2
0.924119241192412,0.0,0.0007752880117594,2
0.5094850948509485,0.0075566750629722,0.0021170975611397,0
0.7439024390243902,0.0025188916876574,0.0019691933388399,2
0.4241192411924119,0.0,0.000689089437888,0
0.0094850948509485,0.0125944584382871,0.0029319563638997,4
0.048780487804878,0.0100755667506297,0.0036153485717655,4
0.513550135501355,0.0125944584382871,0.0021119339085516,0
0.1436314363143631,0.0,0.0005724253137465,4
0.2953929539295393,0.0050377833753148,0.0012464368860772,3
0.043360433604336,0.0680100755667506,0.0229285968915258,4
0.048780487804878,0.0428211586901763,0.0180908912669192,4
0.8929539295392954,0.0,0.0005238525550673,2
0.540650406504065,0.0050377833753148,0.0058884056532425,0
0.2344173441734417,0.0100755667506297,0.0018733559468039,3
0.032520325203252,0.0,0.0003309901309001,4
0.8211382113821138,0.0025188916876574,0.0018522882442443,2
0.0203252032520325,0.0125944584382871,0.0030984497355168,4
0.4864498644986449,0.0,0.000494660705769,0
0.089430894308943,0.0100755667506297,0.0029612686984251,4
0.3360433604336043,0.0050377833753148,0.0025126849859176,3
0.3915989159891599,0.0025188916876574,0.0023037463900259,3
0.8956639566395664,0.0025188916876574,0.0004832834578998,2
0.0420054200542005,0.0277078085642317,0.0050853716149094,4
0.0284552845528455,0.0125944584382871,0.0046849647810493,4
0.037940379403794,0.0503778337531486,0.0085449327880906,4
0.6463414634146342,0.0,0.0003282361828531,0
0.2669376693766938,0.0201511335012594,0.0043093951161382,3
0.1422764227642276,0.0050377833753148,0.0026681969896972,4
0.5948509485094851,0.0,0.0005988115784719,0
0.7493224932249323,0.0025188916876574,0.0016425578882891,2
0.2113821138211382,0.0050377833753148,0.001504240847628,3
0.2411924119241192,0.0050377833753148,0.0017612014125894,3
0.5420054200542005,0.0025188916876574,0.0010378081093408,0
0.3753387533875338,0.0,0.00036877085567,3
0.005420054200542,0.0075566750629722,0.0012914811488211,4
0.0284552845528455,0.0100755667506297,0.0036875192227725,4
0.002710027100271,0.0100755667506297,0.0008584916671298,4
0.016260162601626,0.0201511335012594,0.0042976392004125,4
0.0691056910569105,0.0125944584382871,0.0030568995443575,4
0.7425474254742548,0.0075566750629722,0.0004469829802051,2
0.2113821138211382,0.0100755667506297,0.0011794643120089,3
0.4959349593495935,0.0075566750629722,0.0019949771774301,0
0.3414634146341463,0.0025188916876574,0.0012118920502625,3
0.0230352303523035,0.035264483627204,0.0054466035378008,4
0.5,0.0100755667506297,0.0051690399990127,0
0.2981029810298103,0.0,0.000226942531249,3
0.483739837398374,0.0,0.00053982545374,0
0.0975609756097561,0.0125944584382871,0.0018018393584581,4
0.2384823848238482,0.0050377833753148,0.0045206745678698,3
0.1476964769647696,0.0377833753148614,0.0189053025531215,4
0.0772357723577235,0.0125944584382871,0.0059874617220585,4
0.5230352303523035,0.0025188916876574,0.0014520191077865,0
0.067750677506775,0.0075566750629722,0.0018383119579057,4
0.5650406504065041,0.0050377833753148,0.0013722062509491,0
0.1246612466124661,0.0125944584382871,0.0034222623893194,4
0.7357723577235772,0.0,0.0001923288467331,2
0.0094850948509485,0.0151133501259445,0.0029505799375676,4
0.989159891598916,0.0,0.0005250574073379,2
0.0474254742547425,0.0025188916876574,0.0041428845323458,4
0.2967479674796748,0.0,0.0003458270260034,3
0.5284552845528455,0.0050377833753148,0.0016211631543989,0
0.3075880758807588,0.0025188916876574,0.0010828523720847,3
0.0392953929539295,0.0,0.0017385329777274,4
0.059620596205962,0.0251889168765743,0.004515648612684,4
0.5338753387533876,0.0,0.0006508611965604,0
0.056910569105691,0.0503778337531486,0.059000290352185,4
0.5880758807588076,0.0,0.0014311751635057,0
0.5826558265582655,0.0050377833753148,0.0023483775605628,0
0.4498644986449864,0.0050377833753148,0.0010209746019034,0
0.1815718157181571,0.0025188916876574,0.0009067029701278,3
0.021680216802168,0.0478589420654911,0.0138165573518545,4
0.2506775067750677,0.0251889168765743,0.0014416057417338,3
0.5555555555555556,0.0,0.0003846404812909,0
0.5826558265582655,0.0,0.0005365379282589,0
0.6842818428184282,0.0,0.0003060324767241,0
0.032520325203252,0.017632241813602,0.0062701544890842,4
0.032520325203252,0.0050377833753148,0.0009059456344148,4
0.0230352303523035,0.0075566750629722,0.0022416792859164,4
0.6747967479674797,0.0,0.0001580938300737,0
0.1056910569105691,0.0100755667506297,0.0052788536773872,4
0.4850948509485094,0.0,0.0001266816101625,0
0.7791327913279132,0.0025188916876574,0.0024690521215477,2
0.5365853658536586,0.0,0.0001240137229919,0
0.032520325203252,0.0251889168765743,0.0059612992156119,4
0.1138211382113821,0.0327455919395466,0.0155822855665462,4
0.9159891598915988,0.0,0.0004816138768963,2
0.3441734417344173,0.0050377833753148,0.0014559090594029,3
0.0392953929539295,0.0503778337531486,0.0116198362678055,4
0.0853658536585365,0.0050377833753148,0.0012259543974775,4
0.0853658536585365,0.0226700251889168,0.0115312624137435,4
0.035230352303523,0.0151133501259445,0.0036125601993679,4
0.2059620596205962,0.0075566750629722,0.0031233041166411,3
0.0691056910569105,0.0251889168765743,0.043571089872702,4
0.0311653116531165,0.0075566750629722,0.002518743671621,4
0.005420054200542,0.0680100755667506,0.0134340339681246,4
0.4552845528455284,0.0201511335012594,0.0029364315294761,0
0.0474254742547425,0.017632241813602,0.0036830096328455,4
0.3563685636856368,0.0025188916876574,0.0010272398337104,3
0.9444444444444444,0.0,1.1618218323327923e-05,2
0.021680216802168,0.0025188916876574,0.0016802009156567,4
0.4308943089430894,0.0025188916876574,0.0021843971665385,0
0.0311653116531165,0.035264483627204,0.0091847265559371,4
0.0149051490514905,0.0428211586901763,0.0105395312976642,4
0.013550135501355,0.0226700251889168,0.0097706290029387,4
0.0257452574525745,0.0302267002518891,0.0071957392155093,4
0.0013550135501355,0.035264483627204,0.0082871632508903,4
0.9905149051490516,0.0,0.0001718979946593,2
0.0853658536585365,0.0025188916876574,0.0014179217885295,4
0.013550135501355,0.0025188916876574,0.001839912690208,4
0.1111111111111111,0.0100755667506297,0.010669569282009,4
0.0094850948509485,0.0151133501259445,0.0048363114384078,4
0.035230352303523,0.0050377833753148,0.0007693498112831,4
0.0338753387533875,0.0377833753148614,0.0058256844864719,4
0.7032520325203252,0.0050377833753148,0.0006428919593994,2
0.0609756097560975,0.0025188916876574,0.0003036055600076,4
0.3739837398373983,0.0151133501259445,0.006445770313607,3
0.8509485094850948,0.0,0.0006507062869828,2
0.1287262872628726,0.0050377833753148,0.0019417915557722,4
0.3726287262872628,0.0025188916876574,0.0010597192084898,3
0.0582655826558265,0.0503778337531486,0.0073327653430234,4
0.4010840108401084,0.0025188916876574,0.0006603795294979,3
0.5230352303523035,0.0025188916876574,0.0015367202224074,0
0.016260162601626,0.0302267002518891,0.0030691546131667,4
0.0948509485094851,0.0,0.0005295669972649,4
0.005420054200542,0.0050377833753148,0.001348591146446,4
0.7804878048780488,0.0025188916876574,0.0017478447645614,2
0.9051490514905148,0.0025188916876574,0.0006372119415524,2
0.0447154471544715,0.0050377833753148,0.0024571929327703,4
0.0013550135501355,0.0201511335012594,0.0029779300841095,4
0.005420054200542,0.0251889168765743,0.0057660615112541,4
0.024390243902439,0.0,0.000162741117403,4
0.8455284552845529,0.0025188916876574,0.0019922404415583,2
0.2574525745257452,0.0050377833753148,0.0009981856818144,3
0.0338753387533875,0.0151133501259445,0.0018801203316944,4
0.037940379403794,0.035264483627204,0.0074139551738843,4
0.040650406504065,0.0025188916876574,0.001274079639599,4
0.3143631436314363,0.0,0.00030491368533,3
0.0663956639566395,0.0251889168765743,0.008830775383195,4
0.0257452574525745,0.0554156171284634,0.0074862635222937,4
0.4227642276422764,0.0,0.0003638998100619,0
0.078590785907859,0.0025188916876574,0.0006069185130353,4
0.1084010840108401,0.0100755667506297,0.0018002902626817,4
0.08130081300813,0.0,0.0027136027081223,4
0.0880758807588075,0.0050377833753148,0.0004654172199448,4
0.2628726287262872,0.0,0.0003514726194997,3
0.3807588075880759,0.0403022670025188,0.0140280777740402,3
0.1856368563685637,0.017632241813602,0.010351591555631,3
0.2533875338753387,0.0453400503778337,0.0038608802523318,3
0.3902439024390244,0.0025188916876574,0.0015442075186602,3
0.086720867208672,0.0075566750629722,0.0007805033008735,4
0.0392953929539295,0.0151133501259445,0.0025007913727895,4
0.532520325203252,0.0100755667506297,0.0006698634380848,0
0.0203252032520325,0.0050377833753148,0.0011252287476581,4
0.0948509485094851,0.017632241813602,0.005232501289321,4
0.2655826558265582,0.0050377833753148,0.003697450647917,3
0.0799457994579945,0.0050377833753148,0.0019468347231332,4
0.0284552845528455,0.0075566750629722,0.0011993960109991,4
0.0799457994579945,0.0226700251889168,0.0053692520220304,4
0.5853658536585366,0.0075566750629722,0.0010581529005381,0
0.2628726287262872,0.0025188916876574,0.0023103214409881,3
0.5040650406504065,0.0,8.192995439857914e-05,0
0.0284552845528455,0.0075566750629722,0.0028956214618544,4
0.089430894308943,0.0,0.0007679556250843,4
0.5840108401084011,0.0,0.0008730875917789,0
0.3523035230352303,0.0100755667506297,0.004230477292416,3
0.075880758807588,0.0025188916876574,0.0008934495951515,4
0.0121951219512195,0.0277078085642317,0.0043905677348238,4
0.4756097560975609,0.0050377833753148,0.0014841198147095,0
0.021680216802168,0.0302267002518891,0.0224110267804407,4
0.1734417344173441,0.0025188916876574,0.0002446194352757,3
0.5650406504065041,0.0,0.0015420732089238,0
0.1151761517615176,0.0025188916876574,0.0004542293060038,4
0.032520325203252,0.0025188916876574,0.0012101364083825,4
0.1856368563685637,0.0277078085642317,0.0029470514416324,3
0.2046070460704607,0.0,0.0003952776056225,3
0.021680216802168,0.0302267002518891,0.0054085646304014,4
0.0121951219512195,0.0025188916876574,0.00077532243611,4
0.032520325203252,0.017632241813602,0.0028119186534006,4
0.5704607046070461,0.0,0.0002666338074765,0
0.3577235772357723,0.0151133501259445,0.0020007604683288,3
