Recency,Frequency,Monetary
0.012195121951219513,0.005037783375314861,0.0008983550651103027
0.07317073170731707,0.010075566750629723,0.0023420434800546772
0.0975609756097561,0.007556675062972292,0.000762895245547946
0.01084010840108401,0.007556675062972292,0.0031326503278256723
0.012195121951219513,0.04030226700251889,0.019145377974119738
0.8360433604336044,0.0,0.0006476080954299453
0.02032520325203252,0.015113350125944586,0.0018582264447207148
0.08536585365853659,0.0025188916876574307,0.0012282436167916403
0.025745257452574527,0.005037783375314861,0.0007088834394759415
0.12466124661246612,0.0025188916876574307,0.0015051875172691904
0.08672086720867209,0.0,0.0004896003262326856
0.43224932249322495,0.0,0.0002617111253425201
0.17344173441734417,0.012594458438287152,0.0074980538623699656
0.051490514905149054,0.0025188916876574307,0.001853252126060801
0.5623306233062331,0.0,0.0005648863809678505
0.5420054200542005,0.017632241813602016,0.0030311845544686083
0.025745257452574527,0.015113350125944586,0.0033850324541589423
0.005420054200542005,0.0,0.00014990083463387095
0.056910569105691054,0.020151133501259445,0.0031308086250692335
0.14363143631436315,0.005037783375314861,0.0024081726575335303
0.6382113821138211,0.007556675062972292,0.0011019406744855955
0.03929539295392954,0.005037783375314861,0.0017880007695219328
0.006775067750677507,0.07052896725440806,0.010092668802686144
0.8672086720867209,0.0,0.0004971048346607907
0.5813008130081301,0.005037783375314861,0.002051639658497361
0.508130081300813,0.0,0.0016297692420458535
0.34688346883468835,0.007556675062972292,0.003290537611795875
0.02168021680216802,0.010075566750629723,0.0015291124409275991
0.13550135501355012,0.005037783375314861,0.002170868396757646
0.0013550135501355014,0.17380352644836272,0.06478581883369647
0.07723577235772358,0.012594458438287152,0.0013961139624322587
0.5365853658536586,0.0,0.0009036219907502114
0.023035230352303523,0.07556675062972293,0.02129111659494841
0.33604336043360433,0.0,0.0010173256207411806
0.016260162601626015,0.08816120906801007,0.019348137399080926
0.983739837398374,0.0,0.000534765074203667
0.0027100271002710027,0.5088161209068011,0.1952100960286193
0.025745257452574527,0.020151133501259445,0.0030512539508612013
0.13008130081300812,0.0025188916876574307,0.001020922965377589
0.45121951219512196,0.0,0.0005670723272301656
0.5799457994579946,0.0025188916876574307,0.0007450806441188432
0.3170731707317073,0.0,0.0006995888648172792
0.2682926829268293,0.017632241813602016,0.0019307069148829874
0.04878048780487805,0.010075566750629723,0.003163219151147495
0.518970189701897,0.0,0.00024840611384039794
0.14634146341463414,0.0327455919395466,0.0094500694502667
0.3617886178861789,0.0,0.0015697159624457186
0.16124661246612465,0.017632241813602016,0.005907184136488144
0.014905149051490514,0.010075566750629723,0.005020550562752931
0.3794037940379404,0.02518891687657431,0.009007664908689665
0.12466124661246612,0.007556675062972292,0.0011623381975916069
0.48509485094850946,0.005037783375314861,0.005052754542727667
0.018970189701897018,0.0025188916876574307,0.00033364080589539036
0.8211382113821138,0.0,0.0045087826759593365
0.6327913279132791,0.0,0.0002826411304998042
0.44850948509485095,0.0025188916876574307,0.001745452272195612
0.6869918699186992,0.005037783375314861,0.0015740190062691734
0.24661246612466126,0.0,0.0001770960715981052
0.24661246612466126,0.005037783375314861,0.0006989692265067017
0.03252032520325203,0.0025188916876574307,0.0008805921002070812
0.04065040650406504,0.020151133501259445,0.0054358975647680816
0.012195121951219513,0.012594458438287152,0.0033228620769976676
0.05013550135501355,0.010075566750629723,0.0018887436315166563
0.004065040650406504,0.0579345088161209,0.008145025107314038
0.8373983739837398,0.0,0.0006275386990373523
0.0027100271002710027,0.07304785894206549,0.009790182034072567
0.06910569105691057,0.0,0.000524678739481489
0.0013550135501355014,0.0579345088161209,0.015209917366239752
0.006775067750677507,0.010075566750629723,0.0017493077994614273
0.009485094850948509,0.017632241813602016,0.004024017249766685
0.3428184281842818,0.0025188916876574307,0.0004453478235522766
0.04200542005420054,0.030226700251889168,0.005003424448335582
0.03929539295392954,0.010075566750629723,0.0067559509245769525
0.051490514905149054,0.007556675062972292,0.002073292575016985
0.7235772357723578,0.0,5.766078723429415e-06
0.22357723577235772,0.005037783375314861,0.001340380938830872
0.5338753387533876,0.0,0.0002920045538596418
0.005420054200542005,0.0579345088161209,0.047065127032996715
0.024390243902439025,0.02518891687657431,0.005764013262394156
0.009485094850948509,0.012594458438287152,0.0035235560409235984
0.012195121951219513,0.005037783375314861,0.003029687095218046
0.03929539295392954,0.007556675062972292,0.0016215418222554079
0.07317073170731707,0.0025188916876574307,0.000518585629427477
0.16124661246612465,0.010075566750629723,0.003768709053633465
0.532520325203252,0.0,0.000859868641153323
0.505420054200542,0.010075566750629723,0.0018108929626627123
0.2046070460704607,0.007556675062972292,0.003404757607045659
0.8279132791327913,0.0,5.172258675792653e-05
0.21138211382113822,0.007556675062972292,0.0008794216722871016
0.9214092140921409,0.005037783375314861,0.0028806640815241596
0.535230352303523,0.0,0.00018623573667912315
0.535230352303523,0.005037783375314861,0.0015792342953832004
0.02168021680216802,0.035264483627204024,0.007792037816388397
0.037940379403794036,0.0,0.0003237438051014443
0.24932249322493225,0.022670025188916875,0.013409248435701569
0.012195121951219513,0.005037783375314861,0.0022301987649954408
0.06368563685636856,0.007556675062972292,0.0011537493221199912
0.3238482384823848,0.0025188916876574307,0.0007120504797300042
0.03387533875338753,0.0025188916876574307,0.0010197697496329029
0.03387533875338753,0.007556675062972292,0.005140020271467331
0.5176151761517616,0.0,0.0007511049054716799
0.058265582655826556,0.005037783375314861,0.0009300254676509298
0.037940379403794036,0.09571788413098237,0.025103819968632875
0.13414634146341464,0.0,0.00035183407518095714
0.8292682926829268,0.0,0.0005482077831081397
0.5501355013550135,0.0,0.00018038359707922463
0.07994579945799458,0.022670025188916875,0.004621090398533977
0.06775067750677506,0.010075566750629723,0.002600105624234908
0.5433604336043361,0.0,0.0004088752241046738
0.5650406504065041,0.0025188916876574307,0.002420049058486266
0.5447154471544715,0.0,0.00013537375868588757
0.07588075880758807,0.007556675062972292,0.0033381464886585786
0.18699186991869918,0.0025188916876574307,0.0008453415652053397
0.4905149051490515,0.005037783375314861,0.0013701407899138855
0.028455284552845527,0.005037783375314861,0.00111426459199597
0.7872628726287263,0.0025188916876574307,0.0006579354006062368
0.05013550135501355,0.005037783375314861,0.00090451702386549
0.005420054200542005,0.12846347607052896,0.055548853325742525
0.8631436314363143,0.0025188916876574307,0.0003300434612589821
0.0013550135501355014,0.047858942065491177,0.010371454405920133
0.0013550135501355014,0.0025188916876574307,0.0005934758041308842
0.08130081300813008,0.0,0.000733204243166108
0.7330623306233063,0.0,0.00019260424153783623
0.005420054200542005,0.04282115869017632,0.006692851089949812
0.1016260162601626,0.012594458438287152,0.002099110837957714
0.024390243902439025,0.0025188916876574307,0.00044360939384760083
0.3048780487804878,0.0,0.0001794541396133584
0.7981029810298103,0.0,0.00010249850387469301
0.012195121951219513,0.005037783375314861,0.001328693871806369
0.17615176151761516,0.0,0.0008529149223346201
0.09620596205962059,0.0,0.001643797164910316
0.38482384823848237,0.012594458438287152,0.0030833374456088803
0.2804878048780488,0.0,0.0006303959201361262
0.025745257452574527,0.007556675062972292,0.001878949903774473
0.8726287262872628,0.0,0.00011540763534505737
0.04878048780487805,0.012594458438287152,0.00016034862503721916
0.0989159891598916,0.0327455919395466,0.0030207367640652603
0.9878048780487805,0.0,0.0008859967232493406
0.31978319783197834,0.0,0.0005783290898723233
0.07046070460704607,0.017632241813602016,0.008636708106757277
0.8780487804878049,0.0,0.0002880457535420634
0.03387533875338753,0.0,0.00019138217709197507
0.009485094850948509,0.0025188916876574307,0.0002746202568128845
0.17344173441734417,0.0025188916876574307,0.0008933979586256827
0.023035230352303523,0.015113350125944586,0.001071337426813185
0.5609756097560976,0.0,0.0002302644810807125
0.10975609756097561,0.007556675062972292,0.0009278911579144963
0.04878048780487805,0.03778337531486146,0.004909291061653685
0.012195121951219513,0.020151133501259445,0.007380770099917883
0.016260162601626015,0.012594458438287152,0.0014629144147475705
0.8861788617886179,0.005037783375314861,0.0011231804987981682
0.38346883468834686,0.0025188916876574307,0.0006197071592786645
0.08943089430894309,0.007556675062972292,0.001715193268029078
0.8062330623306233,0.0,0.0002670296875083102
0.2981029810298103,0.0,0.000763652581260874
0.0013550135501355014,0.012594458438287152,0.003159983262192257
0.24796747967479674,0.005037783375314861,0.0008129826756529598
0.04065040650406504,0.017632241813602016,0.0031158512447389047
0.03116531165311653,0.0327455919395466,0.005788454551311379
0.03523035230352303,0.0,0.00018220808766036947
0.15718157181571815,0.0,0.00036300477694664574
0.0013550135501355014,0.07052896725440806,0.019096013455377064
0.06233062330623306,0.027707808564231738,0.006187002470239762
0.9105691056910569,0.0025188916876574307,0.0005913242822191567
0.9742547425474255,0.0,0.0005297391190178718
0.06368563685636856,0.0025188916876574307,0.0007859595604416636
0.17750677506775067,0.022670025188916875,0.009694688885542457
0.5609756097560976,0.010075566750629723,0.002380736450115183
0.0013550135501355014,0.060453400503778336,0.00859489973296859
0.0027100271002710027,0.030226700251889168,0.00837406752394889
0.07723577235772358,0.012594458438287152,0.004245245338818142
0.0975609756097561,0.0,0.0002431219760251954
0.09620596205962059,0.04282115869017632,0.003961605902151296
0.14363143631436315,0.0,0.0004846948562739472
0.502710027100271,0.010075566750629723,0.0020080756428287046
0.17344173441734417,0.027707808564231738,0.014289324170649834
0.07181571815718157,0.0025188916876574307,0.0004788427166740486
0.5691056910569106,0.007556675062972292,0.0060496320992197905
0.025745257452574527,0.08060453400503778,0.03829974070374285
0.6842818428184282,0.0,0.0003060324767241044
0.09620596205962059,0.005037783375314861,0.003087055275472345
0.028455284552845527,0.14105793450881612,0.15894478280807997
0.36449864498644985,0.0,0.00048328345789985403
0.16666666666666666,0.010075566750629723,0.00331503053723898
0.03116531165311653,0.005037783375314861,0.0021040335200917465
0.7831978319783198,0.0,0.00030835612038877
0.6937669376693767,0.0,0.0002834328905633199
0.08943089430894309,0.012594458438287152,0.009599780950972338
0.16124661246612465,0.015113350125944586,0.01121777706511722
0.5501355013550135,0.0,0.0008090582996859689
0.04878048780487805,0.015113350125944586,0.002188510876433811
0.44579945799457993,0.012594458438287152,0.002475300141179425
0.014905149051490514,0.010075566750629723,0.0013442881026225692
0.2588075880758808,0.007556675062972292,0.0015824873965137323
0.06775067750677506,0.047858942065491177,0.011817965617612693
0.006775067750677507,0.0025188916876574307,0.0011050216538631892
0.02981029810298103,0.015113350125944586,0.004422324198240953
0.9525745257452575,0.0,0.0015547413699400958
0.09620596205962059,0.005037783375314861,0.0022291316101272236
0.2967479674796748,0.0,0.000125149726561359
0.5420054200542005,0.007556675062972292,0.0018060907657557368
0.03523035230352303,0.007556675062972292,0.005715337230663235
0.07181571815718157,0.0327455919395466,0.00828150044521873
0.15718157181571815,0.005037783375314861,0.0013625330084340173
0.4186991869918699,0.0025188916876574307,0.0004777755618058319
0.09620596205962059,0.0,0.00041414214974458245
0.08943089430894309,0.04030226700251889,0.013786315559863264
0.7520325203252033,0.007556675062972292,0.001020922965377589
0.8292682926829268,0.0025188916876574307,0.0005184651442004203
0.03252032520325203,0.012594458438287152,0.002988274601461117
0.5785907859078591,0.007556675062972292,0.0028606118973068606
0.14498644986449866,0.02518891687657431,0.002979324270308331
0.4932249322493225,0.005037783375314861,0.0018889501776201824
0.07859078590785908,0.005037783375314861,0.0007658901640490705
0.0013550135501355014,0.007556675062972292,0.0024356605014777596
0.04065040650406504,0.015113350125944586,0.008275562244742364
0.08130081300813008,0.005037783375314861,0.000990836082963993
0.516260162601626,0.0,0.00040090598694363555
0.17479674796747968,0.007556675062972292,0.006462569396693806
0.513550135501355,0.0,0.0033313304672422266
0.521680216802168,0.005037783375314861,0.002725702867353906
0.005420054200542005,0.02518891687657431,0.0018576068064101376
0.013550135501355014,0.007556675062972292,0.0007945484359132794
0.028455284552845527,0.24937027707808565,0.004929205548468633
0.2222222222222222,0.0025188916876574307,0.002279253464582825
0.03387533875338753,0.03778337531486146,0.010475192186415981
0.5338753387533876,0.0,0.00025491231610146156
0.5040650406504065,0.0,0.000354605235403262
0.006775067750677507,0.007556675062972292,0.0010182206538564592
0.2804878048780488,0.0025188916876574307,0.0022392351570246953
0.014905149051490514,0.07304785894206549,0.024421994068718818
0.3794037940379404,0.005037783375314861,0.0010441249776736569
0.023035230352303523,0.017632241813602016,0.011024191729587636
0.0027100271002710027,0.007556675062972292,0.0015271846772946913
0.7493224932249323,0.0025188916876574307,0.001642557888289161
0.04742547425474255,0.005037783375314861,0.001884784831199078
0.8577235772357723,0.0,0.0008559442651863323
0.08130081300813008,0.010075566750629723,0.002317998071169212
0.025745257452574527,0.007556675062972292,0.0012968341353375096
0.04878048780487805,0.027707808564231738,0.006890223104044036
0.22899728997289973,0.017632241813602016,0.0029866738691587923
0.08130081300813008,0.007556675062972292,0.0018071407084486598
0.18699186991869918,0.0025188916876574307,0.0009416092616236701
0.573170731707317,0.005037783375314861,0.006360070892819113
0.0013550135501355014,0.06801007556675064,0.020505518490187915
0.004065040650406504,0.0,0.0005361420482271726
0.513550135501355,0.0,0.00035178243865507567
0.5853658536585366,0.0,0.0008419335544971636
0.04878048780487805,0.010075566750629723,0.0013317920633592565
0.3062330623306233,0.0025188916876574307,0.0007999530589555385
0.6287262872628726,0.007556675062972292,0.0006525307775639776
0.7046070460704607,0.0,0.00027417274025524517
0.08672086720867209,0.030226700251889168,0.009883162205009777
0.14498644986449866,0.005037783375314861,0.004921735464391116
0.05013550135501355,0.0025188916876574307,0.0005674682072619233
0.17208672086720866,0.047858942065491177,0.005146612534604863
0.1897018970189702,0.005037783375314861,0.0009889943802075542
0.07588075880758807,0.02518891687657431,0.0038448901414839085
0.014905149051490514,0.010075566750629723,0.0011271565112910406
0.03387533875338753,0.0,0.00017833534821926015
0.2018970189701897,0.0025188916876574307,0.0002700590303600224
0.4268292682926829,0.0025188916876574307,0.0013367319576685823
0.9051490514905149,0.0,7.81432758339389e-05
0.004065040650406504,0.02518891687657431,0.009214159375689614
0.3902439024390244,0.0,0.0001949278852025018
0.05962059620596206,0.005037783375314861,0.001194197934060466
0.02981029810298103,0.007556675062972292,0.0016681351807757764
0.05420054200542006,0.08564231738035265,0.021551123714936837
0.06639566395663957,0.012594458438287152,0.0034074254942162013
0.018970189701897018,0.010075566750629723,0.0023604605076190635
0.013550135501355014,0.0025188916876574307,0.0006577632788532986
0.08672086720867209,0.007556675062972292,0.0017594629828847808
0.532520325203252,0.0,0.0018758861365721733
0.3712737127371274,0.005037783375314861,0.0007931026131885985
0.04200542005420054,0.0025188916876574307,0.0012055579697543867
0.7967479674796748,0.0,0.0005809969770428652
0.4905149051490515,0.0,0.00022797526176663454
0.025745257452574527,0.0,0.0006338383551948901
0.10975609756097561,0.005037783375314861,0.010749950140631216
0.044715447154471545,0.0025188916876574307,0.0015810071494384637
0.2872628726287263,0.02518891687657431,0.006235024439309517
0.5176151761517616,0.0025188916876574307,0.0012841143377953774
0.02032520325203252,0.05037783375314861,0.014668060875815032
0.08672086720867209,0.0025188916876574307,0.0008765300268377401
0.04878048780487805,0.007556675062972292,0.002073395848068748
0.16531165311653118,0.0025188916876574307,0.0013788157262619703
0.10975609756097561,0.007556675062972292,0.00103205924279269
0.023035230352303523,0.04030226700251889,0.020459045616894603
0.058265582655826556,0.012594458438287152,0.0038668356649835278
0.04065040650406504,0.035264483627204024,0.0027179746006469815
0.04200542005420054,0.022670025188916875,0.012251557525439292
0.3888888888888889,0.007556675062972292,0.0008748948701848272
0.8265582655826558,0.0,0.0007414488751318473
0.5067750677506775,0.007556675062972292,0.0009385282822460766
0.502710027100271,0.0,0.00014835173885742722
0.05962059620596206,0.0,0.0008949642665774202
0.7357723577235772,0.0,0.0003227799232849905
0.01084010840108401,0.0025188916876574307,0.0017512871996202164
0.32926829268292684,0.0025188916876574307,0.0004889979000974019
0.04200542005420054,0.027707808564231738,0.014378775845651814
0.024390243902439025,0.005037783375314861,0.0009043449021125517
0.3617886178861789,0.010075566750629723,0.005788299641733735
0.6802168021680217,0.005037783375314861,0.0022444848704893106
0.006775067750677507,0.0025188916876574307,0.0011380001817261466
0.0948509485094851,0.0,0.0003388216706588299
0.6897018970189702,0.0,0.0002938290444407866
0.5555555555555556,0.0,0.0003965685187695931
0.6639566395663956,0.0025188916876574307,0.0013006724504280314
0.7872628726287263,0.0,0.00022066008726676146
0.018970189701897018,0.027707808564231738,0.023633349408931317
0.6138211382113821,0.0025188916876574307,0.0015284239539158464
0.05420054200542006,0.03778337531486146,0.012212537524048203
0.8794037940379403,0.0025188916876574307,0.0004618715118343429
0.44037940379403795,0.0,0.00017986723182041007
0.1842818428184282,0.005037783375314861,0.0021805932757986536
0.11517615176151762,0.012594458438287152,0.00425533167354032
0.013550135501355014,0.0,0.0005135080377158004
0.02981029810298103,0.007556675062972292,0.0028699925328419923
0.0975609756097561,0.022670025188916875,0.005488825003796575
0.2181571815718157,0.005037783375314861,0.0015923843973076784
0.08536585365853659,0.0025188916876574307,0.002185137290076222
0.018970189701897018,0.015113350125944586,0.0019267825389159968
0.012195121951219513,0.02518891687657431,0.0026510708752799064
0.052845528455284556,0.007556675062972292,0.0016451913511091154
0.2588075880758808,0.0,0.0005921504666332601
0.07723577235772358,0.0025188916876574307,0.0008080083569930459
0.6178861788617886,0.010075566750629723,0.003040324219549626
0.03387533875338753,0.005037783375314861,0.0006859223976339868
0.04336043360433604,0.010075566750629723,0.0019152503814691378
0.6409214092140921,0.0,0.0009182007032240761
0.08807588075880758,0.015113350125944586,0.0033846537863024785
0.9159891598915989,0.0,0.0005287408128508304
0.10569105691056911,0.020151133501259445,0.002250801738822142
0.023035230352303523,0.007556675062972292,0.0008574589366121884
0.07588075880758807,0.005037783375314861,0.0004150716072104487
0.03116531165311653,0.0025188916876574307,0.00025114284971211517
0.5853658536585366,0.0,0.00047989265936697155
0.25609756097560976,0.005037783375314861,0.002902971060704949
0.23712737127371275,0.0025188916876574307,0.0005817371005804995
0.27235772357723576,0.0,0.0002412286367428753
0.31978319783197834,0.012594458438287152,0.00262427151834743
0.013550135501355014,0.163727959697733,0.017827889228429646
0.06233062330623306,0.005037783375314861,0.0044706731986412914
0.012195121951219513,0.007556675062972292,0.0014789217377708223
0.0027100271002710027,0.05541561712846347,0.014893695281741707
0.5433604336043361,0.0025188916876574307,0.0012131829634095487
0.06910569105691057,0.0025188916876574307,0.0012992266277033506
0.04336043360433604,0.005037783375314861,0.0029684978120485188
0.3143631436314363,0.0025188916876574307,0.0007508467228422726
0.15718157181571815,0.0025188916876574307,0.0016711817358027823
0.7466124661246613,0.0,0.0003040530765653152
0.505420054200542,0.0025188916876574307,0.0007019813571831201
0.03523035230352303,0.047858942065491177,0.004778891621627711
0.6653116531165312,0.0,0.0010136594274035972
0.5365853658536586,0.0,0.00012401372299196693
0.8929539295392954,0.0,0.0005236976454897414
0.04200542005420054,0.017632241813602016,0.008271861627054193
0.10975609756097561,0.017632241813602016,0.008322482634593314
0.08807588075880758,0.0025188916876574307,0.0012195686804435555
0.508130081300813,0.007556675062972292,0.0004155363359433818
0.5853658536585366,0.0,0.000289508788442038
0.22086720867208673,0.005037783375314861,0.0005389820571506527
0.23441734417344173,0.005037783375314861,0.000512492519373465
0.09078590785907859,0.030226700251889168,0.0036688440125787264
0.2953929539295393,0.005037783375314861,0.00157260760789508
0.06775067750677506,0.015113350125944586,0.0026347365209260717
0.8373983739837398,0.0,0.000979992412528887
0.2127371273712737,0.0,0.00036463993359955855
0.08807588075880758,0.0,0.00018146796412273525
0.04878048780487805,0.04282115869017632,0.0180908912669192
0.03387533875338753,0.027707808564231738,0.008373327400411256
0.025745257452574527,0.0025188916876574307,0.0006097413097835433
0.03929539295392954,0.04282115869017632,0.03376168183882625
0.6043360433604336,0.0,0.00027203843051881157
0.22357723577235772,0.005037783375314861,0.002073034392387578
0.5745257452574526,0.0,0.00023782062603469915
0.058265582655826556,0.05037783375314861,0.00733276534302342
0.08672086720867209,0.0025188916876574307,0.0009768770088007055
0.5338753387533876,0.005037783375314861,0.0006568338213874324
0.1043360433604336,0.0,0.0013254751950264247
0.012195121951219513,0.02518891687657431,0.0050859912532200315
0.16124661246612465,0.007556675062972292,0.0009768770088007055
0.02032520325203252,0.08312342569269522,0.05213363071611822
0.2086720867208672,0.0025188916876574307,0.0029309752699079933
0.006775067750677507,0.017632241813602016,0.0013738241954267627
0.5447154471544715,0.0,0.00042983965361254555
0.43360433604336046,0.007556675062972292,0.0026055274594524607
0.13008130081300812,0.005037783375314861,0.0015464967379743564
0.7371273712737128,0.005037783375314861,0.0009771524036054067
0.6124661246612466,0.0025188916876574307,0.0020963741020859966
0.0,0.0025188916876574307,0.2899727426270829
0.8970189701897019,0.017632241813602016,0.0003070652072417335
0.04878048780487805,0.0025188916876574307,0.000653924963762777
0.9823848238482384,0.0,0.00018306869642506043
0.3265582655826558,0.005037783375314861,0.0013559235331211908
0.5663956639566395,0.0025188916876574307,0.0007279028931756117
0.04065040650406504,0.012594458438287152,0.0035309228519493537
0.7588075880758808,0.0,0.0006726001739565708
0.13956639566395665,0.022670025188916875,0.006162819363951945
0.02032520325203252,0.017632241813602016,0.005649655569742022
0.06910569105691057,0.0,0.00018563331054383947
0.004065040650406504,0.022670025188916875,0.0038413788577239694
0.991869918699187,0.0,0.0005330610688495789
0.0013550135501355014,0.010075566750629723,0.0033555135735300425
0.9390243902439024,0.0,8.824682273141076e-05
0.926829268292683,0.0,0.0003134509242757405
0.009485094850948509,0.012594458438287152,0.001945492173460378
0.6571815718157181,0.0,0.0002663584126718513
0.5609756097560976,0.005037783375314861,0.0014402804042361985
0.01084010840108401,0.027707808564231738,0.005564420877687029
0.3712737127371274,0.005037783375314861,0.0016679974833734258
0.05962059620596206,0.0,0.0001592126214678271
0.016260162601626015,0.015113350125944586,0.0023429213009946623
0.8794037940379403,0.0,0.0003213168883850158
0.45528455284552843,0.0,0.000571409795404208
0.551490514905149,0.0,0.00015830037617725468
0.06368563685636856,0.005037783375314861,0.0006490194938040385
0.012195121951219513,0.02518891687657431,0.009094655242624629
0.6558265582655827,0.0025188916876574307,0.0008243427113468803
0.20596205962059622,0.0025188916876574307,0.000665818576890806
0.05013550135501355,0.0,0.0006828069939058055
0.5691056910569106,0.0,0.00024327688560283977
0.8211382113821138,0.0025188916876574307,0.0018522882442443475
0.37398373983739835,0.0025188916876574307,0.0031824107266001035
0.7357723577235772,0.0,0.00019232884673313512
0.006775067750677507,0.0025188916876574307,0.0013280398091452038
0.04200542005420054,0.0025188916876574307,0.00044094150667705885
0.21544715447154472,0.0,0.00026499865082363957
0.508130081300813,0.005037783375314861,0.0009763262191913034
0.07181571815718157,0.0,0.00032002597523797933
0.14227642276422764,0.03778337531486146,0.009558988095525989
0.07859078590785908,0.0327455919395466,0.0042831293366398385
0.3238482384823848,0.0025188916876574307,0.0007059229453254045
0.7710027100271003,0.0025188916876574307,0.0006355595727242719
0.02981029810298103,0.015113350125944586,0.005995344898343085
0.012195121951219513,0.020151133501259445,0.010366118631579048
0.5799457994579946,0.0,0.000112016836812175
0.03523035230352303,0.005037783375314861,0.000647074517995837
0.3238482384823848,0.005037783375314861,0.0020345823927811857
0.0013550135501355014,0.0025188916876574307,0.0004606838717390695
0.08130081300813008,0.010075566750629723,0.0030650236910962567
0.44715447154471544,0.0025188916876574307,0.0006880739195457141
0.08672086720867209,0.022670025188916875,0.0041161368119392045
0.6504065040650406,0.0025188916876574307,0.0007829302175899514
0.03523035230352303,0.030226700251889168,0.006489678572781571
0.518970189701897,0.0025188916876574307,0.0008504363690923102
0.4146341463414634,0.0,0.0002219510004137979
0.05013550135501355,0.010075566750629723,0.005721172158087841
0.18292682926829268,0.007556675062972292,0.0011273114208686852
0.056910569105691054,0.017632241813602016,0.0026477145010976116
0.5420054200542005,0.0025188916876574307,0.0010378081093408253
0.7886178861788617,0.0,0.0005299284529461038
0.14363143631436315,0.0,2.41831062878159e-05
0.537940379403794,0.0,0.0005790003647087821
0.0027100271002710027,0.04534005037783375,0.012896738704152809
0.44986449864498645,0.0025188916876574307,0.00022788920089016548
0.5230352303523035,0.0,0.00038589697008742526
0.02032520325203252,0.0,0.00037465741962056136
0.02168021680216802,0.005037783375314861,0.0015218316907783136
0.07181571815718157,0.007556675062972292,0.0016117825188638123
0.924119241192412,0.005037783375314861,0.000929354192814471
0.6449864498644986,0.0,0.0003802341644157587
0.07859078590785908,0.03778337531486146,0.014700264855789767
0.07181571815718157,0.0,0.000936101365529648
0.0013550135501355014,0.02518891687657431,0.008183029590362791
0.5365853658536586,0.0,0.0003611630741902071
0.014905149051490514,0.02518891687657431,0.00592100551324908
0.6883468834688347,0.0,0.00037674009283111343
0.13956639566395665,0.020151133501259445,0.003641700412140373
0.02032520325203252,0.0327455919395466,0.02024005511063134
0.07859078590785908,0.005037783375314861,0.0014673379437980822
0.07994579945799458,0.017632241813602016,0.01321194527030852
0.03929539295392954,0.010075566750629723,0.00419877246552483
0.5149051490514905,0.007556675062972292,0.003798778723871767
0.0989159891598916,0.005037783375314861,0.0013544949225718038
0.15718157181571815,0.0025188916876574307,0.0005954724164649672
0.037940379403794036,0.02518891687657431,0.0034373746792274464
0.5934959349593496,0.0,0.0007609502697397445
0.34688346883468835,0.0025188916876574307,0.0014183865172624605
0.17615176151761516,0.007556675062972292,0.002461909068800834
0.01084010840108401,0.02518891687657431,0.004413391079263461
0.05420054200542006,0.012594458438287152,0.0039325517502553295
0.8075880758807588,0.0025188916876574307,0.0019291406069312498
0.5094850948509485,0.010075566750629723,0.001582900488720784
0.5474254742547425,0.0,0.002046957946817442
0.42005420054200543,0.012594458438287152,0.0006396044339183195
0.024390243902439025,0.027707808564231738,0.003228969660769884
0.056910569105691054,0.005037783375314861,0.0031656460678639235
0.005420054200542005,0.017632241813602016,0.004251975299358026
0.06097560975609756,0.007556675062972292,0.0019915175301960506
0.7317073170731707,0.0,0.00039433093598139664
0.7330623306233063,0.0,0.00021399897542805343
0.052845528455284556,0.0,0.0005135596742416818
0.02168021680216802,0.0327455919395466,0.011492603868033632
0.014905149051490514,0.0,0.0009023482897784688
0.016260162601626015,0.010075566750629723,0.002448311450318717
0.014905149051490514,0.010075566750629723,0.0015449304300226188
0.524390243902439,0.0,0.0001854611887909013
0.12737127371273713,0.0,0.00010508033016876588
0.056910569105691054,0.005037783375314861,0.0009226586566251753
0.8672086720867209,0.0,9.819546005123822e-05
0.17479674796747968,0.007556675062972292,0.005575109638544491
0.01084010840108401,0.012594458438287152,0.004006684589245808
0.07588075880758807,0.017632241813602016,0.007359943367812361
0.497289972899729,0.005037783375314861,0.0007216204491933677
0.0027100271002710027,0.005037783375314861,0.0013001044486433352
0.0975609756097561,0.005037783375314861,0.0007342886102096186
0.04200542005420054,0.0579345088161209,0.014502255991209672
0.7181571815718157,0.005037783375314861,0.0012162811549624362
0.014905149051490514,0.0025188916876574307,0.001290035326096451
0.39295392953929537,0.005037783375314861,0.0007245637311686107
0.06775067750677506,0.010075566750629723,0.0028020732891325816
0.5040650406504065,0.005037783375314861,0.0012635457883192636
0.06910569105691057,0.0,0.00020986805335753683
0.505420054200542,0.0025188916876574307,0.0005077591711676648
0.018970189701897018,0.030226700251889168,0.003264874258432791
0.052845528455284556,0.0025188916876574307,0.00088928424873046
0.7831978319783198,0.0,0.0005216149722791892
0.06233062330623306,0.005037783375314861,0.0018262117986742115
0.1802168021680217,0.0,0.0005757300514029565
0.6585365853658537,0.0,0.00023580680152532232
0.17208672086720866,0.007556675062972292,0.0021065981342105254
0.7411924119241192,0.007556675062972292,0.001134936414523847
0.18699186991869918,0.0,0.000857493360962776
0.4078590785907859,0.012594458438287152,0.004542981547050626
0.505420054200542,0.0025188916876574307,0.0017496004064414224
0.5271002710027101,0.0025188916876574307,0.000683512693092852
0.2859078590785908,0.010075566750629723,0.0035171186873637107
0.04878048780487805,0.0025188916876574307,0.0013348902549121437
0.24390243902439024,0.005037783375314861,0.0005481733587575522
0.35636856368563685,0.0,0.0002685099345835787
0.024390243902439025,0.0025188916876574307,0.0009103519512900947
0.004065040650406504,0.005037783375314861,0.001514275545824327
0.12466124661246612,0.0,0.00020446343031527763
0.052845528455284556,0.017632241813602016,0.005336187433290987
0.6842818428184282,0.0,0.00013244768888593834
0.03387533875338753,0.010075566750629723,0.0010277734111445289
0.8387533875338753,0.0,0.00026492980212246427
0.19241192411924118,0.020151133501259445,0.008907421199778465
0.26558265582655827,0.005037783375314861,0.003697450647917054
0.07046070460704607,0.010075566750629723,0.0013677482975480446
0.5176151761517616,0.010075566750629723,0.0016244334677047694
0.014905149051490514,0.0,0.00019217393715549076
0.14363143631436315,0.0,0.0005724253137465433
0.03387533875338753,0.0025188916876574307,0.0021423306101204936
0.0013550135501355014,0.0,0.0003338129276483285
0.23848238482384823,0.010075566750629723,0.0030518047404706036
0.06639566395663957,0.02518891687657431,0.008830775383195088
0.6273712737127372,0.005037783375314861,0.0010070843764413582
0.0948509485094851,0.0025188916876574307,0.0016281512975682344
0.005420054200542005,0.005037783375314861,0.0008029996139825446
0.6842818428184282,0.010075566750629723,0.005083805306957717
0.012195121951219513,0.005037783375314861,0.006035414842427096
0.0027100271002710027,0.04282115869017632,0.011101923634432053
0.7330623306233063,0.0,7.814327583393893e-06
0.9308943089430894,0.0,0.0002665305344247895
0.7913279132791328,0.0,0.001933013346372359
0.3238482384823848,0.0025188916876574307,0.000521064182669787
0.025745257452574527,0.007556675062972292,0.0012049727557943968
0.07994579945799458,0.0,0.00013509836388118647
0.02032520325203252,0.060453400503778336,0.03367357271349719
0.2750677506775068,0.005037783375314861,0.0006746828471671228
0.005420054200542005,0.022670025188916875,0.006819894155793491
0.6002710027100271,0.0,0.0048198393866517066
0.5663956639566395,0.0,0.0003229348328626348
0.5880758807588076,0.007556675062972292,0.0034908356956900484
0.9146341463414634,0.0,0.0002980288152124785
0.12330623306233063,0.010075566750629723,0.0034339150319933885
0.014905149051490514,0.010075566750629723,0.0017323710189723093
0.5799457994579946,0.0,0.0009404388337036905
0.7872628726287263,0.0,0.0003014196137453609
0.012195121951219513,0.030226700251889168,0.007280612451883149
0.5880758807588076,0.0025188916876574307,0.0013539957694882832
0.014905149051490514,0.027707808564231738,0.003297938847172217
0.1016260162601626,0.020151133501259445,0.008115609499736902
0.009485094850948509,0.015113350125944586,0.003111444927863687
0.6395663956639567,0.007556675062972292,0.0013446495583037392
0.5718157181571816,0.007556675062972292,0.0013467150193389975
0.04336043360433604,0.04534005037783375,0.027963485196298574
0.06639566395663957,0.05541561712846347,0.011518955708408466
0.08130081300813008,0.0,0.00017534042971813563
0.025745257452574527,0.05289672544080604,0.010186853825893924
0.08943089430894309,0.010075566750629723,0.002961268698425115
0.01084010840108401,0.0025188916876574307,0.0016730406507345149
0.028455284552845527,0.005037783375314861,0.0006193801279480819
0.018970189701897018,0.007556675062972292,0.001187467973520583
0.5826558265582655,0.005037783375314861,0.0012736149108661479
0.5094850948509485,0.0,0.0005694820317713003
0.0013550135501355014,0.1385390428211587,0.015613336330776283
0.6788617886178862,0.0,0.00015055489729503605
0.18157181571815717,0.005037783375314861,0.0018281567744824127
0.23306233062330622,0.0025188916876574307,0.0011940602366581155
0.44715447154471544,0.007556675062972292,0.0023045381500894457
0.7615176151761518,0.0025188916876574307,0.003992329635050763
0.7276422764227642,0.012594458438287152,0.005775459358964545
0.056910569105691054,0.017632241813602016,0.004886140685883497
0.6165311653116531,0.0,0.0005935618650073532
0.037940379403794036,0.0327455919395466,0.009491275397920104
0.8008130081300813,0.0,0.00039897822331072785
0.556910569105691,0.0025188916876574307,0.0004740060954164855
0.16531165311653118,0.007556675062972292,0.0011420794672707818
0.2506775067750677,0.0,0.0005013734541336579
0.5230352303523035,0.0,0.0011350568997509037
0.09620596205962059,0.005037783375314861,0.002235568963687112
0.02981029810298103,0.005037783375314861,0.0012614286907581239
0.10975609756097561,0.015113350125944586,0.0024234226448438543
0.7181571815718157,0.005037783375314861,0.0011731646558514192
0.15853658536585366,0.0025188916876574307,0.0008977698511503127
0.04065040650406504,0.005037783375314861,0.0003727296559876536
0.044715447154471545,0.007556675062972292,0.0013407596066873362
0.024390243902439025,0.015113350125944586,0.004567440048143143
0.02032520325203252,0.0025188916876574307,0.0009064447874983977
0.34417344173441733,0.0,0.00038964922430147783
0.5094850948509485,0.005037783375314861,0.0009007475574761435
0.01084010840108401,0.06801007556675064,0.030382226129462512
0.013550135501355014,0.015113350125944586,0.002154430769352049
0.516260162601626,0.005037783375314861,0.0010122824533800915
0.35365853658536583,0.0,3.881345528756217e-05
0.08672086720867209,0.0,0.0008702992193813775
0.006775067750677507,0.04030226700251889,0.008096297439057237
0.11653116531165311,0.0025188916876574307,0.00048674310513391165
0.07859078590785908,0.015113350125944586,0.009768270934923535
0.03116531165311653,0.005037783375314861,0.0014225174393329772
0.006775067750677507,0.010075566750629723,0.0013690564228703748
0.7046070460704607,0.0025188916876574307,0.0014121729219813918
0.02032520325203252,0.02518891687657431,0.004785208489960543
0.5704607046070461,0.0,0.0006436837194629546
0.6029810298102981,0.0,0.0005629241929843552
0.16124661246612465,0.015113350125944586,0.0033724675661944543
0.03116531165311653,0.05289672544080604,0.014361339912079173
0.5433604336043361,0.0,0.00022031584376088503
0.023035230352303523,0.010075566750629723,0.01506700467477517
0.551490514905149,0.005037783375314861,0.0027424847382653797
0.02168021680216802,0.04030226700251889,0.008689222453578718
0.018970189701897018,0.010075566750629723,0.001949588671180307
0.6273712737127372,0.0025188916876574307,0.0010142962778894684
0.07859078590785908,0.0025188916876574307,0.0006069185130353568
0.5121951219512195,0.0,0.000319303063875639
0.0,0.15113350125944586,0.08543316564830544
0.8848238482384824,0.0,0.00013675073270939312
0.2953929539295393,0.0,0.0002267704094960672
0.13956639566395665,0.007556675062972292,0.001058789751023991
0.023035230352303523,0.007556675062972292,0.0018261257377977424
0.02168021680216802,0.0025188916876574307,0.0007000191691996247
0.0013550135501355014,0.08564231738035265,0.05808768360593144
0.2899728997289973,0.0,0.00018623573667912315
0.06097560975609756,0.02518891687657431,0.0065886313685457375
0.8414634146341463,0.0025188916876574307,0.001176985758766647
0.2018970189701897,0.010075566750629723,0.000686851855099853
0.19241192411924118,0.0,0.0007719144254019072
0.9959349593495935,0.0,0.0005995861263601899
0.03252032520325203,0.007556675062972292,0.0015547585821153896
0.3943089430894309,0.0025188916876574307,0.0010988769072832957
0.10569105691056911,0.0025188916876574307,0.0029922678261292833
0.516260162601626,0.0,0.0005990525489260815
0.024390243902439025,0.0,0.0007358721303366499
0.03116531165311653,0.04534005037783375,0.010245134251438795
0.024390243902439025,0.005037783375314861,0.0059086127470375305
0.6422764227642277,0.0,0.0005485520266140162
0.5501355013550135,0.005037783375314861,0.001762870993592957
0.04742547425474255,0.005037783375314861,0.008603092728408448
0.005420054200542005,0.05289672544080604,0.011692144616214876
0.5433604336043361,0.007556675062972292,0.0012799145670236854
0.513550135501355,0.0,0.0004192025292809653
0.018970189701897018,0.007556675062972292,0.00098541424774644
0.0027100271002710027,0.030226700251889168,0.004733933419760255
0.2859078590785908,0.0,0.000963606421649171
0.7073170731707317,0.0025188916876574307,0.0052799896809566675
0.06097560975609756,0.007556675062972292,0.0012832537290306863
0.10569105691056911,0.0025188916876574307,0.0007106046570053234
0.06097560975609756,0.04282115869017632,0.007657817273447195
0.4105691056910569,0.0025188916876574307,0.0017459514252791328
0.3794037940379404,0.017632241813602016,0.007876773355359867
0.22764227642276422,0.0025188916876574307,0.0010675163238979572
0.5853658536585366,0.0,0.00010232638212175482
0.04742547425474255,0.027707808564231738,0.007404574538349235
0.8766937669376694,0.0,0.00017830092386867253
0.8685636856368564,0.0,3.5112837599391056e-05
0.8075880758807588,0.0,0.0005022340628983488
0.13685636856368563,0.0,0.0003596311905890572
0.2791327913279133,0.010075566750629723,0.002312972115983417
0.04065040650406504,0.0,0.00016997023102646405
0.005420054200542005,0.020151133501259445,0.006279414639392277
0.02032520325203252,0.020151133501259445,0.0031193969528494313
0.04336043360433604,0.0025188916876574307,0.0006542003585674781
0.004065040650406504,0.012594458438287152,0.0030224235572440545
0.009485094850948509,0.0025188916876574307,0.003262688312170476
0.0975609756097561,0.007556675062972292,0.0075573153819065856
0.3075880758807588,0.0025188916876574307,0.0015422281185014893
0.056910569105691054,0.04534005037783375,0.011657393234296655
0.014905149051490514,0.017632241813602016,0.0033244283849494047
0.42276422764227645,0.0,0.0003638998100619244
0.3062330623306233,0.0,0.00034121416302467075
0.21544715447154472,0.0,0.00016556391415124635
0.05013550135501355,0.0,0.0012938220046610914
0.11517615176151762,0.0025188916876574307,0.00045422930600388727
0.0,0.020151133501259445,0.004729131222853279
0.0027100271002710027,0.0025188916876574307,0.0006773507343376649
0.6395663956639567,0.0025188916876574307,0.00046266327189785865
0.8373983739837398,0.0025188916876574307,0.0011380862426026157
0.3238482384823848,0.0025188916876574307,0.0003029514973465108
0.7601626016260162,0.0,0.00017651085763811534
0.8455284552845529,0.0025188916876574307,0.0019922404415583907
0.3319783197831978,0.0025188916876574307,0.0015837955218360625
0.08807588075880758,0.007556675062972292,0.0006507062869828328
0.004065040650406504,0.015113350125944586,0.0052228108346306
0.025745257452574527,0.035264483627204024,0.008121082971480337
0.009485094850948509,0.10831234256926953,0.06715598700818123
0.5880758807588076,0.0025188916876574307,0.00146124483374407
0.012195121951219513,0.010075566750629723,0.004942940864353101
0.0,0.06801007556675064,0.02060292219017564
0.48509485094850946,0.0,0.0008148243784093983
0.025745257452574527,0.0025188916876574307,0.0008052027724201534
0.016260162601626015,0.0025188916876574307,0.0005149022239145998
0.3333333333333333,0.0025188916876574307,0.0006367988493454269
0.11517615176151762,0.007556675062972292,0.002680813514187626
0.025745257452574527,0.020151133501259445,0.004152368440932694
0.14905149051490515,0.020151133501259445,0.0018770737766674469
0.02981029810298103,0.047858942065491177,0.010747247829110088
0.5989159891598916,0.0,0.00035723869822321634
0.04742547425474255,0.02518891687657431,0.009003774957073264
0.0948509485094851,0.0025188916876574307,0.0003223840432532326
0.2506775067750677,0.005037783375314861,0.0019000003941588139
0.38346883468834686,0.022670025188916875,0.003594883295341185
0.06910569105691057,0.020151133501259445,0.005223309987714121
0.5934959349593496,0.020151133501259445,0.03908411674405748
0.2859078590785908,0.0025188916876574307,0.0026159064011546337
0.009485094850948509,0.1309823677581864,0.029749145109980547
0.5663956639566395,0.0025188916876574307,0.00030272773906769114
0.5067750677506775,0.007556675062972292,0.0015811276346655205
0.9986449864498645,0.0,0.00025427546561559023
0.9037940379403794,0.0,0.00169555417601883
0.23983739837398374,0.0,0.0005155218622251773
0.05962059620596206,0.007556675062972292,0.001848329443926769
0.24932249322493225,0.010075566750629723,0.0007137200607335047
0.8116531165311653,0.0,0.0017970371615511878
0.8387533875338753,0.0,4.673105592271898e-05
0.01084010840108401,0.017632241813602016,0.0019135980126409311
0.0989159891598916,0.012594458438287152,0.0015364792519533537
0.3983739837398374,0.0025188916876574307,0.000777646079774749
0.0948509485094851,0.007556675062972292,0.0032962004174675414
0.29132791327913277,0.007556675062972292,0.0008076813256624633
0.056910569105691054,0.022670025188916875,0.010567242899887327
0.5799457994579946,0.0,0.0014296088555540306
0.02981029810298103,0.015113350125944586,0.001863648279938268
0.1910569105691057,0.0,0.0002014685118141531
0.37398373983739835,0.0,0.0004034706010624146
0.05420054200542006,0.02518891687657431,0.0032444089820084397
0.3238482384823848,0.0025188916876574307,0.0007124291475864683
0.23306233062330622,0.005037783375314861,0.000679140800568222
0.21951219512195122,0.0,0.00034580981382812044
0.43089430894308944,0.0025188916876574307,0.002184397166538588
0.07046070460704607,0.005037783375314861,0.0031377623438879365
0.1043360433604336,0.005037783375314861,0.0013183321422794898
0.014905149051490514,0.0025188916876574307,0.0012097405283507847
0.36314363143631434,0.0,0.0007505885402128653
0.36314363143631434,0.0,0.0031430981182290203
0.0989159891598916,0.030226700251889168,0.0171415709507639
0.7601626016260162,0.0025188916876574307,0.0005642495304819792
0.21138211382113822,0.010075566750629723,0.001179464312008957
0.10840108401084012,0.010075566750629723,0.005427377537997641
0.8401084010840109,0.0025188916876574307,7.296241107049936e-05
0.8441734417344173,0.017632241813602016,0.00292140530044463
0.11382113821138211,0.005037783375314861,0.0018941654667342094
0.06639566395663957,0.0,0.0002623479758283914
0.6775067750677507,0.007556675062972292,0.0022503025857386217
0.2750677506775068,0.010075566750629723,0.001151873195012965
0.06775067750677506,0.007556675062972292,0.005389149296670069
0.524390243902439,0.0025188916876574307,0.0008945511743703686
0.018970189701897018,0.11083123425692695,0.051347034305190685
0.7168021680216802,0.0,0.0003724714733582463
0.1016260162601626,0.007556675062972292,0.0005498601519363464
0.1910569105691057,0.017632241813602016,0.004189615588268519
0.03387533875338753,0.030226700251889168,0.007838734447960528
0.012195121951219513,0.05037783375314861,0.03497787693291222
0.6233062330623306,0.0,0.0002669092022812535
0.02032520325203252,0.047858942065491177,0.012790987099147584
0.012195121951219513,0.03778337531486146,0.006867503032656195
0.8468834688346883,0.0,0.002062999694191281
0.06775067750677506,0.005037783375314861,0.000295791232424282
0.3712737127371274,0.0,0.001130925977680387
0.7696476964769647,0.0025188916876574307,0.0004834900040033798
0.8062330623306233,0.0,0.00013640648920351672
0.05962059620596206,0.027707808564231738,0.007671518164981074
0.0013550135501355014,0.015113350125944586,0.002957826263366351
0.35636856368563685,0.007556675062972292,0.0001432052984445753
0.551490514905149,0.0,0.0006409641957665311
0.6788617886178862,0.0,8.907300714551407e-05
0.06233062330623306,0.0654911838790932,0.029822176369752224
0.04336043360433604,0.005037783375314861,0.0009701298360855285
0.981029810298103,0.0,9.902164446534154e-05
0.02981029810298103,0.0025188916876574307,0.0007436176092188685
0.19241192411924118,0.012594458438287152,0.0036505818945919842
0.15311653116531165,0.0,0.0006344579935054675
0.06233062330623306,0.010075566750629723,0.014628059780432197
0.023035230352303523,0.0025188916876574307,0.0018103421730533101
0.6964769647696477,0.0025188916876574307,0.0009852593381687955
0.513550135501355,0.0,0.0007914158200098043
0.004065040650406504,0.010075566750629723,0.0036956089451606147
0.17208672086720866,0.0,0.00028462053065859337
0.6002710027100271,0.010075566750629723,0.001591541000718281
0.01084010840108401,0.07052896725440806,0.00963547900253172
0.11924119241192412,0.0025188916876574307,0.0031625134519604483
0.5894308943089431,0.0,0.00133487304273685
0.8834688346883469,0.0,0.007527400621245927
0.3712737127371274,0.0,0.0005293088146355264
0.38482384823848237,0.0,0.0010735233730755
0.9132791327913279,0.0,0.00159811605168052
0.14634146341463414,0.010075566750629723,0.004968001791580902
0.04742547425474255,0.0025188916876574307,0.0041428845323458
0.07723577235772358,0.015113350125944586,0.0013561645035753043
0.14498644986449866,0.005037783375314861,0.002257376789784381
0.0013550135501355014,0.06801007556675064,0.014689507246231128
0.07994579945799458,0.007556675062972292,0.00162457116510712
0.004065040650406504,0.05289672544080604,0.004581795002338188
0.08536585365853659,0.010075566750629723,0.0028028478370208036
0.24932249322493225,0.010075566750629723,0.0017391181916874864
0.9146341463414634,0.0,0.00035293565439976156
0.5650406504065041,0.0025188916876574307,0.0009097323129795171
0.004065040650406504,0.027707808564231738,0.007196513763397548
0.03387533875338753,0.007556675062972292,0.0007506401767387468
0.03929539295392954,0.0025188916876574307,0.0010972761749809706
0.5826558265582655,0.0025188916876574307,0.0009736755441960552
0.01084010840108401,0.02518891687657431,0.01044278166033772
0.016260162601626015,0.005037783375314861,0.002162675401317788
0.19647696476964768,0.0,0.0007133241807017468
0.016260162601626015,0.012594458438287152,0.0015855683758913258
0.7872628726287263,0.0,0.0002603513634943084
0.02168021680216802,0.0025188916876574307,0.002082174057468596
0.32791327913279134,0.0025188916876574307,0.0006485203407205177
0.0948509485094851,0.05541561712846347,0.03400459726874792
0.0013550135501355014,0.007556675062972292,0.0043011332719971734
0.1856368563685637,0.017632241813602016,0.010351591555631066
0.7425474254742548,0.007556675062972292,0.0004469829802051894
0.06233062330623306,0.0025188916876574307,0.00024277773251931903
0.025745257452574527,0.005037783375314861,0.0013492279969318953
0.0027100271002710027,0.010075566750629723,0.0019348206247782101
0.8861788617886179,0.0,0.0001954442504613164
0.0027100271002710027,0.035264483627204024,0.00982665463352017
0.04336043360433604,0.022670025188916875,0.0034665837407010574
0.1802168021680217,0.0,0.0006125296821811419
0.004065040650406504,0.12846347607052896,0.03949724337545973
0.08672086720867209,0.0,0.00024510137618398463
0.028455284552845527,0.0,0.00030011148842303063
0.6395663956639567,0.0025188916876574307,0.0024915484346567903
0.14769647696476965,0.0025188916876574307,0.0009450344845071402
0.3617886178861789,0.0025188916876574307,0.0006192252183704376
0.5894308943089431,0.0025188916876574307,0.00023451588837828584
0.9227642276422764,0.0,0.0005761259314347143
0.15176151761517614,0.027707808564231738,0.004386454024928634
0.03929539295392954,0.0025188916876574307,0.000654114297691009
0.6002710027100271,0.0025188916876574307,0.0010351057978196956
0.47560975609756095,0.005037783375314861,0.0011505994940412224
0.9336043360433605,0.0,0.00041963283366331077
0.5609756097560976,0.0,0.0003482023061939613
0.06097560975609756,0.020151133501259445,0.007273693157415034
0.04200542005420054,0.0025188916876574307,0.0004424389659276211
0.014905149051490514,0.022670025188916875,0.009452496366983129
0.03252032520325203,0.017632241813602016,0.002811918653400646
0.5176151761517616,0.0025188916876574307,0.0005276220214567321
0.023035230352303523,0.005037783375314861,0.0014105894018543604
0.5284552845528455,0.0025188916876574307,0.0004893421436032783
0.04742547425474255,0.0,0.000526675351815572
0.013550135501355014,0.007556675062972292,0.000718350135887542
0.08536585365853659,0.005037783375314861,0.002017731673168537
0.051490514905149054,0.0025188916876574307,0.0011863319699511909
0.3604336043360434,0.0,0.0001993169899024257
0.012195121951219513,0.0025188916876574307,0.0025131325024752398
0.023035230352303523,0.027707808564231738,0.003787177717723733
0.025745257452574527,0.0025188916876574307,0.0007981457805496876
0.5447154471544715,0.0,0.0008598170046274416
0.009485094850948509,0.027707808564231738,0.011424977231304216
0.39295392953929537,0.005037783375314861,0.0021020024834070756
0.06097560975609756,0.0025188916876574307,0.00030360556000767584
0.5609756097560976,0.0025188916876574307,0.0014329308053857377
0.04878048780487805,0.035264483627204024,0.007947463759291583
0.03252032520325203,0.0025188916876574307,0.006395786156553788
0.15447154471544716,0.012594458438287152,0.003920176196219074
0.5745257452574526,0.0,0.0008466669027029639
0.5420054200542005,0.0025188916876574307,0.0006777466143694226
0.12466124661246612,0.017632241813602016,0.005184393259374796
0.8373983739837398,0.0,0.0001261308205531067
0.02032520325203252,0.060453400503778336,0.015290229376160711
0.3157181571815718,0.007556675062972292,0.0012535799388241422
0.013550135501355014,0.0025188916876574307,0.0018399126902080916
0.5094850948509485,0.0,0.00016009044240781185
0.2764227642276423,0.0,0.0005965739956837716
0.27100271002710025,0.012594458438287152,0.0016629887403629246
0.34146341463414637,0.0,0.0007143052746934946
0.3794037940379404,0.005037783375314861,0.0006595705572591496
0.08536585365853659,0.0025188916876574307,0.0006398626165477267
0.013550135501355014,0.005037783375314861,0.000615851632012849
0.08672086720867209,0.007556675062972292,0.002418809781865111
0.14363143631436315,0.02518891687657431,0.0062159877734345535
0.016260162601626015,0.012594458438287152,0.002863916634963274
0.0013550135501355014,0.020151133501259445,0.005159556090425815
0.018970189701897018,0.12846347607052896,0.03005984208620928
0.5853658536585366,0.0025188916876574307,0.0005348683472554299
0.004065040650406504,0.010075566750629723,0.001600129876189897
0.052845528455284556,0.005037783375314861,0.0011144195015736144
0.3265582655826558,0.015113350125944586,0.0030287576377521796
0.45799457994579945,0.010075566750629723,0.0014617611990028847
0.005420054200542005,0.11586901763224182,0.016380569044498274
0.35772357723577236,0.0,0.00023362085526300728
0.36449864498644985,0.010075566750629723,0.002592824874085622
0.7249322493224932,0.0,0.00019489346085191419
0.05013550135501355,0.007556675062972292,0.0018382947457304725
0.556910569105691,0.0,0.0008896284922363365
0.8008130081300813,0.0025188916876574307,0.000685044576694002
0.10569105691056911,0.020151133501259445,0.004453220052893359
0.1002710027100271,0.0025188916876574307,0.0003982725241236813
0.8089430894308943,0.0025188916876574307,0.001940259672171057
0.03387533875338753,0.012594458438287152,0.0024563151118303424
0.08130081300813008,0.0,0.0006559732126227415
0.37398373983739835,0.0,0.0003340022615765605
0.04065040650406504,0.022670025188916875,0.005495245145181169
0.12466124661246612,0.017632241813602016,0.002236463996802391
0.9051490514905149,0.0,0.00015559806465612508
0.2940379403794038,0.03778337531486146,0.004767445525057322
0.997289972899729,0.0,0.00030758157250054813
0.6653116531165312,0.0,0.0003382192445235462
0.09620596205962059,0.012594458438287152,0.003195078887616354
0.005420054200542005,0.027707808564231738,0.00964768243481504
0.11653116531165311,0.007556675062972292,0.002288943919273245
0.7398373983739838,0.0,0.00017437654790168175
0.3888888888888889,0.0,0.0006653366359825791
0.5040650406504065,0.0025188916876574307,0.001067240929093256
0.028455284552845527,0.0,0.0003065832663335066
0.6192411924119241,0.0025188916876574307,0.0009706806256949307
0.04336043360433604,0.015113350125944586,0.004066927202774176
0.3523035230352303,0.0,0.0010321797280197465
0.03523035230352303,0.05037783375314861,0.006581780922778798
0.028455284552845527,0.005037783375314861,0.0014233436237470803
0.997289972899729,0.0,0.00013709497621526947
0.08943089430894309,0.0,0.0007744446151700986
0.23441734417344173,0.012594458438287152,0.0028051026319842937
0.6842818428184282,0.0,1.3769740235055313e-06
0.07181571815718157,0.012594458438287152,0.0075898980297377855
0.07723577235772358,0.010075566750629723,0.0014525698973959853
0.02032520325203252,0.0025188916876574307,0.0009200424059805148
0.02032520325203252,0.0,8.06390412515427e-05
0.01084010840108401,0.030226700251889168,0.013898521730603672
0.0,0.047858942065491177,0.011572760968376946
0.03252032520325203,0.06801007556675064,0.2486392011182268
0.04336043360433604,0.017632241813602016,0.007466331823303456
0.5420054200542005,0.0,0.00010115595420177512
0.4959349593495935,0.005037783375314861,0.001136623207702641
0.3523035230352303,0.010075566750629723,0.001774489211916285
0.7899728997289973,0.0,0.00015762910134079573
0.5853658536585366,0.0,0.0010294257799727353
0.04742547425474255,0.0,0.0005597399405549985
0.03523035230352303,0.0327455919395466,0.006099478558870691
0.009485094850948509,0.09319899244332494,0.0432311149862985
0.023035230352303523,0.04534005037783375,0.02044140313721844
0.3238482384823848,0.007556675062972292,0.00218990506263261
0.07588075880758807,0.005037783375314861,0.002786530694842263
0.4959349593495935,0.007556675062972292,0.001994977177430108
0.513550135501355,0.017632241813602016,0.008100531634179517
0.009485094850948509,0.005037783375314861,0.0013834630135913014
0.004065040650406504,0.1385390428211587,0.039569603360394945
0.051490514905149054,0.005037783375314861,0.0007600896609750535
0.4105691056910569,0.0,0.00014002104601521873
0.5420054200542005,0.0,0.0001147191483333046
0.11924119241192412,0.020151133501259445,0.017810436082681715
0.044715447154471545,0.0,5.5853508828443134e-05
0.028455284552845527,0.007556675062972292,0.007985588727567392
0.35365853658536583,0.010075566750629723,0.0027397307902183687
0.056910569105691054,0.022670025188916875,0.006709099383427178
0.03929539295392954,0.0,0.00045407439642624286
0.10569105691056911,0.0,0.0002685959954600478
0.09620596205962059,0.020151133501259445,0.003124629454138752
0.03523035230352303,0.030226700251889168,0.009641727022163376
0.02981029810298103,0.0,0.0002556868639896834
0.2859078590785908,0.0025188916876574307,0.000453781789446248
0.051490514905149054,0.0,0.00027513662207169905
0.0,0.030226700251889168,0.00765644029942369
0.2506775067750677,0.0,0.00042082047375858426
0.2046070460704607,0.010075566750629723,0.000676576186449443
0.013550135501355014,0.005037783375314861,0.00033021558301192034
0.55420054200542,0.0025188916876574307,0.000257149898889658
0.051490514905149054,0.0025188916876574307,0.0003500784333009876
0.6829268292682927,0.0,0.0003738140230311642
0.8983739837398373,0.0,0.000180159838800405
0.11517615176151762,0.0,0.0013518958841024372
0.06233062330623306,0.0,0.0008236714365104214
0.016260162601626015,0.022670025188916875,0.004066445261865949
0.005420054200542005,0.04030226700251889,0.00840692556658479
0.02168021680216802,0.08564231738035265,0.016799444542448656
0.1002710027100271,0.015113350125944586,0.004980756013473622
0.2859078590785908,0.007556675062972292,0.0019258530814501302
0.02032520325203252,0.0327455919395466,0.01416260813613674
0.2764227642276423,0.017632241813602016,0.0031378656169396995
0.04336043360433604,0.012594458438287152,0.0015821603651831496
0.7317073170731707,0.0,0.00026888860244004273
0.09078590785907859,0.020151133501259445,0.003481282938401979
0.11788617886178862,0.0,0.0006223061977480312
0.06910569105691057,0.0,0.0005750415643912039
0.6897018970189702,0.0025188916876574307,0.0010974310845586147
0.037940379403794036,0.035264483627204024,0.007672430410271647
0.056910569105691054,0.007556675062972292,0.0036931820284441864
0.09620596205962059,0.030226700251889168,0.0037452316465326953
0.0013550135501355014,0.27455919395465994,0.12982441567375794
0.5067750677506775,0.0025188916876574307,0.000563130739087881
0.0013550135501355014,0.17884130982367757,0.022014940202579384
0.12872628726287264,0.02518891687657431,0.009044017022910213
0.23306233062330622,0.007556675062972292,0.0013293135101169464
0.004065040650406504,0.0025188916876574307,0.0018082078633168766
0.012195121951219513,0.06297229219143577,0.005153893284754149
0.17479674796747968,0.0,0.000693891634795025
0.6043360433604336,0.0025188916876574307,0.0015975824742464116
0.0013550135501355014,0.010075566750629723,0.006685415430222883
0.2777777777777778,0.0025188916876574307,0.00070540658006659
0.41192411924119243,0.0,0.00022444676583140168
0.5528455284552846,0.0,0.00028250343309745365
0.009485094850948509,0.015113350125944586,0.003925546394910746
0.025745257452574527,0.027707808564231738,0.008539097860666027
0.7493224932249323,0.0,0.00021059096471987723
0.1070460704607046,0.0,0.0009413166546436753
0.26287262872628725,0.0025188916876574307,0.002310321440988169
0.0027100271002710027,0.047858942065491177,0.013996923736758435
0.04200542005420054,0.0025188916876574307,0.0004709423282141856
0.013550135501355014,0.0,0.00022470494846080894
0.516260162601626,0.010075566750629723,0.001366560657452771
0.8943089430894309,0.0,0.0007298822933344009
0.12059620596205962,0.007556675062972292,0.0024813588268828494
0.8753387533875339,0.0,0.0007293487159002925
0.4986449864498645,0.022670025188916875,0.0073834035627378366
0.3252032520325203,0.010075566750629723,0.002719213877268136
0.8441734417344173,0.0,0.00029699608469484933
0.991869918699187,0.0,0.00035536257111619006
0.03252032520325203,0.005037783375314861,0.001109514031614876
0.1016260162601626,0.0,0.0005968321783131788
0.9200542005420054,0.0,0.00028947436409145036
0.535230352303523,0.0025188916876574307,0.0008332069816231972
0.0013550135501355014,0.05541561712846347,0.011783799449654462
0.2018970189701897,0.0025188916876574307,0.001119393820233528
0.005420054200542005,0.012594458438287152,0.005933828583842975
0.5230352303523035,0.005037783375314861,0.002941061604630171
0.7913279132791328,0.0,0.001249414592403038
0.005420054200542005,0.022670025188916875,0.004209564499434055
0.02981029810298103,0.012594458438287152,0.003489561994718306
0.1070460704607046,0.0,0.003199829447997448
0.08807588075880758,0.010075566750629723,0.003261810491230491
0.0921409214092141,0.010075566750629723,0.002025064059843704
0.6693766937669376,0.0025188916876574307,0.004174176267029962
0.5149051490514905,0.0025188916876574307,0.0005176561719616108
0.016260162601626015,0.0,0.0007416898455859609
0.508130081300813,0.0,0.0004373785863912383
0.8956639566395664,0.0,0.00033520711384712787
0.0013550135501355014,0.017632241813602016,0.0032610531555175627
0.505420054200542,0.0025188916876574307,0.0008058568350813185
0.07723577235772358,0.007556675062972292,0.007020570907544129
0.8265582655826558,0.0025188916876574307,0.002129662449104243
0.23848238482384823,0.03778337531486146,0.005908165230479891
0.0027100271002710027,0.005037783375314861,0.003167126314939192
0.15311653116531165,0.012594458438287152,0.004850614756077055
0.26287262872628725,0.012594458438287152,0.004343836678901139
0.018970189701897018,0.017632241813602016,0.0035165334734037204
0.06775067750677506,0.015113350125944586,0.0026696256002466433
0.056910569105691054,0.022670025188916875,0.006883527567854741
0.17344173441734417,0.0025188916876574307,0.0005238869794179734
0.31842818428184283,0.0,0.00025628929012496706
0.05962059620596206,0.017632241813602016,0.005499066248096398
0.5230352303523035,0.0025188916876574307,0.0015367202224074671
0.535230352303523,0.012594458438287152,0.0020421041133845846
0.0013550135501355014,0.0025188916876574307,0.0007521204238140152
0.48509485094850946,0.012594458438287152,0.0033719684131109334
0.06368563685636856,0.020151133501259445,0.002918530867170562
0.37262872628726285,0.010075566750629723,0.005599137835254662
0.6788617886178862,0.0025188916876574307,0.0010666729273085603
0.04878048780487805,0.0025188916876574307,0.0008854115092893507
0.8387533875338753,0.0,0.00028305422270685586
0.48509485094850946,0.015113350125944586,0.0035219553086212737
0.03387533875338753,0.005037783375314861,0.0020830346662332865
0.04065040650406504,0.0025188916876574307,0.0008576654827157142
0.009485094850948509,0.02518891687657431,0.007960579436865473
0.3699186991869919,0.005037783375314861,0.0013934116509111288
0.6775067750677507,0.0,9.561363375716535e-05
0.24796747967479674,0.007556675062972292,0.0021216932119432048
0.573170731707317,0.0025188916876574307,0.001320122208510047
0.058265582655826556,0.012594458438287152,0.0028461536700600523
0.540650406504065,0.0025188916876574307,0.0016022641859263305
0.08536585365853659,0.005037783375314861,0.0012259543974775626
0.17208672086720866,0.005037783375314861,0.0018682095063911298
0.06233062330623306,0.005037783375314861,0.001233871998112719
0.03523035230352303,0.005037783375314861,0.002146547593067479
0.006775067750677507,0.005037783375314861,0.0016680146955487195
0.005420054200542005,0.007556675062972292,0.0022205083103050203
0.01084010840108401,0.005037783375314861,0.0017388083725321977
0.5907859078590786,0.0,0.0006695536189295647
0.7913279132791328,0.0,0.0004938517335302589
0.0027100271002710027,0.06297229219143577,0.016637581245985585
0.5338753387533876,0.010075566750629723,0.0016331084040528544
0.07994579945799458,0.0,0.0006784523135564693
0.4959349593495935,0.0,0.001010440750623653
0.11788617886178862,0.0,0.00019690728536129104
0.04065040650406504,0.0025188916876574307,0.0012740796395990807
0.5420054200542005,0.0025188916876574307,0.0007993162084696672
0.18699186991869918,0.005037783375314861,0.0011039028624690909
0.13414634146341464,0.005037783375314861,0.0013872496921559416
0.08265582655826559,0.0,0.0009547077270222666
0.575880758807588,0.0025188916876574307,0.0005619258868173137
0.551490514905149,0.0,0.00017874844042631185
0.6124661246612466,0.010075566750629723,0.0017847304562161074
0.03523035230352303,0.0,0.00018072784058510103
0.08943089430894309,0.007556675062972292,0.0010617330329992338
0.012195121951219513,0.017632241813602016,0.004793711304555689
0.9905149051490515,0.0,0.000740140749809517
0.06097560975609756,0.005037783375314861,0.0005715819171571462
0.012195121951219513,0.012594458438287152,0.003865080023103558
0.028455284552845527,0.012594458438287152,0.0046849647810493405
0.044715447154471545,0.007556675062972292,0.0009986676227226807
0.03387533875338753,0.010075566750629723,0.007029865482202791
0.8008130081300813,0.0,0.0004978793825490125
0.0027100271002710027,0.03778337531486146,0.007820282996045553
0.35636856368563685,0.0025188916876574307,0.0007136512120323293
0.2086720867208672,0.012594458438287152,0.0026066290386712655
0.06233062330623306,0.0,0.0004739372467153102
0.8699186991869918,0.0,0.0010219212715446302
0.3902439024390244,0.0025188916876574307,0.0015442075186602785
0.18157181571815717,0.0,0.00041627645948101604
0.7046070460704607,0.0,4.974318659913733e-05
0.5691056910569106,0.0,0.0002091279298199026
0.06233062330623306,0.005037783375314861,0.0019208787627902166
0.05013550135501355,0.012594458438287152,0.011724400232715494
0.481029810298103,0.012594458438287152,0.002163553222257773
0.7181571815718157,0.0025188916876574307,0.0004281700726090451
0.22899728997289973,0.0,0.0005631135269125872
0.26558265582655827,0.0025188916876574307,0.0017050208724304306
0.004065040650406504,0.047858942065491177,0.0050589853501840296
0.08536585365853659,0.02518891687657431,0.007042223824063753
0.03116531165311653,0.005037783375314861,0.0013113439991101993
0.35501355013550134,0.0025188916876574307,0.0014053741127403334
0.3699186991869919,0.0,0.0008837935648117316
0.537940379403794,0.0,0.0002961354759301584
0.5813008130081301,0.0,0.00010731791295696236
0.005420054200542005,0.007556675062972292,0.001291481148821132
0.037940379403794036,0.0,0.0003351038407953649
0.5121951219512195,0.007556675062972292,0.0013520335815047878
0.6897018970189702,0.0,0.00020122754136003962
0.005420054200542005,0.0025188916876574307,0.0009365488820872874
0.9932249322493225,0.0025188916876574307,0.00035267747177035425
0.8265582655826558,0.0,2.530189768191414e-05
0.1016260162601626,0.005037783375314861,0.0023077568268693896
0.6653116531165312,0.0025188916876574307,0.0002890440597091049
0.592140921409214,0.0025188916876574307,0.000857114693106312
0.052845528455284556,0.007556675062972292,0.0023023522038271307
0.3617886178861789,0.007556675062972292,0.0006043883232671654
0.3807588075880759,0.0025188916876574307,0.00043744743509241364
0.45528455284552843,0.0,0.0037289145043541546
0.4281842818428184,0.0,0.002247101121133971
0.04200542005420054,0.027707808564231738,0.005085371614909455
0.4092140921409214,0.0025188916876574307,0.00028279604007744856
0.989159891598916,0.0,0.00039834137282485646
0.02981029810298103,0.015113350125944586,0.0037484847476632276
0.12466124661246612,0.010075566750629723,0.0007383506835789599
0.05013550135501355,0.0,0.001580800603334938
0.35772357723577236,0.0,0.0004547973077885833
0.03116531165311653,0.015113350125944586,0.005698641420628231
0.07181571815718157,0.005037783375314861,0.0007050107000348322
0.7168021680216802,0.0,0.001213716540843657
0.01084010840108401,0.02518891687657431,0.010968940646894477
0.025745257452574527,0.017632241813602016,0.003720411689759008
0.005420054200542005,0.007556675062972292,0.002051312627166778
0.2506775067750677,0.010075566750629723,0.0016566546598547989
0.0013550135501355014,0.015113350125944586,0.0017135408992008713
0.04336043360433604,0.020151133501259445,0.0055810134146702705
0.10975609756097561,0.0,0.0005887424559250839
0.22493224932249323,0.007556675062972292,0.001377989541847867
0.4986449864498645,0.0,9.174089431605604e-05
0.7262872628726287,0.0025188916876574307,0.0007685924755702001
0.005420054200542005,0.005037783375314861,0.001189361312802903
0.037940379403794036,0.017632241813602016,0.001843768217473907
0.9932249322493225,0.0,0.0007456830702541269
0.5555555555555556,0.0,0.0006662833056237391
0.9796747967479674,0.0,0.0002679935693247641
0.004065040650406504,0.047858942065491177,0.01992429775486623
0.5785907859078591,0.0025188916876574307,0.0009741574851042821
0.08265582655826559,0.005037783375314861,0.0006992618334866966
0.04878048780487805,0.0025188916876574307,0.00033081800914720397
0.5799457994579946,0.0,0.005303191693252736
0.8509485094850948,0.0,0.0006507062869828328
0.013550135501355014,0.0025188916876574307,0.0013086933241149511
0.11653116531165311,0.04030226700251889,0.012354469121521036
0.2953929539295393,0.012594458438287152,0.0029420943351478003
0.01084010840108401,0.005037783375314861,0.002592394569703277
0.04065040650406504,0.02518891687657431,0.0114940841151089
0.2506775067750677,0.02518891687657431,0.0014416057417338225
0.0989159891598916,0.02518891687657431,0.009000728402046259
0.2506775067750677,0.017632241813602016,0.001043660248940724
0.0013550135501355014,0.010075566750629723,0.0009141558420300285
0.8021680216802168,0.0,0.00021778565399269368
0.6395663956639567,0.0,0.00017160538767937688
0.5528455284552846,0.0025188916876574307,0.0005325447035907643
0.1002710027100271,0.0,0.00024565216579338684
0.11517615176151762,0.007556675062972292,0.0017120606521256027
0.014905149051490514,0.07556675062972293,0.019891611833983268
0.18699186991869918,0.04534005037783375,0.04519256284625625
0.03252032520325203,0.005037783375314861,0.0050527717549029615
0.2032520325203252,0.020151133501259445,0.004369035303531289
0.6043360433604336,0.0025188916876574307,0.0005219420036097717
0.013550135501355014,0.0025188916876574307,0.00024434404047105664
0.04742547425474255,0.017632241813602016,0.007005665163739682
0.028455284552845527,0.010075566750629723,0.0036087735208032976
0.8550135501355014,0.0,0.00024646113803219636
0.023035230352303523,0.0,0.0003382708810494277
0.04200542005420054,0.010075566750629723,0.004552000726904587
0.03929539295392954,0.020151133501259445,0.008367905565193703
0.09078590785907859,0.015113350125944586,0.00386373747343064
0.018970189701897018,0.0,0.0004357434297383255
0.06233062330623306,0.015113350125944586,0.013076261692467343
0.34823848238482386,0.010075566750629723,0.006545032928526493
0.004065040650406504,0.010075566750629723,0.004563223065196157
0.012195121951219513,0.0025188916876574307,0.001582797215669021
0.05962059620596206,0.007556675062972292,0.0024798269432817
0.6178861788617886,0.0,0.00021825038272562676
0.014905149051490514,0.02518891687657431,0.006195247102205501
0.04200542005420054,0.020151133501259445,0.0038096912430080486
0.009485094850948509,0.015113350125944586,0.004836311438407892
0.028455284552845527,0.10579345088161209,0.026514770826168405
0.012195121951219513,0.022670025188916875,0.004553136730473979
0.0013550135501355014,0.015113350125944586,0.005923466854316096
0.058265582655826556,0.005037783375314861,0.0016142438599308286
0.03387533875338753,0.017632241813602016,0.0017261229993406528
0.10569105691056911,0.005037783375314861,0.0019268341754418781
0.01084010840108401,0.007556675062972292,0.0019425833158357225
0.02032520325203252,0.017632241813602016,0.006709581324335405
0.924119241192412,0.0,3.1067976405343554e-05
0.08536585365853659,0.022670025188916875,0.011531262413743549
0.0013550135501355014,0.010075566750629723,0.005020275167948231
0.6097560975609756,0.0,0.0007290733210955914
0.04200542005420054,0.005037783375314861,0.0008719171638589964
0.0975609756097561,0.0025188916876574307,0.0013744954702632217
0.7439024390243902,0.0025188916876574307,0.0019355091117899629
0.058265582655826556,0.0,0.0004012846548000996
0.04336043360433604,0.0025188916876574307,0.001225524093095217
0.04065040650406504,0.007556675062972292,0.0017935258777912488
0.037940379403794036,0.0025188916876574307,0.0006567649726862571
0.6802168021680217,0.007556675062972292,0.0021172868950679866
0.02168021680216802,0.0025188916876574307,0.000777835413702981
0.43766937669376693,0.012594458438287152,0.002158320720968452
0.25609756097560976,0.012594458438287152,0.001716604666403171
0.012195121951219513,0.027707808564231738,0.015382331726157938
0.2886178861788618,0.0,0.0007291938063226481
0.7791327913279132,0.012594458438287152,0.0027070104449848187
0.004065040650406504,0.017632241813602016,0.0024692930920018822
0.07046070460704607,0.017632241813602016,0.01105832347319528
0.5230352303523035,0.0,0.00021601279993743025
0.7750677506775068,0.0,0.00024055736190641637
0.3048780487804878,0.005037783375314861,0.0005118040323617123
0.9823848238482384,0.0,0.0002657215621859799
0.10840108401084012,0.0,0.0013172305630606855
0.18699186991869918,0.015113350125944586,0.0014902645612894492
0.3075880758807588,0.0025188916876574307,0.0018286215032153462
0.0013550135501355014,0.005037783375314861,0.001770203380268124
0.014905149051490514,0.0025188916876574307,0.0010731791295696238
0.009485094850948509,0.03778337531486146,0.0046383369981783835
0.15311653116531165,0.0,0.0005347306498530794
0.4959349593495935,0.005037783375314861,0.001166417483136242
0.15447154471544716,0.0,0.00014144965656460575
0.044715447154471545,0.0025188916876574307,0.0038252682616489544
0.3523035230352303,0.0,0.0013303290284592817
0.8021680216802168,0.0,0.00023718377554882782
0.08672086720867209,0.020151133501259445,0.005992900769451363
0.009485094850948509,0.012594458438287152,0.0057563710565637005
0.513550135501355,0.005037783375314861,0.0008251172592351021
0.592140921409214,0.0,0.0012300164708469038
0.8590785907859079,0.0025188916876574307,0.0024728043757618217
0.013550135501355014,0.0,0.0003714387428406172
0.5799457994579946,0.022670025188916875,0.00469357086869625
0.7886178861788617,0.005037783375314861,0.00036997570794064256
0.01084010840108401,0.007556675062972292,0.0005013906663089517
0.9200542005420054,0.0025188916876574307,0.0009977209530815205
0.004065040650406504,0.012594458438287152,0.003162065935402809
0.005420054200542005,0.010075566750629723,0.0017643340284929315
0.7831978319783198,0.0,0.00022795804959134075
0.01084010840108401,0.005037783375314861,0.0002989410605030509
0.8834688346883469,0.0,0.0004985850817360592
0.03252032520325203,0.0025188916876574307,0.0012769712850484425
0.11517615176151762,0.0,0.00035865009659730954
0.5338753387533876,0.0,0.0006508611965604772
0.20596205962059622,0.007556675062972292,0.003123304116641128
0.06639566395663957,0.020151133501259445,0.009784106136193849
0.45257452574525747,0.0,0.0002653084699789283
0.0027100271002710027,0.007556675062972292,0.000742533242175358
0.33739837398373984,0.0,0.0005186028416027708
0.22764227642276422,0.010075566750629723,0.006857537183161074
0.09078590785907859,0.02518891687657431,0.007283469672981922
0.5067750677506775,0.0025188916876574307,0.0018659719236029334
0.09620596205962059,0.0,0.0012746992779096582
0.3807588075880759,0.04030226700251889,0.014028077774040247
0.494579945799458,0.0025188916876574307,0.0011414770411354981
0.8184281842818428,0.005037783375314861,0.0017273967003123955
0.0948509485094851,0.005037783375314861,0.0031677287410744755
0.013550135501355014,0.020151133501259445,0.005117919838390067
0.004065040650406504,0.20906801007556675,0.09651811635668027
0.03252032520325203,0.022670025188916875,0.006276264811313508
0.05962059620596206,0.012594458438287152,0.0026592466585444704
0.04878048780487805,0.0,0.00024854381124274843
0.009485094850948509,0.05289672544080604,0.010652202197137616
0.17479674796747968,0.0,0.00019917929250007514
0.01084010840108401,0.0327455919395466,0.006824902898803993
0.18699186991869918,0.015113350125944586,0.0011759186038984301
0.2222222222222222,0.0,8.270450228680099e-05
0.21544715447154472,0.0,0.00026093657745429827
0.7411924119241192,0.0,7.495902340458237e-05
0.014905149051490514,0.08816120906801007,0.020048569660487604
0.052845528455284556,0.020151133501259445,0.006801115672547935
0.5338753387533876,0.0,0.00011678460936856292
0.06368563685636856,0.0,0.00083921403080074
0.8008130081300813,0.0025188916876574307,0.007151538349354798
0.03523035230352303,0.05037783375314861,0.024193846685199246
0.6409214092140921,0.0,0.0002074927731669898
0.0948509485094851,0.007556675062972292,0.000775735528317135
0.2140921409214092,0.007556675062972292,0.0014449104793902358
0.508130081300813,0.0,0.0007115513266464836
0.013550135501355014,0.007556675062972292,0.0023100632583587613
0.6260162601626016,0.012594458438287152,0.0005102549365852686
0.03252032520325203,0.005037783375314861,0.0011703590712785269
0.005420054200542005,0.05541561712846347,0.08223662372578912
0.1016260162601626,0.015113350125944586,0.004107048783384068
0.924119241192412,0.0,0.00017933365438630168
0.025745257452574527,0.007556675062972292,0.002221678738225
0.7520325203252033,0.010075566750629723,0.0011275179669722108
0.5704607046070461,0.0,0.0005589309683161891
0.8699186991869918,0.0,0.0005420630365282463
0.0013550135501355014,0.015113350125944586,0.0012940113385893233
0.9878048780487805,0.0,0.00011848861472265099
0.08672086720867209,0.012594458438287152,0.001989452069160792
0.7831978319783198,0.0025188916876574307,0.0012718076324602966
0.22086720867208673,0.0025188916876574307,0.0008706778872378415
0.6775067750677507,0.0025188916876574307,0.003564848049453471
0.21002710027100271,0.0025188916876574307,0.0003172892393662621
0.044715447154471545,0.020151133501259445,0.004948586457849474
0.1043360433604336,0.0,0.00019145102579315036
0.05962059620596206,0.02518891687657431,0.00451564861268404
0.06910569105691057,0.02518891687657431,0.004154846994175004
0.037940379403794036,0.0,0.0002343437666253477
0.6368563685636857,0.0025188916876574307,0.0012223398406658605
0.978319783197832,0.0,0.0007252350060050697
0.03116531165311653,0.030226700251889168,0.00997199424170118
0.2967479674796748,0.0,0.0009144656611853174
0.004065040650406504,0.06297229219143577,0.008598617562832055
0.5948509485094851,0.0,0.000503938068252437
0.5528455284552846,0.0,0.0016390293923539282
0.024390243902439025,0.047858942065491177,0.012941576420793207
0.005420054200542005,0.015113350125944586,0.005006453791187294
0.516260162601626,0.0025188916876574307,0.0005106163922664388
0.08130081300813008,0.015113350125944586,0.004727668187953306
0.532520325203252,0.0,0.0010138143369812416
0.9065040650406504,0.0,4.5009838393337064e-05
0.18292682926829268,0.007556675062972292,0.0025905184425962504
0.06233062330623306,0.012594458438287152,0.00450437463786659
0.4241192411924119,0.012594458438287152,0.001526375705055882
0.17750677506775067,0.005037783375314861,0.0027456345663441485
0.016260162601626015,0.0025188916876574307,0.0011578458198399201
0.005420054200542005,0.010075566750629723,0.003171102327432064
0.3794037940379404,0.005037783375314861,0.0010513196669464733
0.5813008130081301,0.0,0.00013496066647883593
0.024390243902439025,0.007556675062972292,0.0020022579275793934
0.9905149051490515,0.0,0.0005515469451151406
0.34417344173441733,0.005037783375314861,0.0014559090594029862
0.07723577235772358,0.0,0.001871290485768724
0.012195121951219513,0.047858942065491177,0.01343399954377408
0.8753387533875339,0.0,0.0001817089345768487
0.044715447154471545,0.022670025188916875,0.0067930431623351335
0.024390243902439025,0.0025188916876574307,0.000976842584450118
0.8468834688346883,0.0,0.0006637014793296663
0.7804878048780488,0.0025188916876574307,0.0003556379659208912
0.6273712737127372,0.007556675062972292,0.0021908689444490636
0.3821138211382114,0.010075566750629723,0.0010680326891567718
0.5284552845528455,0.0025188916876574307,0.00031610159927098863
0.3943089430894309,0.02518891687657431,0.008339471051608314
0.15718157181571815,0.007556675062972292,0.0010072220738437088
0.3902439024390244,0.005037783375314861,0.004960824314483379
0.0027100271002710027,0.0025188916876574307,0.0009570141585116383
0.10975609756097561,0.0,0.00012530463613900336
0.02168021680216802,0.035264483627204024,0.024668833874607478
0.5067750677506775,0.007556675062972292,0.0007022567519878211
0.6612466124661247,0.0,0.0007182124384851915
0.013550135501355014,0.07052896725440806,0.010702651082923802
0.516260162601626,0.0,0.0007005871709843207
0.23441734417344173,0.007556675062972292,0.0017155891480608355
0.0027100271002710027,0.010075566750629723,0.0016939362315412112
0.037940379403794036,0.0,0.0006818431120893516
0.05962059620596206,0.0,0.0004547112469121142
0.1016260162601626,0.0025188916876574307,0.0005171914432286777
0.01084010840108401,0.02518891687657431,0.00650251885555076
0.14769647696476965,0.007556675062972292,0.0023587565022649753
0.6585365853658537,0.005037783375314861,0.0015877543221536408
0.11517615176151762,0.015113350125944586,0.002696132350199125
0.11788617886178862,0.005037783375314861,0.00173877394818161
0.978319783197832,0.0,0.0007652188892126117
0.0027100271002710027,0.022670025188916875,0.0033580093389476463
0.6368563685636857,0.0025188916876574307,0.00017392903134404245
0.03116531165311653,0.19395465994962216,0.030364549225435758
0.35501355013550134,0.005037783375314861,0.0007713808479677988
0.08265582655826559,0.010075566750629723,0.0030203925205593836
0.07994579945799458,0.07808564231738035,0.030338868659897378
0.5338753387533876,0.0025188916876574307,0.0010873447498364367
0.45528455284552843,0.020151133501259445,0.0029364315294761337
0.024390243902439025,0.0,0.00016274111740306
0.9823848238482384,0.0,4.988088400148787e-05
0.06775067750677506,0.017632241813602016,0.0038630317742435936
0.006775067750677507,0.020151133501259445,0.0051883176353417874
0.05420054200542006,0.0025188916876574307,0.0012024769903767932
0.5609756097560976,0.0,0.00034906291495865227
0.13550135501355012,0.015113350125944586,0.005054527396782931
0.02981029810298103,0.020151133501259445,0.03489496588452189
0.6273712737127372,0.0025188916876574307,0.00013778346322702224
0.5067750677506775,0.0025188916876574307,0.00030246955643828383
0.23035230352303523,0.010075566750629723,0.002886378523721708
0.6422764227642277,0.005037783375314861,0.0009400773780225203
0.5338753387533876,0.0025188916876574307,0.0003376340305635563
0.1070460704607046,0.0025188916876574307,0.0012018917764168033
0.6260162601626016,0.0025188916876574307,0.0008025004608990239
0.5365853658536586,0.005037783375314861,0.0021536906458144143
0.3157181571815718,0.0,0.0005241279498720868
0.6517615176151762,0.0,0.0005203756956580342
0.013550135501355014,0.0025188916876574307,0.0007823794279805493
0.47560975609756095,0.005037783375314861,0.0014841198147095558
0.08536585365853659,0.010075566750629723,0.0019217565837302015
0.051490514905149054,0.0,0.00018250069464036437
0.009485094850948509,0.0025188916876574307,0.005489978219541261
0.051490514905149054,0.0,0.0007873709588157568
0.02032520325203252,0.030226700251889168,0.0061093927718399305
0.07181571815718157,0.0,0.0003464638764892856
0.38346883468834686,0.0,0.00034691139304692485
0.05962059620596206,0.010075566750629723,0.0017656077294646742
0.7615176151761518,0.0,0.0003444156276293211
0.21002710027100271,0.015113350125944586,0.00294952999487473
0.5338753387533876,0.0025188916876574307,0.0014651003610098856
0.5338753387533876,0.017632241813602016,0.0036236104159065694
0.018970189701897018,0.007556675062972292,0.0012501202915900845
0.3170731707317073,0.0025188916876574307,0.0004778099861564195
0.6775067750677507,0.0,0.0018397577806304468
0.04200542005420054,0.017632241813602016,0.006902306051100297
0.505420054200542,0.0,0.0008344462582443522
0.521680216802168,0.0,0.00017910989610748202
0.037940379403794036,0.05037783375314861,0.011566719494848816
0.489159891598916,0.007556675062972292,0.0011809617712595193
0.0027100271002710027,0.005037783375314861,0.0022187526684250506
0.3604336043360434,0.0,0.00023831977911821988
0.052845528455284556,0.020151133501259445,0.0067505463015346935
0.5555555555555556,0.0,0.0003846404812909764
0.535230352303523,0.0,0.00017151932680290778
0.013550135501355014,0.05289672544080604,0.019735273645789506
0.5907859078590786,0.0,0.0005533714356962855
0.42276422764227645,0.0025188916876574307,0.0008872359998704954
0.997289972899729,0.0025188916876574307,0.0013323084286180709
0.028455284552845527,0.027707808564231738,0.0063040968987636125
0.1002710027100271,0.0,0.0009314024416744355
0.03252032520325203,0.05289672544080604,0.013912652926519897
0.0027100271002710027,0.04030226700251889,0.00576564841904707
0.0013550135501355014,0.07052896725440806,0.010956978185065273
0.016260162601626015,0.015113350125944586,0.0022813017134427896
0.6368563685636857,0.0,0.0006056964485894958
0.11924119241192412,0.020151133501259445,0.007132432834778659
0.023035230352303523,0.015113350125944586,0.00550997876723268
0.991869918699187,0.0,0.00024226136726050452
0.5813008130081301,0.0025188916876574307,0.0004652623103672253
0.8861788617886179,0.0,0.00026042021219548365
0.014905149051490514,0.06801007556675064,0.09782612119378346
0.25745257452574527,0.007556675062972292,0.003414637395664311
0.02032520325203252,0.0025188916876574307,0.00036581036151953826
0.09620596205962059,0.0,0.0002272179260537065
0.6897018970189702,0.030226700251889168,0.00745805276698713
0.3143631436314363,0.0,0.00012143189669789408
0.8401084010840109,0.0025188916876574307,0.0004399432005100174
0.018970189701897018,0.0025188916876574307,0.0033223801360894407
0.8672086720867209,0.010075566750629723,0.001744488390379158
0.7588075880758808,0.0,0.0002289219314077946
0.6937669376693767,0.0,0.0002157718294833168
0.33604336043360433,0.005037783375314861,0.0025126849859176004
0.5623306233062331,0.0,0.00024267445946755614
0.03929539295392954,0.0025188916876574307,0.0015227955725947674
0.012195121951219513,0.060453400503778336,0.01715985028092594
0.7940379403794038,0.0,0.0002293522357901401
0.7831978319783198,0.0025188916876574307,0.0006702937424671989
0.15311653116531165,0.04534005037783375,0.029667335640809027
0.5718157181571816,0.0025188916876574307,0.0005479496004787325
0.04336043360433604,0.010075566750629723,0.005289490801718855
0.014905149051490514,0.02518891687657431,0.003012079039892469
0.08536585365853659,0.0,0.001028324200753931
0.11788617886178862,0.015113350125944586,0.003167040254062723
0.497289972899729,0.012594458438287152,0.005378873628019658
0.9796747967479674,0.0,0.0005774856932829262
0.07588075880758807,0.007556675062972292,0.0006617392913461709
0.516260162601626,0.0,0.0009990635027544385
0.0,0.035264483627204024,0.004575374860953593
0.2859078590785908,0.015113350125944586,0.0035038825245627637
0.9214092140921409,0.0,0.00012628573013075107
0.18157181571815717,0.0025188916876574307,0.0009067029701278049
0.12872628726287264,0.04030226700251889,0.008999988278508625
0.5826558265582655,0.0,0.0003873600049873999
0.535230352303523,0.007556675062972292,0.0008486463028617529
0.07723577235772358,0.0025188916876574307,0.0010989113316338833
0.023035230352303523,0.030226700251889168,0.004766034126683228
0.521680216802168,0.0025188916876574307,0.0016273595375047186
0.013550135501355014,0.0025188916876574307,0.0005127162776522847
0.03929539295392954,0.010075566750629723,0.0027369768421713573
0.45663956639566394,0.007556675062972292,0.0005824772241181337
0.983739837398374,0.0,0.00038794521894738973
0.8075880758807588,0.0,0.0005134564011899189
0.21138211382113822,0.007556675062972292,0.0005518739764457232
0.06910569105691057,0.0025188916876574307,0.0005769521158488177
0.2940379403794038,0.0025188916876574307,0.0004295642588078444
0.6775067750677507,0.0,6.514808348710546e-05
0.05013550135501355,0.035264483627204024,0.009282681045534308
0.04200542005420054,0.0025188916876574307,0.0012795703235178092
0.3523035230352303,0.010075566750629723,0.004230477292416045
0.024390243902439025,0.007556675062972292,0.0026595909020503466
0.18157181571815717,0.012594458438287152,0.002559932407099134
0.03929539295392954,0.007556675062972292,0.0011746276907513937
0.02168021680216802,0.005037783375314861,0.0014596957379676265
0.03523035230352303,0.017632241813602016,0.005241847500505565
0.8401084010840109,0.0,0.0008337577712325993
0.0975609756097561,0.020151133501259445,0.00471520657304058
0.23170731707317074,0.0,0.0008139809818200012
0.9444444444444444,0.0,1.1618218323327925e-05
0.36585365853658536,0.007556675062972292,0.0006264543319938416
0.34688346883468835,0.017632241813602016,0.01894561346765967
0.7642276422764228,0.0,0.00020878368631402624
0.13414634146341464,0.0025188916876574307,0.0010898577274293345
0.02032520325203252,0.030226700251889168,0.01348005932486034
0.04742547425474255,0.0025188916876574307,0.0009815587204806244
0.0027100271002710027,0.007556675062972292,0.002209613003344033
0.9254742547425474,0.0,0.0005883121515427383
0.1802168021680217,0.012594458438287152,0.004287879897020932
0.06775067750677506,0.0025188916876574307,0.001997472942847712
0.0948509485094851,0.0,0.0007575078346809806
0.5853658536585366,0.012594458438287152,0.0035022473679098506
0.023035230352303523,0.012594458438287152,0.0017869852511795976
0.8780487804878049,0.0025188916876574307,0.0005428547965917621
0.0975609756097561,0.0025188916876574307,0.0009714723857584464
0.006775067750677507,0.022670025188916875,0.004221406476036202
0.05420054200542006,0.0025188916876574307,0.0009270133369745115
0.02168021680216802,0.027707808564231738,0.005344242731328494
0.03929539295392954,0.022670025188916875,0.00461105570033768
0.012195121951219513,0.007556675062972292,0.0015288886826487795
0.11653116531165311,0.0,0.0003890123738156065
0.7994579945799458,0.0,0.00027160812613646613
0.25203252032520324,0.0,0.00020933447592342842
0.06639566395663957,0.017632241813602016,0.003403896998280968
0.508130081300813,0.0025188916876574307,0.0006288640365349762
0.8495934959349594,0.0,0.00038032022529222787
0.13008130081300812,0.017632241813602016,0.002535078025974859
0.9363143631436315,0.0,0.00023038496630776927
0.22357723577235772,0.005037783375314861,0.0008553590512263424
0.4092140921409214,0.0327455919395466,0.0029007851144426345
0.06910569105691057,0.0,6.110322229305797e-05
0.028455284552845527,0.012594458438287152,0.0023578098326238156
0.6273712737127372,0.0025188916876574307,0.0005047642526665404
0.27235772357723576,0.005037783375314861,0.0005299628772966915
0.037940379403794036,0.010075566750629723,0.00264766286457173
0.35636856368563685,0.0025188916876574307,0.0010272398337104205
0.03929539295392954,0.0,0.0007516729072563758
0.044715447154471545,0.0,0.0003569116668926338
0.07994579945799458,0.0,0.0015310574167358008
0.2506775067750677,0.03778337531486146,0.005076059828075499
0.005420054200542005,0.017632241813602016,0.0028095777975606865
0.02981029810298103,0.007556675062972292,0.0014013636758968733
0.2750677506775068,0.0,9.785121654536184e-05
0.02981029810298103,0.027707808564231738,0.005925067586618422
0.004065040650406504,0.0,0.00029107509639377557
0.0013550135501355014,0.005037783375314861,0.0016498558506137405
0.07046070460704607,0.015113350125944586,0.0061527674535803555
0.535230352303523,0.015113350125944586,0.0018745952234251368
0.12737127371273713,0.03778337531486146,0.003709258200168614
0.02032520325203252,0.005037783375314861,0.001125228747658133
0.08807588075880758,0.005037783375314861,0.00156481049248698
0.27235772357723576,0.0,0.0004384801656100427
0.04065040650406504,0.0,0.0007347705511178454
0.9363143631436315,0.010075566750629723,0.011696998449647734
0.06639566395663957,0.0025188916876574307,0.002082483876623885
0.7046070460704607,0.0,0.0005226132784462308
0.04200542005420054,0.0025188916876574307,0.00079220758007332
0.15582655826558264,0.020151133501259445,0.007117458242273037
0.04878048780487805,0.0025188916876574307,0.0006458868779005634
0.07723577235772358,0.005037783375314861,0.000700277351829032
0.23441734417344173,0.0,0.0003168761471592105
0.07046070460704607,0.005037783375314861,0.0011081370575913704
0.14227642276422764,0.027707808564231738,0.009195776772475817
0.07046070460704607,0.02518891687657431,0.004278619746712858
0.0027100271002710027,0.015113350125944586,0.005364157218143443
0.004065040650406504,0.015113350125944586,0.0022245703836743617
0.9959349593495935,0.0,0.0007247702772721365
0.3983739837398374,0.0,0.0005240246768203238
0.0027100271002710027,0.03778337531486146,0.009467040655106406
0.43224932249322495,0.0,0.000351180012519792
0.03523035230352303,0.035264483627204024,0.010956857699838216
0.06233062330623306,0.005037783375314861,0.0024418224602329465
0.013550135501355014,0.010075566750629723,0.0010310609366256482
0.012195121951219513,0.015113350125944586,0.002305347122328255
0.01084010840108401,0.04534005037783375,0.009491000003115401
0.45257452574525747,0.007556675062972292,0.0006451123300123415
0.005420054200542005,0.060453400503778336,0.01991564003069344
0.5934959349593496,0.0025188916876574307,0.0025818779305987532
0.23306233062330622,0.005037783375314861,0.0024867978742756963
0.494579945799458,0.005037783375314861,0.0014408311938456009
0.02168021680216802,0.017632241813602016,0.031142315790437563
0.1043360433604336,0.0,0.00044101035537823415
0.3333333333333333,0.02518891687657431,0.006752164246012313
0.13550135501355012,0.005037783375314861,0.001021456542811697
0.513550135501355,0.0025188916876574307,0.0004967605911549144
0.044715447154471545,0.0025188916876574307,0.0002504199383497747
0.025745257452574527,0.0,0.0004864332859786228
0.924119241192412,0.0,2.1738977396093582e-05
0.7073170731707317,0.0,1.88817562973196e-05
0.42140921409214094,0.015113350125944586,0.003043129804122519
0.037940379403794036,0.007556675062972292,0.003421883721463009
0.9959349593495935,0.0,0.0003940727533519894
0.508130081300813,0.0025188916876574307,0.000310542066651085
0.5447154471544715,0.007556675062972292,0.0012526160570076883
0.7317073170731707,0.007556675062972292,0.001600405270994598
0.11924119241192412,0.0025188916876574307,0.0016403030933256708
0.18699186991869918,0.005037783375314861,0.0027125355532541346
0.0027100271002710027,0.012594458438287152,0.0038261977191148206
0.004065040650406504,0.0025188916876574307,0.001039546539045501
0.02168021680216802,0.030226700251889168,0.005408564630401497
0.0,0.04534005037783375,0.017674442685685247
0.556910569105691,0.007556675062972292,0.0026180062865404797
0.0027100271002710027,0.005037783375314861,0.02132717610218896
0.08807588075880758,0.017632241813602016,0.0015479425606990372
0.5474254742547425,0.007556675062972292,0.0019533237132190657
0.6842818428184282,0.0025188916876574307,0.0004272061907925912
0.037940379403794036,0.005037783375314861,0.0009364283968602306
0.023035230352303523,0.0025188916876574307,0.0008326734041890887
0.5609756097560976,0.0025188916876574307,0.0007226531797109968
0.02032520325203252,0.012594458438287152,0.0018858519860672945
0.07723577235772358,0.005037783375314861,0.0005282416597673096
0.6395663956639567,0.0025188916876574307,0.0008671493913026086
0.12872628726287264,0.007556675062972292,0.0025030633799283555
0.6273712737127372,0.0,0.0004960204676172801
0.3008130081300813,0.005037783375314861,0.0029640398586474196
0.7913279132791328,0.0,0.000692187629440937
0.5636856368563685,0.005037783375314861,0.0011720975009832024
0.8644986449864499,0.0,0.00027453419593641536
0.03387533875338753,0.015113350125944586,0.0018801203316944528
0.06097560975609756,0.035264483627204024,0.02055059717728243
0.3523035230352303,0.0,0.00026162506446605096
0.08536585365853659,0.0,0.0003754147553334894
0.09620596205962059,0.0,0.0004050024846635645
0.05420054200542006,0.017632241813602016,0.006980914055667169
0.9905149051490515,0.0,0.0005334913732319244
0.1937669376693767,0.012594458438287152,0.0027557381132416203
0.8252032520325203,0.0,0.00016938501706647422
0.02981029810298103,0.0025188916876574307,0.0008386976655419255
0.17479674796747968,0.0,0.00018657998018499952
0.06775067750677506,0.0,0.0012842864595483156
0.494579945799458,0.0025188916876574307,0.001674073381252144
0.0013550135501355014,0.02518891687657431,0.00784073106029461
0.6666666666666666,0.02518891687657431,0.01075470070101231
0.8929539295392954,0.0,0.0005238525550673857
0.01084010840108401,0.015113350125944586,0.0032543937648963845
0.5989159891598916,0.0,0.0012386053463185197
0.5609756097560976,0.0025188916876574307,0.0007868201692063546
0.573170731707317,0.005037783375314861,0.001588976386599502
0.04065040650406504,0.010075566750629723,0.003312224952666087
0.27235772357723576,0.005037783375314861,0.0015480114094002125
0.1070460704607046,0.0,0.001655604717161876
0.10975609756097561,0.030226700251889168,0.010996118671683418
0.4173441734417344,0.0,0.000651257076592235
0.044715447154471545,0.012594458438287152,0.007799903780497671
0.051490514905149054,0.007556675062972292,0.003386753671688324
0.0,0.04534005037783375,0.01142518377740774
0.23848238482384823,0.012594458438287152,0.0014354954195045168
0.03116531165311653,0.0025188916876574307,0.0008294030908832632
0.25745257452574527,0.0025188916876574307,0.00018804301508497414
0.8021680216802168,0.0,0.00031319274164633317
0.0013550135501355014,0.2644836272040302,0.08635663671960449
0.5691056910569106,0.0,0.00027143600438352795
0.0027100271002710027,0.005037783375314861,0.0010645558297474203
0.06775067750677506,0.02518891687657431,0.0094812579118991
0.023035230352303523,0.005037783375314861,0.00296206045848863
0.01084010840108401,0.015113350125944586,0.007398257670016403
0.04878048780487805,0.020151133501259445,0.0042781550179799245
0.024390243902439025,0.007556675062972292,0.00225520805569736
0.028455284552845527,0.020151133501259445,0.0038743573855869267
0.04336043360433604,0.0,0.0002548951039261677
0.532520325203252,0.0025188916876574307,0.00144718248652902
0.7560975609756098,0.0,0.000657918188430943
0.26016260162601623,0.0,0.00023477407100769312
0.016260162601626015,0.010075566750629723,0.0015036900580186283
0.24796747967479674,0.012594458438287152,0.002767098148935541
0.04878048780487805,0.0,0.00025491231610146156
0.5826558265582655,0.0025188916876574307,0.0010646763149744771
0.15311653116531165,0.0,0.0007746511612736245
0.524390243902439,0.0,0.0002906447920114301
0.32926829268292684,0.0,0.00018864544122025785
0.06097560975609756,0.0,0.0006722903548012821
0.13414634146341464,0.0025188916876574307,0.0004913559681126552
0.521680216802168,0.0,0.0008414344014136427
0.01084010840108401,0.012594458438287152,0.0028611110503903815
0.07588075880758807,0.0025188916876574307,0.00262900486655323
0.4051490514905149,0.0025188916876574307,0.0004936968239526145
0.037940379403794036,0.015113350125944586,0.002364057852255472
0.016260162601626015,0.010075566750629723,0.0018645777374041341
0.03387533875338753,0.027707808564231738,0.0205846428600136
0.004065040650406504,0.1385390428211587,0.02106290036272766
0.6747967479674797,0.005037783375314861,0.001670923553173375
0.4092140921409214,0.005037783375314861,0.0010881537220752463
0.11382113821138211,0.0,0.0006335113238643075
0.058265582655826556,0.015113350125944586,0.004664533928975576
0.6422764227642277,0.010075566750629723,0.0036893265011783707
0.41192411924119243,0.0,0.00013124283661537098
0.03252032520325203,0.0,0.00047646743648350153
0.2588075880758808,0.0025188916876574307,0.0007575250468562744
0.3915989159891599,0.0,0.00015671685605022332
0.8279132791327913,0.0,0.0003553453589408963
0.014905149051490514,0.04282115869017632,0.01090062552315331
0.009485094850948509,0.047858942065491177,0.010881588857278345
0.03116531165311653,0.0025188916876574307,0.0005470201430128663
0.8102981029810298,0.0,0.00030276216341827873
0.08265582655826559,0.020151133501259445,0.004770371594857271
0.7615176151761518,0.0025188916876574307,0.0007392629288695323
0.12059620596205962,0.0,0.0006466442136134914
0.44986449864498645,0.0,0.0005872622088498154
0.1070460704607046,0.007556675062972292,0.004073433405035239
0.34552845528455284,0.005037783375314861,0.001693092834951814
0.012195121951219513,0.0025188916876574307,0.001421484708815348
0.01084010840108401,0.007556675062972292,0.0024551446839103626
0.9065040650406504,0.0,0.00020250124233178222
0.9878048780487805,0.0,0.00027892330063633927
0.26287262872628725,0.007556675062972292,0.001210945380621352
0.12737127371273713,0.017632241813602016,0.003258006600490557
0.12466124661246612,0.005037783375314861,0.0017008727381846204
0.02168021680216802,0.022670025188916875,0.002959168813039269
0.21002710027100271,0.0025188916876574307,0.0024821350959886006
0.4363143631436314,0.010075566750629723,0.0015138280292666876
0.37533875338753386,0.0,0.0002749645003187608
0.05420054200542006,0.020151133501259445,0.006685553127625233
0.3157181571815718,0.0,0.00045453912515917594
0.5650406504065041,0.0,0.001542073208923845
0.5040650406504065,0.0,0.0005487929970681297
0.08807588075880758,0.0,0.00023647807636178125
0.11382113821138211,0.0025188916876574307,0.0011371395729614557
0.45528455284552843,0.007556675062972292,0.002852745933197585
0.018970189701897018,0.012594458438287152,0.0019239597421678103
0.04742547425474255,0.010075566750629723,0.002589227529449214
0.03116531165311653,0.0025188916876574307,0.0009788908333100827
0.518970189701897,0.0,0.0020452883658139413
0.0013550135501355014,0.012594458438287152,0.004141404285270531
0.36314363143631434,0.0,0.0005145579804087233
0.013550135501355014,0.022670025188916875,0.006919225619414122
0.12059620596205962,0.0,0.00042992571448901467
0.11517615176151762,0.0,0.0010744011940154849
0.6273712737127372,0.007556675062972292,0.000760692087110337
0.516260162601626,0.0,0.0005452817133081905
0.5853658536585366,0.0,0.00017661413068987826
0.516260162601626,0.005037783375314861,0.0014541017809971352
0.02981029810298103,0.010075566750629723,0.0014113467375672884
0.19647696476964768,0.010075566750629723,0.0019780920334668715
0.005420054200542005,0.005037783375314861,0.0016721111932686487
0.7357723577235772,0.0,0.0005203756956580342
0.09078590785907859,0.007556675062972292,0.005157129173709386
0.35636856368563685,0.0,0.0015820570921313867
0.0989159891598916,0.005037783375314861,0.0023430073618711314
0.7872628726287263,0.005037783375314861,0.0027382505431431
0.5230352303523035,0.0,0.0002135170345198265
0.04336043360433604,0.027707808564231738,0.010931710711733947
0.012195121951219513,0.007556675062972292,0.0015000066525057507
0.02032520325203252,0.007556675062972292,0.001173267928903182
0.5840108401084011,0.0,0.0017803069271655955
0.04336043360433604,0.0,0.0012217718388811644
0.25338753387533874,0.015113350125944586,0.00208787128749085
0.08130081300813008,0.0025188916876574307,0.0015343965787428017
0.012195121951219513,0.0025188916876574307,0.00028450004543153666
0.012195121951219513,0.0,0.00027062703214471843
0.03116531165311653,0.007556675062972292,0.0025187436716210244
0.5230352303523035,0.0,0.0004653483712436944
0.07317073170731707,0.0025188916876574307,0.0015434846072979382
0.02168021680216802,0.007556675062972292,0.004511844721944107
0.01084010840108401,0.047858942065491177,0.0106461262992589
0.005420054200542005,0.05289672544080604,0.01724300229977038
0.524390243902439,0.0,0.0011016652796808945
0.14905149051490515,0.005037783375314861,0.0025321003196490284
0.11924119241192412,0.017632241813602016,0.007745702640497436
0.058265582655826556,0.0,0.0004069990969976475
0.024390243902439025,0.0025188916876574307,0.002042465569065755
0.5934959349593496,0.007556675062972292,0.006539060303699538
0.47560975609756095,0.007556675062972292,0.0020913481469002015
0.6693766937669376,0.0,0.0009399568927954635
0.5447154471544715,0.0025188916876574307,0.0003864477596968275
0.03929539295392954,0.0,0.0006024777718095516
0.11382113821138211,0.022670025188916875,0.008060065810063749
0.7439024390243902,0.0,0.0002015545726906222
0.55420054200542,0.0,0.00034920061236100287
0.005420054200542005,0.0025188916876574307,0.001228295253317522
0.03523035230352303,0.030226700251889168,0.004464872695567275
0.012195121951219513,0.022670025188916875,0.006929174256733949
0.016260162601626015,0.060453400503778336,0.012154980009865674
0.1016260162601626,0.0025188916876574307,0.0017168112125066969
0.03252032520325203,0.0,0.0002287670218301503
0.016260162601626015,0.02518891687657431,0.009650505231563224
0.06775067750677506,0.017632241813602016,0.001838587352710467
0.052845528455284556,0.015113350125944586,0.005919611327050281
0.009485094850948509,0.022670025188916875,0.002496884208997874
0.505420054200542,0.007556675062972292,0.001011198086336581
0.02981029810298103,0.015113350125944586,0.0016430398291973878
0.02168021680216802,0.04282115869017632,0.011330069296734096
0.2127371273712737,0.007556675062972292,0.0008426564658595039
0.028455284552845527,0.012594458438287152,0.00302510865658989
0.559620596205962,0.005037783375314861,0.001093902588623382
0.6463414634146342,0.0,8.4511780692652e-05
0.03252032520325203,0.017632241813602016,0.0030043335610102505
0.5474254742547425,0.0025188916876574307,0.0006105330698470589
0.5365853658536586,0.0025188916876574307,0.0007131864832993963
0.0027100271002710027,0.02518891687657431,0.00616726010517775
0.8455284552845529,0.0,7.44426581457678e-05
0.7791327913279132,0.0025188916876574307,0.002469052121547769
0.03252032520325203,0.02518891687657431,0.005961299215611911
0.03523035230352303,0.030226700251889168,0.007086407478042987
0.08943089430894309,0.020151133501259445,0.006373788996528287
0.03929539295392954,0.017632241813602016,0.002218236303166236
0.2859078590785908,0.010075566750629723,0.0022316273755448274
0.18699186991869918,0.0,0.0006166606042516585
0.2940379403794038,0.0025188916876574307,0.0006640457228355427
0.04065040650406504,0.0025188916876574307,0.0022601651621819794
0.521680216802168,0.0,0.000381352955809857
0.3523035230352303,0.0,0.0005720810702406669
0.004065040650406504,0.020151133501259445,0.0021088701413493095
0.06775067750677506,0.015113350125944586,0.0019228581629490056
0.559620596205962,0.0,0.0003229520450379286
0.024390243902439025,0.0,0.00030174664507594343
0.06775067750677506,0.007556675062972292,0.0018383119579057662
0.0948509485094851,0.017632241813602016,0.00523250128932102
0.037940379403794036,0.015113350125944586,0.00940111802373108
0.004065040650406504,0.020151133501259445,0.00491715702576296
0.5528455284552846,0.0025188916876574307,0.0021856880796856243
0.15176151761517614,0.0025188916876574307,0.0013656656243374924
0.02981029810298103,0.06297229219143577,0.015001236952977488
0.014905149051490514,0.0025188916876574307,0.0004845399466963027
0.024390243902439025,0.027707808564231738,0.0074077243664280035
0.5447154471544715,0.0,0.0001489713771680047
0.0948509485094851,0.0025188916876574307,0.00280355353620785
0.5420054200542005,0.010075566750629723,0.0026986281156167282
0.2886178861788618,0.0,0.0005307374251849134
0.7642276422764228,0.0,0.00015637261254434692
0.12466124661246612,0.012594458438287152,0.003422262389319473
0.18699186991869918,0.0025188916876574307,0.0005105475435652635
0.573170731707317,0.0,0.0005507551850516251
0.2127371273712737,0.017632241813602016,0.0041831265981827495
0.025745257452574527,0.005037783375314861,0.0015649826142399182
0.5094850948509485,0.012594458438287152,0.002332249752312494
0.15447154471544716,0.0025188916876574307,0.0010363622866161448
0.7533875338753387,0.0,0.0002384402643452766
0.06775067750677506,0.0,0.0017771570990868268
0.4363143631436314,0.0025188916876574307,0.0008236197999845399
0.6747967479674797,0.0,0.0006837536635469656
0.05962059620596206,0.0,0.0003901828017355862
0.07181571815718157,0.010075566750629723,0.0035801668854649697
0.023035230352303523,0.0025188916876574307,0.0008459612035159171
0.028455284552845527,0.020151133501259445,0.009802901831614698
0.6449864498644986,0.0,0.0002321061838371512
0.535230352303523,0.0025188916876574307,0.0008380780272313481
0.12466124661246612,0.012594458438287152,0.004807618742193095
0.06910569105691057,0.007556675062972292,0.0013950984440899233
0.535230352303523,0.005037783375314861,0.0007485919278787823
0.24390243902439024,0.015113350125944586,0.001937213117144051
0.013550135501355014,0.030226700251889168,0.009421170207948379
0.5121951219512195,0.0025188916876574307,0.00034947600716570394
0.1002710027100271,0.0025188916876574307,0.0008253582296892157
0.005420054200542005,0.05037783375314861,0.00804223399645935
0.07046070460704607,0.007556675062972292,0.002424627497114421
0.11382113821138211,0.0327455919395466,0.015582285566546235
0.516260162601626,0.007556675062972292,0.0006583829171638762
0.03929539295392954,0.0,0.0017385329777274965
0.07859078590785908,0.012594458438287152,0.005326634676002917
0.3617886178861789,0.0,0.0005693615465442436
0.13279132791327913,0.0,0.00019339600160135192
0.01084010840108401,0.020151133501259445,0.008544072179325943
0.556910569105691,0.0,0.00020310366846706593
0.02981029810298103,0.007556675062972292,0.000770881694884278
0.04336043360433604,0.027707808564231738,0.00570034542598232
0.03116531165311653,0.012594458438287152,0.0021777704790504676
0.8482384823848238,0.0,0.018848278616373126
0.009485094850948509,0.022670025188916875,0.003136196035936199
0.004065040650406504,0.017632241813602016,0.002556025243307437
0.014905149051490514,0.0327455919395466,0.006694503458778018
0.05420054200542006,0.030226700251889168,0.008376219045860618
0.2005420054200542,0.005037783375314861,0.002316758794548057
0.34146341463414637,0.010075566750629723,0.001980949254565645
0.08672086720867209,0.047858942065491177,0.043481139044616514
0.2777777777777778,0.012594458438287152,0.0024615476131196637
0.9932249322493225,0.0,0.0003464638764892856
0.0989159891598916,0.0025188916876574307,0.0019190714843843658
0.15853658536585366,0.015113350125944586,0.0035607343395582477
0.3143631436314363,0.0,0.00030491368533000615
0.42005420054200543,0.0,0.0005704975501136355
0.06233062330623306,0.0327455919395466,0.004814107732278865
0.575880758807588,0.0025188916876574307,0.0012304984117551307
0.3346883468834688,0.0,0.00012039916618026493
0.012195121951219513,0.02518891687657431,0.004243627394340523
0.07859078590785908,0.015113350125944586,0.0029667249579932555
0.07859078590785908,0.04282115869017632,0.009150663661030716
0.0013550135501355014,0.0327455919395466,0.00879762473357919
0.044715447154471545,0.007556675062972292,0.0017965896449935485
0.7371273712737128,0.0025188916876574307,0.0003820930793474912
0.8861788617886179,0.0,0.00035128328557155493
0.0989159891598916,0.030226700251889168,0.011954337682465625
0.575880758807588,0.0,0.0005027676403324573
0.058265582655826556,0.027707808564231738,0.005336084160239224
0.8780487804878049,0.0,0.000665818576890806
0.016260162601626015,0.060453400503778336,0.007011465666813699
0.03116531165311653,0.0,0.000380216952240465
0.05013550135501355,0.035264483627204024,0.0087561089667705
0.08943089430894309,0.0025188916876574307,0.00022243294132202483
0.6097560975609756,0.012594458438287152,0.0020186955549849907
0.058265582655826556,0.0025188916876574307,0.0005530099800151153
0.14905149051490515,0.010075566750629723,0.0018617033041300663
0.24254742547425473,0.007556675062972292,0.00047811980531170826
0.494579945799458,0.010075566750629723,0.0014981305253987246
0.01084010840108401,0.12594458438287154,0.4213218644248932
0.04200542005420054,0.027707808564231738,0.014150852220411061
0.9336043360433605,0.0,0.00035973446364082014
0.08536585365853659,0.005037783375314861,0.0014408828303714822
0.4078590785907859,0.0,0.0009074258814901453
0.09078590785907859,0.005037783375314861,0.004318087264661585
0.2682926829268293,0.0025188916876574307,0.0006164884824987203
0.023035230352303523,0.007556675062972292,0.0023232994211597083
0.6029810298102981,0.0,0.00018706192109322646
0.044715447154471545,0.0025188916876574307,0.0011299104593380518
0.1910569105691057,0.0025188916876574307,0.0005839574711934022
0.23035230352303523,0.0,0.0001921050884543155
0.35365853658536583,0.012594458438287152,0.003160155383945195
0.42276422764227645,0.010075566750629723,0.0008579236653451216
0.025745257452574527,0.0025188916876574307,0.00036964867661005995
0.14363143631436315,0.0,0.0005859196591768976
0.15447154471544716,0.0025188916876574307,0.0007478173799905604
0.1111111111111111,0.012594458438287152,0.0071586986142770275
0.8699186991869918,0.0,0.0007415349360083164
0.9796747967479674,0.0,0.0005249713464614839
0.7018970189701897,0.0,2.0482488599644784e-05
0.5311653116531165,0.012594458438287152,0.0020482316477891845
0.05420054200542006,0.005037783375314861,0.0016164470183684374
0.991869918699187,0.0,0.0008302464874726603
0.5880758807588076,0.0,5.482077831081397e-05
0.01084010840108401,0.0025188916876574307,0.0003757762110146596
0.17208672086720866,0.015113350125944586,0.0029261902851763113
0.575880758807588,0.015113350125944586,0.004371617129825362
0.5528455284552846,0.0025188916876574307,0.0020353569406694077
0.6409214092140921,0.012594458438287152,0.001762664447489431
0.03929539295392954,0.005037783375314861,0.0016837466237672701
0.524390243902439,0.007556675062972292,0.000608897913194146
0.028455284552845527,0.010075566750629723,0.0036875192227725203
0.10569105691056911,0.020151133501259445,0.005908784868790469
0.7710027100271003,0.0,0.00018287936249682842
0.08672086720867209,0.007556675062972292,0.000780503300873523
0.508130081300813,0.0,0.000606815239983594
0.08807588075880758,0.007556675062972292,0.0010134184569494838
0.005420054200542005,0.0025188916876574307,0.000751277027224618
0.5040650406504065,0.0,0.00026231355147780377
0.8021680216802168,0.0,8.18094691715224e-05
0.05013550135501355,0.0,0.0010537121593123143
0.978319783197832,0.0,0.00042968474403490113
0.6097560975609756,0.007556675062972292,0.0013703989725432927
0.13008130081300812,0.0025188916876574307,0.0004781714418375897
0.535230352303523,0.0025188916876574307,3.683405512877297e-05
0.02981029810298103,0.017632241813602016,0.003859606551360124
0.39295392953929537,0.0,0.0003737623865052827
0.12872628726287264,0.012594458438287152,0.0053308516589499035
0.05420054200542006,0.007556675062972292,0.002466332597851345
0.023035230352303523,0.022670025188916875,0.0038446491710297953
0.04336043360433604,0.007556675062972292,0.001332051967206193
0.1016260162601626,0.027707808564231738,0.005038416800707916
0.6680216802168022,0.0,0.0009641399990832795
0.5704607046070461,0.0,0.0017870713120560666
0.02981029810298103,0.0579345088161209,0.027460338888109653
0.07181571815718157,0.010075566750629723,0.0028673418578467435
0.004065040650406504,0.010075566750629723,0.003519631664956608
0.0027100271002710027,0.010075566750629723,0.0017791020748950282
0.024390243902439025,0.0,0.0011757636943207858
0.7940379403794038,0.0,0.00022183051518674118
0.006775067750677507,0.0579345088161209,0.008121220668882687
0.986449864498645,0.0,0.00027126388263058976
0.0013550135501355014,0.035264483627204024,0.008287163250890397
0.7073170731707317,0.0025188916876574307,0.0006240274152774131
0.14498644986449866,0.015113350125944586,0.002106976802066989
0.03523035230352303,0.02518891687657431,0.01219845796465786
0.016260162601626015,0.0025188916876574307,0.0006605000147250159
0.3252032520325203,0.0025188916876574307,0.0014534993548618515
0.005420054200542005,0.020151133501259445,0.001447475093509015
0.018970189701897018,0.010075566750629723,0.0024101348455170257
0.10569105691056911,0.010075566750629723,0.006643779178187134
0.13550135501355012,0.012594458438287152,0.0013512590336165657
0.07181571815718157,0.04282115869017632,0.009280650008849638
0.2859078590785908,0.0,0.0010496500859429729
0.37262872628726285,0.0,0.00020222584752708115
0.06775067750677506,0.010075566750629723,0.0031232696922905406
0.08536585365853659,0.0,0.00043620815847125857
0.16531165311653118,0.012594458438287152,0.0032653734115163117
0.07723577235772358,0.012594458438287152,0.005987461722058517
0.056910569105691054,0.08564231738035265,0.033681610799359406
0.8035230352303523,0.0,0.00028296816183038674
0.02981029810298103,0.0,0.0001529301774855831
0.09078590785907859,0.022670025188916875,0.01059164976445396
0.8794037940379403,0.0,0.0006290189461126206
0.592140921409214,0.0,0.00022253621437378775
0.6897018970189702,0.0,0.0003763270006240618
0.0013550135501355014,0.005037783375314861,0.0006811718372528926
0.6355013550135501,0.0,0.0007697456913148859
0.012195121951219513,0.017632241813602016,0.0043798101252652205
0.02981029810298103,0.0,4.655893416978079e-05
0.014905149051490514,0.035264483627204024,0.014966296237131034
0.02168021680216802,0.012594458438287152,0.004529366716393215
0.058265582655826556,0.010075566750629723,0.006205660468258261
0.013550135501355014,0.08312342569269522,0.02199518062534208
0.5704607046070461,0.0025188916876574307,0.0007804860886982293
0.023035230352303523,0.005037783375314861,0.001953667956724942
0.518970189701897,0.0,0.0005845254729780982
0.03116531165311653,0.015113350125944586,0.014590433965239907
0.09620596205962059,0.0,0.00016842113525002034
0.07859078590785908,0.0,0.0002584752363872821
0.024390243902439025,0.0025188916876574307,0.0006617909278720523
0.36314363143631434,0.005037783375314861,0.002092570211346063
0.6084010840108401,0.0,0.0009807841725924026
0.0027100271002710027,0.08060453400503778,0.01672631000962522
0.3604336043360434,0.0,0.00031093794668284286
0.02981029810298103,0.015113350125944586,0.0021877707528961763
0.43089430894308944,0.0025188916876574307,0.000560084184060875
0.06097560975609756,0.005037783375314861,0.0005822706780146079
0.5650406504065041,0.005037783375314861,0.0013722062509491436
0.6287262872628726,0.012594458438287152,0.0035400625170303713
0.3428184281842818,0.010075566750629723,0.00244381907256703
0.0027100271002710027,0.012594458438287152,0.0017483439176449735
0.521680216802168,0.0,0.0002923487973655182
0.037940379403794036,0.005037783375314861,0.0031595701699852056
0.4363143631436314,0.0025188916876574307,0.0006871960986057294
0.14634146341463414,0.04282115869017632,0.015165010800898177
0.016260162601626015,0.0025188916876574307,0.0007903314529662937
0.42140921409214094,0.0,0.00019776789412598197
0.0027100271002710027,0.007556675062972292,0.0015700602059515948
0.8414634146341463,0.0,0.00023243321516773374
0.0027100271002710027,0.07052896725440806,0.02164265806314937
0.058265582655826556,0.005037783375314861,0.0014088165477990971
0.13279132791327913,0.0025188916876574307,0.0008534484997687285
0.8563685636856369,0.0,0.00019232884673313512
0.3902439024390244,0.0025188916876574307,0.0009495096500835332
0.02168021680216802,0.022670025188916875,0.004343785042375256
0.8021680216802168,0.0,0.00023683953204295147
0.012195121951219513,0.0,0.0006252839040738619
0.037940379403794036,0.005037783375314861,0.0018334581244729092
0.10569105691056911,0.0025188916876574307,0.00014721573528803515
0.21138211382113822,0.0025188916876574307,0.0008784577904706478
0.3794037940379404,0.010075566750629723,0.0023832494277080804
0.7601626016260162,0.007556675062972292,0.000848921697666454
0.02981029810298103,0.017632241813602016,0.012862297141389877
0.04336043360433604,0.010075566750629723,0.003402933116464514
0.2953929539295393,0.020151133501259445,0.0030797917374983533
0.14634146341463414,0.005037783375314861,0.0007145634573229018
0.13008130081300812,0.02518891687657431,0.007996157003197796
0.0,0.09319899244332494,0.02289418975311355
0.03523035230352303,0.015113350125944586,0.0036125601993679374
0.7818428184281843,0.0025188916876574307,0.0003553453589408963
0.559620596205962,0.0,0.00030370883305943884
0.518970189701897,0.0025188916876574307,0.0004060524273564875
0.5650406504065041,0.0,0.0004013190791506872
0.13279132791327913,0.007556675062972292,0.0013487804803742557
0.07588075880758807,0.007556675062972292,0.004467127490530765
0.4024390243902439,0.0025188916876574307,0.004900099760046785
0.575880758807588,0.0,0.00027031721298942965
0.8766937669376694,0.0025188916876574307,0.001444876055039648
0.12601626016260162,0.017632241813602016,0.007659004913542469
0.1937669376693767,0.007556675062972292,0.0014401254946585541
0.009485094850948509,0.020151133501259445,0.014275537218239485
0.1002710027100271,0.0025188916876574307,0.001213991935648358
0.052845528455284556,0.015113350125944586,0.0019373508145464015
0.8157181571815718,0.0,0.0004321116607513296
0.006775067750677507,0.010075566750629723,0.00300302543568792
0.07317073170731707,0.0025188916876574307,0.0004923026377538152
0.5040650406504065,0.0,0.00021365473192217705
0.1856368563685637,0.0025188916876574307,0.0007922764287744953
0.5420054200542005,0.007556675062972292,0.0009130370506359304
0.04742547425474255,0.005037783375314861,0.000960284471817464
0.04200542005420054,0.007556675062972292,0.0036405127720451
0.22899728997289973,0.005037783375314861,0.0022075647544840685
0.016260162601626015,0.030226700251889168,0.003069154613166773
0.7303523035230353,0.0,0.0006134419274717144
0.024390243902439025,0.020151133501259445,0.004394509322966142
0.5813008130081301,0.007556675062972292,0.0008109516389682891
0.07859078590785908,0.0,0.00016036583721251298
0.01084010840108401,0.03778337531486146,0.015878007950269342
0.7493224932249323,0.0,0.0005365207160836365
0.014905149051490514,0.030226700251889168,0.0079003540355124
0.6761517615176151,0.005037783375314861,0.0013166625612759894
0.8008130081300813,0.0,0.0003162048723227515
0.4024390243902439,0.0,0.00020559943388466967
0.058265582655826556,0.0,0.0006655776064366925
0.0027100271002710027,0.08564231738035265,0.013284270830893147
0.0027100271002710027,0.020151133501259445,0.001962893682682429
0.025745257452574527,0.007556675062972292,0.0014925365684282333
0.6395663956639567,0.012594458438287152,0.002412510125707573
0.0013550135501355014,0.37783375314861456,0.9098348459077424
0.05420054200542006,0.0025188916876574307,0.0018466254385726807
0.1951219512195122,0.09068010075566751,0.028393238789034655
0.012195121951219513,0.027707808564231738,0.024253263114313507
0.4146341463414634,0.005037783375314861,0.0010034181831037746
0.9024390243902439,0.0,0.0006676602796472446
0.056910569105691054,0.0,0.00028663435516797025
0.42005420054200543,0.0025188916876574307,0.0009617475067174386
0.14227642276422764,0.005037783375314861,0.0026681969896972563
0.023035230352303523,0.0327455919395466,0.006255558564435043
0.2953929539295393,0.015113350125944586,0.0014251336899776376
0.013550135501355014,0.007556675062972292,0.003918420554339105
0.4905149051490515,0.0025188916876574307,0.00043779167859828996
0.7737127371273713,0.0,0.00039037213566381823
0.005420054200542005,0.027707808564231738,0.006775211348730737
0.6937669376693767,0.005037783375314861,0.0017214240754854402
0.2764227642276423,0.010075566750629723,0.001834817886321121
0.535230352303523,0.0,0.00016764658736179847
0.0013550135501355014,0.035264483627204024,0.003528065630850579
0.025745257452574527,0.0025188916876574307,0.0010446757672830593
0.21951219512195122,0.0025188916876574307,0.0013329280669286485
0.04742547425474255,0.007556675062972292,0.00042171550687386284
0.01084010840108401,0.0,0.00013399678466238205
0.08130081300813008,0.010075566750629723,0.001318228869227727
0.23170731707317074,0.0025188916876574307,0.0012293968325363263
0.2588075880758808,0.007556675062972292,0.002459327242506761
0.4986449864498645,0.012594458438287152,0.0011839911141112314
0.024390243902439025,0.015113350125944586,0.00456842114213489
0.2669376693766938,0.02518891687657431,0.007157011821098234
0.43766937669376693,0.005037783375314861,0.0007158027339440568
0.01084010840108401,0.012594458438287152,0.003081168711521859
0.3997289972899729,0.005037783375314861,0.004238085073895914
0.6260162601626016,0.0,6.368504858713084e-05
0.14905149051490515,0.0,0.0009383561604931383
0.023035230352303523,0.02518891687657431,0.00653735629834545
0.02981029810298103,0.015113350125944586,0.01929794669592415
0.013550135501355014,0.08060453400503778,0.010524470644282186
0.6260162601626016,0.0025188916876574307,0.0014737925095332643
0.08807588075880758,0.005037783375314861,0.00046541721994486975
0.2005420054200542,0.030226700251889168,0.011487336942393721
0.08130081300813008,0.017632241813602016,0.004793780153256865
0.3319783197831978,0.0,0.00045345475811566535
0.04878048780487805,0.0025188916876574307,0.001044606918581884
0.2859078590785908,0.0025188916876574307,0.016973459634669168
0.2046070460704607,0.0025188916876574307,0.0012611532959534225
0.044715447154471545,0.012594458438287152,0.0023538166079556497
0.3075880758807588,0.010075566750629723,0.0012297410760422026
0.004065040650406504,0.06297229219143577,0.01142062255095488
0.5149051490514905,0.0,0.00025725317194142094
0.02981029810298103,0.012594458438287152,0.010962055776776948
0.03116531165311653,0.005037783375314861,0.00096675624972794
0.025745257452574527,0.0,0.00028808017789265104
0.5718157181571816,0.0,0.0005147989508628368
0.7073170731707317,0.020151133501259445,0.001076397806349568
0.08265582655826559,0.020151133501259445,0.007533924035682284
0.6097560975609756,0.0,9.127616558312294e-05
0.005420054200542005,0.012594458438287152,0.0029810110634871253
0.1002710027100271,0.007556675062972292,0.0020198659829049706
0.18157181571815717,0.007556675062972292,0.0031689508055203364
0.009485094850948509,0.0579345088161209,0.007789524838795499
0.3807588075880759,0.0025188916876574307,0.0006785039500823507
0.0013550135501355014,0.017632241813602016,0.0028546220603046114
0.012195121951219513,0.017632241813602016,0.005230315343058706
0.014905149051490514,0.03778337531486146,0.00981192101146866
0.5121951219512195,0.0,0.001294699825601076
0.07994579945799458,0.005037783375314861,0.0019468347231332958
0.0013550135501355014,0.010075566750629723,0.002139387328145251
0.005420054200542005,0.08816120906801007,0.032131069200191
0.01084010840108401,0.07052896725440806,0.020925461143006512
0.5853658536585366,0.0,0.0008710909794448932
0.9986449864498645,0.0,0.0001333082976506293
0.014905149051490514,0.012594458438287152,0.002848477313724718
0.924119241192412,0.0,0.00021735534961034815
0.6192411924119241,0.015113350125944586,0.0023847813113092304
0.07046070460704607,0.0,0.0015738640966915288
0.7113821138211383,0.0,0.00022900799228426372
0.5745257452574526,0.0,0.00045669064707090336
0.7317073170731707,0.0,0.0002111933908551609
0.8563685636856369,0.0,0.0014033775004062502
0.10840108401084012,0.010075566750629723,0.0022190452754050458
0.04065040650406504,0.027707808564231738,0.0058472685542903585
0.8157181571815718,0.0,0.0005615816433114373
0.9065040650406504,0.0025188916876574307,0.0008000907563578891
0.7317073170731707,0.0,0.0005005989062454361
0.6544715447154471,0.005037783375314861,0.0014004686427815949
0.8102981029810298,0.0,0.0008384566950878121
0.04200542005420054,0.012594458438287152,0.004935367507223821
0.573170731707317,0.0,0.0005941815033179308
0.6937669376693767,0.007556675062972292,0.005366687407911634
0.5691056910569106,0.010075566750629723,0.0037177954391143476
0.0013550135501355014,0.10579345088161209,0.02164794220096457
0.16531165311653118,0.03778337531486146,0.01596005838989498
0.31978319783197834,0.0025188916876574307,0.0014665461837345664
0.012195121951219513,0.060453400503778336,0.055162250656468056
0.016260162601626015,0.0327455919395466,0.0047483227983058885
0.06368563685636856,0.015113350125944586,0.005249902798543072
0.2140921409214092,0.005037783375314861,0.0015563076778918332
0.013550135501355014,0.02518891687657431,0.003098380886815678
0.8468834688346883,0.0,0.0002927963139231575
0.7466124661246613,0.0,0.0004115603234505096
0.004065040650406504,0.04282115869017632,0.013026862749374082
0.04878048780487805,0.012594458438287152,0.0021339654929276976
0.6612466124661247,0.005037783375314861,0.000741672633410667
0.559620596205962,0.007556675062972292,0.0019936002034066026
0.5785907859078591,0.0,0.0007477829556399728
0.35365853658536583,0.0025188916876574307,0.0009061349683431089
0.013550135501355014,0.04030226700251889,0.010310385607977663
0.0013550135501355014,0.03778337531486146,0.008217488365301017
0.3346883468834688,0.0,0.00034985467502216796
0.7276422764227642,0.0,0.0006821873555952281
0.024390243902439025,0.0025188916876574307,0.000518981509459235
0.13279132791327913,0.0025188916876574307,0.0004625772110213896
0.03252032520325203,0.010075566750629723,0.005355482281795359
0.3346883468834688,0.007556675062972292,0.0021284575968336756
0.6273712737127372,0.007556675062972292,0.0010766043524530937
0.04200542005420054,0.005037783375314861,0.0017479480376132157
0.004065040650406504,0.030226700251889168,0.004798754471916779
0.42953929539295393,0.005037783375314861,0.0022995466192542377
0.052845528455284556,0.0025188916876574307,0.0003266354505508059
0.8753387533875339,0.0,0.00016015929110898715
0.07994579945799458,0.005037783375314861,0.003658396222175378
0.5840108401084011,0.0,0.0008730875917789762
0.6991869918699187,0.0,0.00025511886220498734
0.09620596205962059,0.005037783375314861,0.001772940116139841
0.04065040650406504,0.11335012594458438,0.04528392507271584
0.044715447154471545,0.022670025188916875,0.02762514546654797
0.5840108401084011,0.007556675062972292,0.002669092022812535
0.5271002710027101,0.0025188916876574307,0.0008609530081968336
0.2872628726287263,0.022670025188916875,0.002652430637128118
0.02981029810298103,0.010075566750629723,0.0032952021113005
0.009485094850948509,0.08564231738035265,0.02232506917702342
0.516260162601626,0.0025188916876574307,0.0005134391890146251
0.004065040650406504,0.0025188916876574307,0.0016043468591368825
0.6300813008130082,0.0,0.00047806816878582674
0.005420054200542005,0.0025188916876574307,0.0005183274467980697
0.02981029810298103,0.010075566750629723,0.003608687459926828
0.03116531165311653,0.04030226700251889,0.04436052629255303
0.12872628726287264,0.015113350125944586,0.003845492567619192
0.3428184281842818,0.0025188916876574307,0.00043942683525120276
0.3224932249322493,0.005037783375314861,0.0013381605682179693
0.7154471544715447,0.0,0.0005396533319871117
0.6165311653116531,0.0,0.001680338613059094
0.023035230352303523,0.030226700251889168,0.011050750116066
0.03116531165311653,0.0025188916876574307,0.0005601702449373441
0.5813008130081301,0.0,0.00010039861848884708
0.14227642276422764,0.030226700251889168,0.010068588969450091
0.02032520325203252,0.005037783375314861,0.0011760907256513685
0.9986449864498645,0.0,0.0001451846986033645
0.06775067750677506,0.0,9.158598473841167e-05
0.044715447154471545,0.0,0.00021107290562810417
0.35636856368563685,0.0025188916876574307,0.00040983910592112767
0.004065040650406504,0.010075566750629723,0.002499689793570767
0.42140921409214094,0.0,5.654199584019588e-05
0.1070460704607046,0.0025188916876574307,0.0004324214799066184
0.028455284552845527,0.005037783375314861,0.000801157911226106
0.8441734417344173,0.0,0.00034025028120821687
0.7032520325203252,0.007556675062972292,0.0006433050516064906
0.0989159891598916,0.007556675062972292,0.001579836721518484
0.08672086720867209,0.020151133501259445,0.010243826126116464
0.3319783197831978,0.0025188916876574307,0.0002539656464603015
0.537940379403794,0.0,0.00030370883305943884
0.013550135501355014,0.022670025188916875,0.009770629002938788
0.03929539295392954,0.015113350125944586,0.0025007913727895714
0.004065040650406504,0.08060453400503778,0.022350009619024162
0.38482384823848237,0.0,0.00029871730222423126
0.14498644986449866,0.012594458438287152,0.0037088451079615617
0.0027100271002710027,0.015113350125944586,0.0023041078457071
0.35772357723577236,0.0025188916876574307,0.0005000136922854462
0.532520325203252,0.0,8.41503250114818e-05
0.6178861788617886,0.0,0.0002255655572254999
0.03387533875338753,0.005037783375314861,0.001738963282109842
0.42953929539295393,0.0,0.0002651879847518716
0.2018970189701897,0.017632241813602016,0.0034027093581856945
0.21951219512195122,0.005037783375314861,0.0014502978902572012
0.005420054200542005,0.05541561712846347,0.007973729538789949
0.8252032520325203,0.0,0.0006369537589230714
0.1856368563685637,0.0,0.0003253101130531819
0.5718157181571816,0.0,0.00010449511620877602
0.03252032520325203,0.020151133501259445,0.003784974559286124
0.02981029810298103,0.0,0.00025188297324974933
0.018970189701897018,0.08816120906801007,0.020520183263538248
0.3319783197831978,0.0025188916876574307,0.0022174273309274266
0.8929539295392954,0.0,0.00041872058837273836
0.02168021680216802,0.015113350125944586,0.004358656361829117
0.023035230352303523,0.005037783375314861,0.00038994183128147273
0.26287262872628725,0.0025188916876574307,0.0014848083017213085
0.08807588075880758,0.0025188916876574307,0.0017599277116177139
0.35772357723577236,0.0025188916876574307,0.000484608795397478
0.06775067750677506,0.015113350125944586,0.009941201660100535
0.1991869918699187,0.005037783375314861,0.0008374928132713581
0.13414634146341464,0.02518891687657431,0.005279783134853142
0.45934959349593496,0.005037783375314861,0.002245552025357527
0.4010840108401084,0.0,0.0014175603328483572
0.04200542005420054,0.022670025188916875,0.003707192739133355
0.2886178861788618,0.010075566750629723,0.005991799190232559
0.3712737127371274,0.010075566750629723,0.0028418678384118912
0.0,0.09319899244332494,0.015975480498958243
0.03252032520325203,0.0,0.0003482023061939613
0.3712737127371274,0.0,0.00016935059271588657
0.5271002710027101,0.012594458438287152,0.0007297101715814626
0.535230352303523,0.0,0.002286517002556817
0.01084010840108401,0.020151133501259445,0.004349482272397511
0.012195121951219513,0.0025188916876574307,0.0006409814079418251
0.03387533875338753,0.035264483627204024,0.007568589356724037
0.006775067750677507,0.005037783375314861,0.002112054393778666
0.024390243902439025,0.0,0.0003311794648283742
0.13414634146341464,0.0025188916876574307,0.00027892330063633927
0.04065040650406504,0.035264483627204024,0.013862358950311357
0.44037940379403795,0.0,0.0007522581212163657
0.1016260162601626,0.0025188916876574307,0.0007223089362051203
0.012195121951219513,0.027707808564231738,0.005371265846539791
0.02168021680216802,0.035264483627204024,0.016125673940572106
0.8414634146341463,0.0,0.00021463582591392476
0.9173441734417345,0.0,0.00021825038272562676
0.5501355013550135,0.0025188916876574307,0.0001689375005088349
0.08943089430894309,0.005037783375314861,0.0006557838786945095
0.10975609756097561,0.007556675062972292,0.0006880567073704203
0.6802168021680217,0.0025188916876574307,0.0012633392422157377
0.04200542005420054,0.005037783375314861,0.0014308825565257732
0.016260162601626015,0.027707808564231738,0.007515266037663785
0.575880758807588,0.007556675062972292,0.0018132510306779657
0.05420054200542006,0.06801007556675064,0.007477588585945615
0.6382113821138211,0.005037783375314861,0.0014136875934072479
0.8089430894308943,0.0,6.0758978787181584e-05
0.05962059620596206,0.010075566750629723,0.0010688416613955812
0.8482384823848238,0.0,0.00011781733988619207
0.9227642276422764,0.0,0.00031926863952505134
0.2967479674796748,0.0025188916876574307,0.0010458806195536266
0.34146341463414637,0.0,5.9295943887206954e-05
0.1043360433604336,0.007556675062972292,0.00455377358095985
0.25203252032520324,0.0,0.0006733230853189111
0.02168021680216802,0.005037783375314861,0.0013636862241787032
0.6382113821138211,0.0,0.0001853751279144322
0.051490514905149054,0.012594458438287152,0.007155187330517088
0.06910569105691057,0.0,0.00018849053164261348
0.07181571815718157,0.007556675062972292,0.0019624461661247898
0.1991869918699187,0.0,0.002096133131631883
0.7466124661246613,0.0025188916876574307,0.00024620295540278905
0.7520325203252033,0.0,0.00015602836903847055
0.005420054200542005,0.030226700251889168,0.010809745237601942
0.07994579945799458,0.0,0.00012091553143907949
0.24254742547425473,0.005037783375314861,0.0016122816719473332
0.15582655826558264,0.0,0.00031489674700042127
0.08265582655826559,0.007556675062972292,0.0016462068694514506
0.5094850948509485,0.0,8.341020147384758e-05
0.3224932249322493,0.005037783375314861,0.0022537966573232663
0.006775067750677507,0.012594458438287152,0.0040848278650797475
0.5121951219512195,0.005037783375314861,0.0015618327861611494
0.4268292682926829,0.0,0.00037092237758180256
0.44173441734417346,0.0,0.00027892330063633927
0.9349593495934959,0.0,0.0003432107753587538
0.07181571815718157,0.010075566750629723,0.00359684548332468
0.12872628726287264,0.017632241813602016,0.007923642108684938
0.15311653116531165,0.010075566750629723,0.0014195397330071466
0.943089430894309,0.005037783375314861,0.0006151631450010963
0.11788617886178862,0.010075566750629723,0.0044608278343732264
0.6761517615176151,0.0,0.0003327113484295241
0.8265582655826558,0.007556675062972292,0.001368385148033916
0.07317073170731707,0.005037783375314861,0.001297574258875144
0.21002710027100271,0.0025188916876574307,0.009247742050905386
0.17208672086720866,0.0025188916876574307,0.002604288182831306
0.11788617886178862,0.0327455919395466,0.006898209553380368
0.0921409214092141,0.027707808564231738,0.008462193861453245
0.3319783197831978,0.02518891687657431,0.0029121451501365548
0.8550135501355014,0.0,0.0012426157831619794
0.6476964769647696,0.0,0.002808493430517176
0.02032520325203252,0.010075566750629723,0.0034531238196212908
0.5799457994579946,0.0,0.00036847824869008024
0.2777777777777778,0.027707808564231738,0.008402519249709573
0.08672086720867209,0.010075566750629723,0.002354436246266227
0.989159891598916,0.0,0.0004859857694209835
0.42005420054200543,0.005037783375314861,0.0009554306383846068
0.03387533875338753,0.0025188916876574307,0.0014428105940043898
0.0027100271002710027,0.022670025188916875,0.005657142865994833
0.521680216802168,0.0025188916876574307,0.00267695798692181
0.06910569105691057,0.012594458438287152,0.0054191673303824895
0.11517615176151762,0.012594458438287152,0.003935185213075284
0.08130081300813008,0.020151133501259445,0.0013657000486880803
0.3956639566395664,0.0,0.0008655486590002833
0.7330623306233063,0.005037783375314861,0.0006749238176212364
0.8590785907859079,0.015113350125944586,0.00392322275124608
0.483739837398374,0.0,0.000284086953224485
0.08943089430894309,0.02518891687657431,0.005244911267707864
0.44715447154471544,0.0,0.000425226790633802
0.028455284552845527,0.005037783375314861,0.0006897779248998023
0.23441734417344173,0.012594458438287152,0.0017925103594489135
0.02032520325203252,0.007556675062972292,0.002267291002753621
0.05013550135501355,0.005037783375314861,0.0023193922573680114
0.0948509485094851,0.0,0.0005824772241181337
0.5257452574525745,0.0,0.0006912409597997768
0.08807588075880758,0.0,0.00015406618105497517
0.2682926829268293,0.0025188916876574307,0.0004975351390431362
0.8536585365853658,0.0025188916876574307,0.02394797076112704
0.016260162601626015,0.02518891687657431,0.006002883831121778
0.013550135501355014,0.022670025188916875,0.0045023952377078
0.1951219512195122,0.012594458438287152,0.002368619078708334
0.7344173441734417,0.0025188916876574307,0.0016053279531286302
0.29132791327913277,0.02518891687657431,0.003098966100775668
0.052845528455284556,0.0,0.000731483025636726
0.3902439024390244,0.0,0.0005048331013677155
0.07994579945799458,0.015113350125944586,0.006280552364179198
0.009485094850948509,0.0327455919395466,0.017452612170498507
0.03116531165311653,0.005037783375314861,0.0020166300939497323
0.24796747967479674,0.005037783375314861,0.0013968540859698928
0.08130081300813008,0.0,0.00034074943429173766
0.08807588075880758,0.0,0.0006306368905902397
0.8252032520325203,0.0025188916876574307,0.0011668133631679998
0.006775067750677507,0.04534005037783375,0.006543087952718292
0.5528455284552846,0.0025188916876574307,0.0006026843179130774
0.03116531165311653,0.005037783375314861,0.0013010166939339076
0.005420054200542005,0.07052896725440806,0.04043374062102113
0.33875338753387535,0.005037783375314861,0.0013354582566968399
0.37398373983739835,0.012594458438287152,0.0010537637958381956
0.5609756097560976,0.0,0.0011903768311452383
0.02168021680216802,0.02518891687657431,0.005914327189235079
0.29132791327913277,0.005037783375314861,0.0013313789711522047
0.6002710027100271,0.0025188916876574307,0.0014753071809591204
0.09620596205962059,0.0025188916876574307,0.0011440932917801585
0.3170731707317073,0.0025188916876574307,0.0003565502112114636
0.023035230352303523,0.010075566750629723,0.001990002858770194
0.004065040650406504,0.007556675062972292,0.0061124221146916435
0.005420054200542005,0.0025188916876574307,0.0023133507838398806
0.5989159891598916,0.0,0.0006021679526542628
0.10569105691056911,0.017632241813602016,0.005156922627605861
0.3265582655826558,0.0025188916876574307,0.00035341759530798853
0.044715447154471545,0.030226700251889168,0.004683742716603479
0.08807588075880758,0.027707808564231738,0.005250780619483057
0.6070460704607046,0.012594458438287152,0.0021863077179962017
0.3224932249322493,0.007556675062972292,0.003403621603476267
0.09620596205962059,0.020151133501259445,0.0058940340345636656
0.2764227642276423,0.015113350125944586,0.009232731312831645
0.013550135501355014,0.035264483627204024,0.0077182147965532055
0.056910569105691054,0.015113350125944586,0.007194758121517578
0.23441734417344173,0.007556675062972292,0.0012589845618664014
0.5420054200542005,0.0,0.00038044071051928453
0.3983739837398374,0.0,0.0005311677295672589
0.014905149051490514,0.022670025188916875,0.01958759318176854
0.009485094850948509,0.015113350125944586,0.007514267731496743
0.34552845528455284,0.005037783375314861,0.0008185766326234509
0.8875338753387534,0.0,0.0005555918063091882
0.508130081300813,0.005037783375314861,0.0016814574044531924
0.018970189701897018,0.010075566750629723,0.0017136097479020463
0.22357723577235772,0.012594458438287152,0.002911370602248333
0.005420054200542005,0.005037783375314861,0.00058435335122516
0.3170731707317073,0.007556675062972292,0.001910878488944508
0.009485094850948509,0.012594458438287152,0.0037313069967199962
0.21002710027100271,0.02518891687657431,0.005624663491215396
0.07859078590785908,0.012594458438287152,0.0016194763612201496
0.4796747967479675,0.010075566750629723,0.0027153755621776147
0.10569105691056911,0.0327455919395466,0.010696437487642731
0.6463414634146342,0.0025188916876574307,0.001028238139877462
0.4132791327913279,0.005037783375314861,0.001283580760361269
0.08943089430894309,0.0,0.0007679556250843288
0.940379403794038,0.0,0.0006518422905522249
0.004065040650406504,0.03778337531486146,0.02798203992126531
0.6355013550135501,0.010075566750629723,0.0038087617855421824
0.8739837398373984,0.0025188916876574307,0.000595197021660266
0.5555555555555556,0.0,0.00040649994391412676
0.0027100271002710027,0.017632241813602016,0.009876397820119306
0.018970189701897018,0.007556675062972292,0.002879786260584175
0.5650406504065041,0.0,0.001093248525962217
0.8265582655826558,0.015113350125944586,0.014490104195452234
0.013550135501355014,0.0025188916876574307,0.00012814464506248356
0.3048780487804878,0.0025188916876574307,0.0013583848741882069
0.5663956639566395,0.005037783375314861,0.001118447150592368
0.7804878048780488,0.0025188916876574307,0.0005529239191386462
0.07181571815718157,0.012594458438287152,0.002477468875266446
0.12872628726287264,0.0025188916876574307,0.001566721043944594
0.06775067750677506,0.0025188916876574307,0.0007827580958370133
0.028455284552845527,0.035264483627204024,0.0073603564600194125
0.513550135501355,0.0,0.00035980331234199543
0.8373983739837398,0.0,0.0004319051146478038
0.004065040650406504,0.005037783375314861,0.0012076062186143512
0.5094850948509485,0.010075566750629723,0.0016770682997532683
0.15447154471544716,0.015113350125944586,0.004925659840358107
0.1111111111111111,0.005037783375314861,0.0008701787341543207
0.4268292682926829,0.007556675062972292,0.005892364453560166
0.005420054200542005,0.04030226700251889,0.009174313189884424
0.9986449864498645,0.0,0.00037622372757229887
0.014905149051490514,0.012594458438287152,0.004769321652164348
0.037940379403794036,0.035264483627204024,0.007413955173884366
0.005420054200542005,0.07304785894206549,0.01531072907693565
0.0013550135501355014,0.0025188916876574307,0.001689581551191875
0.6775067750677507,0.005037783375314861,0.0006771958247600204
0.06639566395663957,0.005037783375314861,0.0022421956511752324
0.7398373983739838,0.0,0.0017172243047137484
0.6747967479674797,0.0,0.00015809383007372885
0.0027100271002710027,0.010075566750629723,0.0008584916671298175
0.9823848238482384,0.0,0.0006156106615587356
0.48644986449864497,0.005037783375314861,0.00199480505567717
0.028455284552845527,0.005037783375314861,0.0014163038440519083
0.518970189701897,0.010075566750629723,0.002098319077894198
0.0,0.04030226700251889,0.007590827487203651
0.8197831978319783,0.0,0.0007769748049382901
0.004065040650406504,0.02518891687657431,0.004624171377911571
0.023035230352303523,0.012594458438287152,0.0020612612644866054
0.9986449864498645,0.0,0.00018434239739680304
0.8536585365853658,0.0025188916876574307,0.0005666592350231139
0.6937669376693767,0.0,0.0002539656464603015
0.12466124661246612,0.010075566750629723,0.004440242072721819
0.12872628726287264,0.0025188916876574307,0.0018547323731360696
0.3699186991869919,0.0025188916876574307,0.0005327340375189964
0.6368563685636857,0.005037783375314861,0.001000543749829707
0.4051490514905149,0.0,0.0007456830702541269
0.5447154471544715,0.0,0.0005366584134859872
0.03929539295392954,0.0025188916876574307,0.0003106625518781417
0.573170731707317,0.0,0.0005000997531619153
0.0975609756097561,0.0,0.0002669436266318411
0.5230352303523035,0.0025188916876574307,0.00044844601510516405
0.013550135501355014,0.02518891687657431,0.005760261008180103
0.07046070460704607,0.010075566750629723,0.003093234446402826
0.489159891598916,0.005037783375314861,0.0009228996270792887
0.2940379403794038,0.0,0.00012628573013075107
0.17073170731707318,0.005037783375314861,0.0014142211708413563
0.10569105691056911,0.007556675062972292,0.003990057627911979
0.04742547425474255,0.007556675062972292,0.0012555593389829314
0.13279132791327913,0.04030226700251889,0.02540270939261004
0.551490514905149,0.0025188916876574307,0.0004733176084047327
0.7276422764227642,0.0,0.0002261851955360774
0.02168021680216802,0.010075566750629723,0.0013383326899709077
0.018970189701897018,0.03778337531486146,0.017481872868497998
0.7642276422764228,0.0,0.00020878368631402624
0.037940379403794036,0.005037783375314861,0.001391225704648814
0.13956639566395665,0.007556675062972292,0.0019304143079029925
0.0027100271002710027,0.005037783375314861,0.0005839918955439898
0.5257452574525745,0.0,0.0005005128453689669
0.3821138211382114,0.005037783375314861,0.0034843467056042787
0.05420054200542006,0.010075566750629723,0.0038528938029955342
0.5799457994579946,0.007556675062972292,0.0018526152755749298
0.9959349593495935,0.0,3.0035245887714408e-05
0.08943089430894309,0.005037783375314861,0.001208587312606099
0.4986449864498645,0.0,0.00012628573013075107
0.01084010840108401,0.0579345088161209,0.02252865478639871
0.34688346883468835,0.012594458438287152,0.002497021906400225
0.2005420054200542,0.012594458438287152,0.003145679944523093
0.5149051490514905,0.015113350125944586,0.0027993881897867457
0.03523035230352303,0.030226700251889168,0.013470781962376971
0.02168021680216802,0.0025188916876574307,0.0006226848656044953
0.03116531165311653,0.005037783375314861,0.0019384179694146185
0.04878048780487805,0.005037783375314861,0.0022162052664815653
0.04742547425474255,0.020151133501259445,0.003971003749861721
0.0,0.0579345088161209,0.017170057100875172
0.17479674796747968,0.007556675062972292,0.001563192548009361
0.028455284552845527,0.06801007556675064,0.01046648282571731
0.21951219512195122,0.005037783375314861,0.0026047012750383576
0.025745257452574527,0.030226700251889168,0.007195739215509327
0.023035230352303523,0.015113350125944586,0.005090156599641136
0.5704607046070461,0.0,0.00227553563471936
0.5433604336043361,0.0,0.0006222201368715621
0.03116531165311653,0.005037783375314861,0.001576222164706782
0.012195121951219513,0.03778337531486146,0.006121406870195016
0.014905149051490514,0.0,0.000806304351638958
0.0975609756097561,0.0,0.00042283429826796114
0.6788617886178862,0.030226700251889168,0.00404833805345685
0.09078590785907859,0.007556675062972292,0.0018500678736314445
0.535230352303523,0.0025188916876574307,0.0004215261729456309
0.5365853658536586,0.0,0.0007432733657129922
0.012195121951219513,0.060453400503778336,0.013117123396614869
0.42005420054200543,0.0,0.0002606956070001848
0.13956639566395665,0.007556675062972292,0.0007127733910923446
0.5365853658536586,0.0025188916876574307,0.0020890589275861238
0.08672086720867209,0.005037783375314861,0.001425357448256457
0.8102981029810298,0.005037783375314861,0.0025571096103509474
0.06233062330623306,0.007556675062972292,0.003995651584882471
0.1002710027100271,0.0025188916876574307,0.0006522553827592764
0.04742547425474255,0.017632241813602016,0.003683009632845539
0.43089430894308944,0.02518891687657431,0.006106810945545858
0.0989159891598916,0.007556675062972292,0.0013992637905110275
0.009485094850948509,0.005037783375314861,0.0013543228008188655
0.013550135501355014,0.017632241813602016,0.0020811241147756726
0.025745257452574527,0.017632241813602016,0.008184131169581596
0.03929539295392954,0.005037783375314861,0.00044257666332997165
0.05420054200542006,0.015113350125944586,0.0020044438738417085
0.0013550135501355014,0.020151133501259445,0.005329491897101692
0.10569105691056911,0.0025188916876574307,0.0010715783972672986
0.037940379403794036,0.010075566750629723,0.003068982491413835
0.556910569105691,0.005037783375314861,0.003254787923710613
0.7872628726287263,0.0,0.0004560365844097382
0.11788617886178862,0.012594458438287152,0.0049311333121015415
0.04878048780487805,0.0025188916876574307,0.0012712740550261882
0.9322493224932249,0.0,0.00028253785744804125
0.23848238482384823,0.0025188916876574307,0.00020301760759059684
0.34146341463414637,0.0025188916876574307,0.001211892050262512
0.2845528455284553,0.012594458438287152,0.006342772656648825
0.014905149051490514,0.010075566750629723,0.001065536923739168
0.48509485094850946,0.007556675062972292,0.001092284644145763
0.06233062330623306,0.0,0.0007222745118545328
0.10840108401084012,0.005037783375314861,0.0015585796850306176
0.2899728997289973,0.007556675062972292,0.0012042498444320565
0.15718157181571815,0.0025188916876574307,0.0017164153324749389
0.9322493224932249,0.0025188916876574307,0.00025004127049331075
0.14498644986449866,0.005037783375314861,0.0025702769244507193
0.08130081300813008,0.0025188916876574307,0.0011579318807163892
0.7168021680216802,0.0,0.0006312221045502296
0.03252032520325203,0.010075566750629723,0.0020403140471540277
0.6558265582655827,0.0,0.0005778127246135087
0.989159891598916,0.0,0.00030298592169709845
0.8726287262872628,0.0,0.0010173256207411806
0.25745257452574527,0.005037783375314861,0.0021753951988599204
0.004065040650406504,0.06801007556675064,0.020686590574278893
0.09620596205962059,0.007556675062972292,0.0010489271745806326
0.1043360433604336,0.005037783375314861,0.0024110470908075983
0.052845528455284556,0.005037783375314861,0.002707371900665989
0.006775067750677507,0.02518891687657431,0.006882615322564168
0.6395663956639567,0.0025188916876574307,0.0010843498313353123
0.5826558265582655,0.0,0.0005365379282589305
0.004065040650406504,0.03778337531486146,0.012202847069357784
0.07317073170731707,0.030226700251889168,0.004452652051108663
0.3699186991869919,0.0,0.00020348233632352995
0.3915989159891599,0.0025188916876574307,0.0006568854579133138
0.26558265582655827,0.030226700251889168,0.0169307734399405
0.6219512195121951,0.0025188916876574307,0.001408644426046159
0.7777777777777778,0.012594458438287152,0.003963344331855972
0.9105691056910569,0.0,0.00039768731016369136
0.0989159891598916,0.0025188916876574307,0.0007078507089583124
0.7168021680216802,0.0,0.0004418881763182189
0.23035230352303523,0.0,0.0002285776879019183
0.2506775067750677,0.0,0.00017263811819700603
0.2886178861788618,0.010075566750629723,0.00324900463281189
0.06097560975609756,0.007556675062972292,0.003061426346459848
0.08807588075880758,0.0,0.0005668829933019335
0.6178861788617886,0.012594458438287152,0.0033783541301449405
0.7262872628726287,0.0,0.00012449566390019387
0.06639566395663957,0.03778337531486146,0.05215950061558484
0.04200542005420054,0.007556675062972292,0.007547005288905588
0.15311653116531165,0.0,0.00838380961516519
0.21138211382113822,0.007556675062972292,0.005074424671422586
0.23983739837398374,0.0025188916876574307,0.001430039159936376
0.7425474254742548,0.0,0.0002736563749964306
0.024390243902439025,0.0025188916876574307,0.0008487495759135159
0.05420054200542006,0.020151133501259445,0.003529804060555255
0.08943089430894309,0.04534005037783375,0.011158895934654595
0.037940379403794036,0.012594458438287152,0.004922905892311096
0.07723577235772358,0.0,0.0017201159501631102
0.3821138211382114,0.012594458438287152,0.0020032906580970226
0.13956639566395665,0.017632241813602016,0.002751383432892284
0.5121951219512195,0.005037783375314861,0.0016600970949135628
0.04742547425474255,0.010075566750629723,0.005121723729130001
0.16260162601626016,0.0025188916876574307,0.0008564606304451469
0.6761517615176151,0.0,0.0009320737165108944
0.10975609756097561,0.0,0.0011572606058799302
0.005420054200542005,0.030226700251889168,0.00529658221793991
0.07994579945799458,0.007556675062972292,0.000637556185058355
0.17615176151761516,0.0,0.0018696381169405172
0.028455284552845527,0.0025188916876574307,0.0010722324599284636
0.10569105691056911,0.005037783375314861,0.0016413874603691812
0.0,0.0025188916876574307,0.002128164989853681
0.6192411924119241,0.0025188916876574307,0.0013425496729178935
0.1802168021680217,0.0,0.00041080298773758155
0.0975609756097561,0.012594458438287152,0.004124897809163759
0.025745257452574527,0.0025188916876574307,0.0013016191200691913
0.2669376693766938,0.012594458438287152,0.0007107251422323801
0.009485094850948509,0.0,0.0009217291991593091
0.0,0.007556675062972292,0.0015109880203432074
0.03116531165311653,0.005037783375314861,0.0005224067323427048
0.1043360433604336,0.012594458438287152,0.0020829830297074054
0.05013550135501355,0.0,0.0006218242568398042
0.006775067750677507,0.010075566750629723,0.004234573790135974
0.7588075880758808,0.0,0.0003696831009606476
0.5853658536585366,0.007556675062972292,0.0010581529005381197
0.025745257452574527,0.04030226700251889,0.013810343756573435
0.13414634146341464,0.005037783375314861,0.0017501511960508246
0.8170731707317073,0.0,0.0005547311975444973
0.7046070460704607,0.0025188916876574307,0.0013802959733372386
0.494579945799458,0.017632241813602016,0.003423811485095917
0.052845528455284556,0.007556675062972292,0.0013415513667508518
0.3157181571815718,0.0025188916876574307,0.0007975089300638163
0.03387533875338753,0.04030226700251889,0.008903651733389117
0.2506775067750677,0.005037783375314861,0.0020263549729907402
0.02981029810298103,0.030226700251889168,0.010037520993044748
0.6598915989159891,0.007556675062972292,0.0026491947481728797
0.55420054200542,0.0025188916876574307,0.0012025458390779685
0.505420054200542,0.005037783375314861,0.001003968972713177
0.6273712737127372,0.0025188916876574307,0.0001166813363168
0.4146341463414634,0.005037783375314861,0.0006587960093709278
0.11653116531165311,0.030226700251889168,0.003798279570788246
0.34146341463414637,0.007556675062972292,0.000978253982824211
0.14769647696476965,0.010075566750629723,0.0013647189546963324
0.006775067750677507,0.020151133501259445,0.003967595739153546
0.14769647696476965,0.0025188916876574307,0.0010427824280007391
0.12466124661246612,0.020151133501259445,0.0027642409278367673
0.5840108401084011,0.0,0.0007895741172533657
0.0948509485094851,0.0,0.0005295669972649337
0.1070460704607046,0.012594458438287152,0.0018276231970483045
0.5338753387533876,0.010075566750629723,0.0009168925779017459
0.09078590785907859,0.017632241813602016,0.0026928964612438866
0.518970189701897,0.0,0.0001913133283907998
0.8075880758807588,0.0025188916876574307,0.0007724480028360156
0.07181571815718157,0.005037783375314861,0.0017150211462761396
0.8482384823848238,0.0,0.00041128492864580846
0.025745257452574527,0.007556675062972292,0.0009521431129034875
0.058265582655826556,0.0025188916876574307,0.0010532818549299687
0.024390243902439025,0.07808564231738035,0.024290871717330503
0.5934959349593496,0.0,0.0001995063238306577
0.05962059620596206,0.035264483627204024,0.0049164169022253255
0.5271002710027101,0.0,0.00043018389711842187
0.8360433604336044,0.007556675062972292,0.0020205200455661355
0.19241192411924118,0.007556675062972292,0.0011429056516848851
0.14498644986449866,0.015113350125944586,0.0013953738388946242
0.06910569105691057,0.0,0.0005830624380781235
0.535230352303523,0.0025188916876574307,0.0008708672211660735
0.02168021680216802,0.047858942065491177,0.013816557351854506
0.23983739837398374,0.012594458438287152,0.0018907402438507394
0.037940379403794036,0.005037783375314861,0.003991279692357841
0.12601626016260162,0.0025188916876574307,0.00021609886081389937
0.15176151761517614,0.015113350125944586,0.0011987419483380343
0.17073170731707318,0.015113350125944586,0.00386206789242714
0.0989159891598916,0.0025188916876574307,0.0015905426945512396
0.3333333333333333,0.0025188916876574307,0.0018071923449745413
0.2669376693766938,0.0,0.00046283539365079684
0.08943089430894309,0.017632241813602016,0.0051515352167388955
0.9823848238482384,0.0,0.000274189952430539
0.03252032520325203,0.005037783375314861,0.0009059456344148769
0.43902439024390244,0.0,0.00012628573013075107
0.9132791327913279,0.0,0.000596057630424957
0.0027100271002710027,0.04030226700251889,0.02669808049304758
0.3238482384823848,0.0025188916876574307,0.0007343574589107938
0.12872628726287264,0.012594458438287152,0.004398795154614303
0.2940379403794038,0.0327455919395466,0.022066991541885423
0.11788617886178862,0.0,0.002176255807624611
0.1802168021680217,0.010075566750629723,0.001777225947788002
0.023035230352303523,0.0025188916876574307,0.0009495957109600023
0.1016260162601626,0.0025188916876574307,0.0017678470334704002
0.34688346883468835,0.0,0.0001467337943798082
0.044715447154471545,0.0,0.0002263573172890156
0.4878048780487805,0.007556675062972292,0.0009394577397119427
0.2682926829268293,0.010075566750629723,0.001962738773104785
0.052845528455284556,0.02518891687657431,0.005087712470749414
0.15447154471544716,0.012594458438287152,0.002728112571895041
0.028455284552845527,0.005037783375314861,0.0006647858463731768
0.10569105691056911,0.0025188916876574307,0.0005246443151309013
0.06233062330623306,0.005037783375314861,0.0024926844382261826
0.25338753387533874,0.0,0.00018520300616149403
0.025745257452574527,0.07808564231738035,0.020822343000821242
0.23035230352303523,0.0,0.0004039009054447601
0.004065040650406504,0.0,0.0005618226137655508
0.03116531165311653,0.012594458438287152,0.0018916524891413118
0.07181571815718157,0.0,0.0015329851803687084
0.14769647696476965,0.015113350125944586,0.003548737453378456
0.22086720867208673,0.08060453400503778,0.028539611127733285
0.004065040650406504,0.2896725440806045,0.02702595522021954
0.5907859078590786,0.0,0.0002526747333132651
0.2872628726287263,0.005037783375314861,0.002761211584985055
0.03252032520325203,0.0,0.0005906702195579916
0.5365853658536586,0.0025188916876574307,0.0006942530904761953
0.7452574525745257,0.0,0.00015148435476090228
0.3319783197831978,0.005037783375314861,0.0015973931403181795
0.037940379403794036,0.012594458438287152,0.005132980491772158
0.17344173441734417,0.005037783375314861,0.0006981946786184798
0.5311653116531165,0.015113350125944586,0.0016176002341131233
0.15311653116531165,0.0025188916876574307,0.001048410809321818
0.023035230352303523,0.007556675062972292,0.001439264885893863
0.5880758807588076,0.0025188916876574307,0.004479761227196428
0.505420054200542,0.012594458438287152,0.0014812109570849004
0.26016260162601623,0.010075566750629723,0.0012782966225460665
0.7710027100271003,0.0025188916876574307,0.00033642917829298906
0.7872628726287263,0.0,0.0002648953777718767
0.0013550135501355014,0.017632241813602016,0.006240360213650601
0.6680216802168022,0.0025188916876574307,0.0006204128584657112
0.7750677506775068,0.0,0.0010467240161430237
0.24661246612466126,0.005037783375314861,0.0004580848332697027
0.06775067750677506,0.015113350125944586,0.0026147531854099483
0.24119241192411925,0.020151133501259445,0.001844714887115067
0.11653116531165311,0.005037783375314861,0.0007689195069007827
0.06097560975609756,0.005037783375314861,0.00015990110847957984
0.2506775067750677,0.005037783375314861,0.00029756408647954537
0.016260162601626015,0.027707808564231738,0.003315598539023676
0.3807588075880759,0.005037783375314861,0.0011842492967406386
0.08943089430894309,0.010075566750629723,0.0020607276870524974
0.03929539295392954,0.0,0.00021203678744455805
0.03387533875338753,0.0,0.0005382247214377247
0.0013550135501355014,0.10579345088161209,0.016517887778992362
0.8062330623306233,0.0,0.0002537074638308942
0.535230352303523,0.0,0.0002904726702584919
0.044715447154471545,0.017632241813602016,0.005330731173722847
0.2506775067750677,0.012594458438287152,0.001834043338432899
0.0027100271002710027,0.047858942065491177,0.013423741087298964
0.33739837398373984,0.0,1.6867931787942763e-05
0.2791327913279133,0.04282115869017632,0.016329569369102688
0.19241192411924118,0.005037783375314861,0.0019484182432603272
0.012195121951219513,0.017632241813602016,0.010674061659760767
0.8915989159891599,0.0,0.00027838972320223083
0.8563685636856369,0.0,0.0006649235437755275
0.02032520325203252,0.0,0.00020601252609172134
0.6707317073170732,0.0,0.0003225561650061708
0.28184281842818426,0.0,0.00010411644835231201
0.55420054200542,0.0,0.0009136739011218017
0.07723577235772358,0.005037783375314861,0.0017228182616842397
0.2953929539295393,0.007556675062972292,0.0018739755851145596
0.592140921409214,0.005037783375314861,0.002412682247460511
0.08943089430894309,0.0,0.0006385544912253965
0.01084010840108401,0.04030226700251889,0.005304086726368015
0.6897018970189702,0.0025188916876574307,0.00036741109382186347
0.37533875338753386,0.0025188916876574307,0.000835134745256105
0.07046070460704607,0.022670025188916875,0.0023714590876318144
0.023035230352303523,0.030226700251889168,0.01544791011402739
0.17344173441734417,0.0025188916876574307,0.00024461943527575767
0.05013550135501355,0.005037783375314861,0.0009094913425254037
0.924119241192412,0.0,0.0007752880117594958
0.12872628726287264,0.010075566750629723,0.006404512729427754
0.02168021680216802,0.010075566750629723,0.0020857197655791224
0.13685636856368563,0.0,0.00021165811958809402
0.31842818428184283,0.017632241813602016,0.003685608671314906
0.005420054200542005,0.012594458438287152,0.0031684172280862285
0.3617886178861789,0.0025188916876574307,0.002247101121133971
0.03523035230352303,0.012594458438287152,0.0028438816629212686
0.5894308943089431,0.0025188916876574307,0.003036520328809692
0.3861788617886179,0.007556675062972292,0.0010188402921670367
0.7032520325203252,0.005037783375314861,0.0006428919593994388
0.8292682926829268,0.0,0.00021733813743505436
0.02168021680216802,0.007556675062972292,0.0021447403146616284
0.4796747967479675,0.0,0.00036371047613369237
0.06775067750677506,0.05541561712846347,0.011802784479003545
0.006775067750677507,0.0025188916876574307,0.0008746711119060075
0.009485094850948509,0.010075566750629723,0.0021017959373035495
0.0975609756097561,0.005037783375314861,0.0019894692813360857
0.7818428184281843,0.0,0.0004192713779821406
0.516260162601626,0.0025188916876574307,0.0005561942324444719
0.8536585365853658,0.0,0.0005503420928445734
0.3821138211382114,0.005037783375314861,0.0008503675203911349
0.06233062330623306,0.0025188916876574307,0.0021617459438519216
0.508130081300813,0.0,0.0019034428292175778
0.009485094850948509,0.03778337531486146,0.015875305638748213
0.7154471544715447,0.0025188916876574307,0.000506124014514752
0.05013550135501355,0.07052896725440806,0.012054891210532114
0.05962059620596206,0.0025188916876574307,0.0020238764197484304
0.04336043360433604,0.012594458438287152,0.006251272732786882
0.004065040650406504,0.005037783375314861,0.0011107188838854433
0.34417344173441733,0.005037783375314861,0.0010238318230022443
0.03387533875338753,0.0,0.0007968032308767696
0.10569105691056911,0.010075566750629723,0.0022946239371202056
0.31978319783197834,0.0,0.00039507105951903086
0.3333333333333333,0.0025188916876574307,0.0013140979471572103
0.11382113821138211,0.0,0.0007171108592663871
0.5040650406504065,0.0025188916876574307,0.0011620972271374934
0.05013550135501355,0.0,0.000986343705212306
0.02168021680216802,0.010075566750629723,0.0026129631191793906
0.0975609756097561,0.015113350125944586,0.0020023612006311565
0.2018970189701897,0.005037783375314861,0.0029768801414166088
0.07588075880758807,0.0,3.072373289946717e-05
0.25203252032520324,0.015113350125944586,0.00415410687063737
0.6002710027100271,0.007556675062972292,0.003041477435294312
0.1002710027100271,0.0025188916876574307,0.0004182386474645114
0.2005420054200542,0.0025188916876574307,0.0002882178752950016
0.03116531165311653,0.012594458438287152,0.00578611369547142
0.07994579945799458,0.010075566750629723,0.00162420970942595
0.06368563685636856,0.03778337531486146,0.008396305654428504
0.1002710027100271,0.007556675062972292,0.0007903314529662937
0.18157181571815717,0.005037783375314861,0.0021942081064560645
0.5853658536585366,0.0025188916876574307,0.00041593221597513967
0.012195121951219513,0.18387909319899245,0.06063899271320836
0.016260162601626015,0.07808564231738035,0.022641205200644995
0.535230352303523,0.0,0.0003854838778803736
0.05962059620596206,0.010075566750629723,0.0018670218662958566
0.1111111111111111,0.010075566750629723,0.010669569282009081
0.05962059620596206,0.007556675062972292,0.0013334788565380505
0.5880758807588076,0.0025188916876574307,0.0006993306821878719
0.03523035230352303,0.0,0.0002777872970669472
0.08265582655826559,0.0,0.0029952627446304075
0.2859078590785908,0.0025188916876574307,0.0005677780264172122
0.1002710027100271,0.0025188916876574307,0.0009433821156789334
0.6747967479674797,0.0025188916876574307,0.006381500051059918
0.08265582655826559,0.020151133501259445,0.002408998841947634
0.04336043360433604,0.017632241813602016,0.002997448690892723
0.0013550135501355014,0.0025188916876574307,0.00042951262228196294
0.6368563685636857,0.0025188916876574307,0.0009516955963458482
0.23712737127371275,0.020151133501259445,0.009469691330101655
0.5785907859078591,0.0025188916876574307,0.0009351374837131941
0.6070460704607046,0.0,0.0003894254660226581
0.15311653116531165,0.02518891687657431,0.0036068629693456833
0.018970189701897018,0.005037783375314861,0.000611961680396446
0.028455284552845527,0.010075566750629723,0.0031080541293308046
0.11653116531165311,0.012594458438287152,0.005449357485847848
0.10975609756097561,0.007556675062972292,0.002783673473743489
0.6355013550135501,0.007556675062972292,0.0008813494359200093
0.058265582655826556,0.0025188916876574307,0.0011262786903510557
0.05013550135501355,0.02518891687657431,0.004847327230595936
0.4363143631436314,0.0025188916876574307,0.001005087764107275
0.013550135501355014,0.09319899244332494,0.01658078106751598
0.3062330623306233,0.0025188916876574307,0.0034339150319933885
0.028455284552845527,0.0025188916876574307,0.0012389151654738082
0.024390243902439025,0.017632241813602016,0.01028590989470985
0.24661246612466126,0.005037783375314861,0.002025597637277812
0.5176151761517616,0.007556675062972292,0.0020570959180655013
0.037940379403794036,0.0,0.0008415204622901119
0.02981029810298103,0.007556675062972292,0.0012929269715458128
0.023035230352303523,0.035264483627204024,0.008212307500537579
0.058265582655826556,0.04030226700251889,0.013510972391688037
0.6070460704607046,0.0025188916876574307,0.0010501664512017877
0.004065040650406504,0.02518891687657431,0.0035817676177672952
0.3224932249322493,0.0,0.001963306774889481
0.559620596205962,0.005037783375314861,0.00307788118604074
0.6666666666666666,0.0,0.0004488591073122157
0.051490514905149054,0.010075566750629723,0.0031393975005408496
0.004065040650406504,0.0025188916876574307,0.00038472654216744554
0.013550135501355014,0.012594458438287152,0.004161714652117238
0.0027100271002710027,0.0025188916876574307,0.0007139954555382057
0.0989159891598916,0.030226700251889168,0.015299713284747607
0.7628726287262872,0.0,0.0005299284529461038
0.6449864498644986,0.0025188916876574307,0.00023656413723825037
0.03252032520325203,0.010075566750629723,0.0023648151879683997
0.3617886178861789,0.0,0.0004278430412784625
0.7452574525745257,0.0,0.00018917901865436623
0.1897018970189702,0.0025188916876574307,0.0002709196391247134
0.052845528455284556,0.0,0.0003352243260224217
0.11382113821138211,0.0,1.781460142910282e-05
0.06368563685636856,0.010075566750629723,0.001306421316976167
0.012195121951219513,0.0025188916876574307,0.002182383342029211
0.7398373983739838,0.0,0.002706287533622478
0.009485094850948509,0.012594458438287152,0.002931956363899741
0.056910569105691054,0.0025188916876574307,0.0006365923032419012
0.03929539295392954,0.05037783375314861,0.011619836267805543
0.05962059620596206,0.015113350125944586,0.003433484727611043
0.483739837398374,0.0,0.0005398254537400498
0.11517615176151762,0.0,0.0034943297672746934
0.013550135501355014,0.02518891687657431,0.007055821442545871
0.47831978319783197,0.0,0.0006553535743121639
0.38346883468834686,0.005037783375314861,0.002107458742975216
0.7696476964769647,0.0,0.0019044411353846195
0.23983739837398374,0.0,0.0006032523196977734
0.06775067750677506,0.010075566750629723,0.001962738773104785
0.05013550135501355,0.0,0.00019024617352258306
0.04065040650406504,0.012594458438287152,0.005406499169366238
0.3170731707317073,0.007556675062972292,0.004168651158760647
0.7344173441734417,0.0,0.00022632289293842794
0.37262872628726285,0.0,0.0005078452320441338
0.5691056910569106,0.005037783375314861,0.010324792198698588
0.5149051490514905,0.0,0.0002556696518143896
0.5067750677506775,0.0,1.3769740235055316e-05
0.05420054200542006,0.015113350125944586,0.0021230185494408287
0.16395663956639567,0.005037783375314861,0.0011063814157114009
0.004065040650406504,0.012594458438287152,0.0026552706460515984
0.8550135501355014,0.0,0.0004484632272804578
0.05013550135501355,0.015113350125944586,0.008807556158723725
0.02032520325203252,0.012594458438287152,0.0030984497355168537
0.924119241192412,0.0,7.919321852686189e-05
0.4959349593495935,0.0025188916876574307,0.00042503745670557
0.0013550135501355014,0.005037783375314861,0.001097809752415079
0.14363143631436315,0.0,0.00026431016381188677
0.18157181571815717,0.0,0.00033379571547303467
0.7181571815718157,0.007556675062972292,0.003059274824548121
0.15582655826558264,0.015113350125944586,0.003775869318555694
0.016260162601626015,0.0,0.00026401755683189186
0.005420054200542005,0.030226700251889168,0.003701409448234632
0.7046070460704607,0.0,0.00019053878050257793
0.5040650406504065,0.0,0.0004150371828598611
0.17750677506775067,0.005037783375314861,0.0011577769711387448
0.0013550135501355014,0.48110831234256923,0.051547745481291915
0.13550135501355012,0.020151133501259445,0.004689921887533959
0.013550135501355014,0.007556675062972292,0.001129118699274536
0.07588075880758807,0.012594458438287152,0.0025633232056320164
0.09078590785907859,0.0,0.0007095719264876943
0.508130081300813,0.0025188916876574307,0.0012477105870489498
0.0989159891598916,0.0,0.0005208232122156735
0.09078590785907859,0.0,0.0007292454428485296
0.009485094850948509,0.007556675062972292,0.002255053146119715
0.7981029810298103,0.0,0.0003232446520179235
0.01084010840108401,0.015113350125944586,0.004775896703126586
0.0975609756097561,0.015113350125944586,0.0010354844656761599
0.6653116531165312,0.0025188916876574307,0.0005157628326792908
0.06639566395663957,0.010075566750629723,0.0014954626382281825
0.5691056910569106,0.0025188916876574307,0.0009258773334051195
0.07046070460704607,0.005037783375314861,0.001273976366547318
0.7642276422764228,0.0025188916876574307,0.00037106007498415315
0.502710027100271,0.0,6.334080508125446e-05
0.016260162601626015,0.11586901763224182,0.01546467477276357
0.4986449864498645,0.007556675062972292,0.001229706651691615
0.15718157181571815,0.007556675062972292,0.0013717243100409167
0.02981029810298103,0.012594458438287152,0.0024475541146057886
0.03929539295392954,0.035264483627204024,0.00680686453909607
0.537940379403794,0.007556675062972292,0.0017463128809603028
0.04200542005420054,0.04030226700251889,0.01756710756055299
0.9295392953929539,0.0025188916876574307,0.00024845775036627936
0.009485094850948509,0.007556675062972292,0.008497719791259687
0.6327913279132791,0.0025188916876574307,0.0014550828749888827
0.037940379403794036,0.012594458438287152,0.0068944572991663155
0.07859078590785908,0.020151133501259445,0.00196834994225057
0.056910569105691054,0.04030226700251889,0.011212940443859657
0.02981029810298103,0.005037783375314861,0.002057422949396084
0.006775067750677507,0.05037783375314861,0.016903543778625674
0.38346883468834686,0.0025188916876574307,0.000559223575296184
0.39295392953929537,0.010075566750629723,0.0091295443219452
0.044715447154471545,0.007556675062972292,0.0008349798356784606
0.009485094850948509,0.03778337531486146,0.020579427570899575
0.513550135501355,0.0025188916876574307,0.0011697222207926552
0.25609756097560976,0.0025188916876574307,0.0011306505828756858
0.07723577235772358,0.020151133501259445,0.0030568479078316928
0.004065040650406504,0.04282115869017632,0.008752976350867026
0.004065040650406504,0.020151133501259445,0.0029366552877549534
0.7235772357723578,0.0,0.00018589149317324677
0.981029810298103,0.005037783375314861,0.0007772846240935788
0.2181571815718157,0.0,0.0006926695703491639
0.8008130081300813,0.005037783375314861,0.0003898729825802975
0.15447154471544716,0.027707808564231738,0.006638512252547225
0.023035230352303523,0.0025188916876574307,0.001055639922945222
0.0027100271002710027,0.1486146095717884,0.2962730356351066
0.8414634146341463,0.0,0.00042567430719144125
0.5433604336043361,0.0,0.0034258941583064687
0.005420054200542005,0.012594458438287152,0.0007164223722546343
0.31842818428184283,0.010075566750629723,0.001639046604529222
0.04336043360433604,0.007556675062972292,0.0019820164094338623
0.5704607046070461,0.0,0.0005489823309963616
0.6490514905149052,0.0,0.000642685413295913
0.07046070460704607,0.0,0.0020488857104503494
0.1016260162601626,0.005037783375314861,0.0006345612665572305
0.35365853658536583,0.0,0.00078134669746292
0.0027100271002710027,0.007556675062972292,0.0017588777689247906
0.05420054200542006,0.010075566750629723,0.004062004520640143
0.014905149051490514,0.012594458438287152,0.0017044872949963223
0.3902439024390244,0.005037783375314861,0.0012032171139144273
0.21138211382113822,0.005037783375314861,0.0015042408476280303
0.0027100271002710027,0.07808564231738035,0.012614321331931825
0.052845528455284556,0.005037783375314861,0.0012163672158389052
0.0013550135501355014,0.11335012594458438,0.030158192455838163
0.35365853658536583,0.0,0.002649177535997586
0.05962059620596206,0.007556675062972292,0.0021725379777611463
0.7411924119241192,0.005037783375314861,0.00029432819752430735
0.07994579945799458,0.035264483627204024,0.01128564467230075
0.07859078590785908,0.020151133501259445,0.003396564611605801
0.01084010840108401,0.035264483627204024,0.005526433606813571
0.8550135501355014,0.0,0.00037868506863931496
0.016260162601626015,0.022670025188916875,0.005899077201924755
0.023035230352303523,0.0,0.0005465037777540516
0.15447154471544716,0.005037783375314861,0.0011195315176358786
0.03252032520325203,0.007556675062972292,0.0012057473036826188
0.05962059620596206,0.005037783375314861,0.0009815587204806244
0.03252032520325203,0.04030226700251889,0.008436513295914867
0.04878048780487805,0.0,0.0006364201814889629
0.1016260162601626,0.0,0.0005150743456675379
0.02168021680216802,0.007556675062972292,0.0027745338086624712
0.6233062330623306,0.0025188916876574307,0.000734529580663732
0.02981029810298103,0.035264483627204024,0.02096883582474694
0.7791327913279132,0.0,0.0002657559865365676
0.8102981029810298,0.0,0.0005756612027017812
0.2899728997289973,0.0025188916876574307,0.0016259653513059195
0.004065040650406504,0.010075566750629723,0.007290750423131208
0.07181571815718157,0.02518891687657431,0.006195057768277269
0.037940379403794036,0.005037783375314861,0.0016431431022491509
0.11382113821138211,0.03778337531486146,0.029701742779221368
0.513550135501355,0.0025188916876574307,0.000481665513422235
0.12872628726287264,0.017632241813602016,0.0032386429032850105
0.5176151761517616,0.010075566750629723,0.0025708965627612964
0.8509485094850948,0.0025188916876574307,0.0006970758872243815
0.07723577235772358,0.0,0.00031821869683212834
0.025745257452574527,0.0025188916876574307,0.0012803448714060308
0.12466124661246612,0.02518891687657431,0.0045249948238685845
0.943089430894309,0.0,5.731654372841775e-05
0.6178861788617886,0.0,0.0007643927047985083
0.5176151761517616,0.0,0.0005028364890336326
0.5094850948509485,0.007556675062972292,0.002117097561139755
0.023035230352303523,0.007556675062972292,0.003545226169618517
0.01084010840108401,0.030226700251889168,0.010291297305576817
0.5528455284552846,0.0,0.0004168788856162997
0.012195121951219513,0.0579345088161209,0.044033391688918705
0.02168021680216802,0.007556675062972292,0.0013305183623875138
0.35772357723577236,0.007556675062972292,0.0027230005558327767
0.6070460704607046,0.0,0.0002654978039071603
0.024390243902439025,0.0025188916876574307,0.0004978621703737188
0.0975609756097561,0.007556675062972292,0.0006025638326860206
0.01084010840108401,0.015113350125944586,0.002749317971857026
0.34823848238482386,0.012594458438287152,0.002008196128055761
0.03387533875338753,0.0982367758186398,0.023261927878265993
0.12466124661246612,0.0,0.0007574217738045114
0.056910569105691054,0.010075566750629723,0.0035200963936895414
0.32791327913279134,0.0025188916876574307,0.0010625420052380434
0.8021680216802168,0.005037783375314861,0.001955561296007262
0.09078590785907859,0.027707808564231738,0.01425316139035752
0.08265582655826559,0.0,0.0002806961546916026
0.04878048780487805,0.020151133501259445,0.004054568860913214
0.18699186991869918,0.015113350125944586,0.007705512211186367
0.13008130081300812,0.010075566750629723,0.006053986779569127
0.01084010840108401,0.005037783375314861,0.0009991323514556138
0.07046070460704607,0.0025188916876574307,0.0015863601359548416
0.43902439024390244,0.005037783375314861,0.0005346962255024918
0.02168021680216802,0.047858942065491177,0.009893489510186069
0.6205962059620597,0.0,0.0009847946094358624
0.07994579945799458,0.020151133501259445,0.00646542661779258
0.33739837398373984,0.0,0.0005598260014314677
0.0013550135501355014,0.010075566750629723,0.0020901088702790466
0.08672086720867209,0.0025188916876574307,0.0013323256407933649
0.1016260162601626,0.0,0.000561788189414963
0.9796747967479674,0.0,0.00016411809142656558
0.005420054200542005,0.06801007556675064,0.013434033968124667
0.005420054200542005,0.0025188916876574307,0.001025191584850456
0.45121951219512196,0.030226700251889168,0.007201574142933931
0.23035230352303523,0.0025188916876574307,0.0004930427612914493
0.5704607046070461,0.0025188916876574307,0.0007681793833631484
0.1951219512195122,0.015113350125944586,0.0049261589934416275
0.8468834688346883,0.0,0.00046541721994486975
0.8116531165311653,0.0,0.0003890123738156065
0.04065040650406504,0.0,0.00029771899605718973
0.508130081300813,0.005037783375314861,0.0012492596828253936
0.6260162601626016,0.0,0.00022954156971837213
0.01084010840108401,0.0025188916876574307,0.0033898346510659177
0.44173441734417346,0.027707808564231738,0.005647331926077356
0.028455284552845527,0.060453400503778336,0.003105919819594371
0.02981029810298103,0.017632241813602016,0.005348545775151949
0.04742547425474255,0.010075566750629723,0.0021640523753412937
0.5785907859078591,0.0025188916876574307,0.0013465084732354718
0.7466124661246613,0.0025188916876574307,0.0010579463544345938
0.051490514905149054,0.0,0.000609758521958837
0.22086720867208673,0.0,0.0001858398566473653
0.005420054200542005,0.10327455919395466,0.031057304856661392
0.004065040650406504,0.012594458438287152,0.0022088728798063985
0.03523035230352303,0.0025188916876574307,0.002049419287884458
0.01084010840108401,0.015113350125944586,0.006670681808171374
0.024390243902439025,0.05541561712846347,0.02357969905854048
0.07859078590785908,0.020151133501259445,0.004190063104826158
0.1070460704607046,0.012594458438287152,0.02396447723723381
0.43224932249322495,0.0025188916876574307,0.00041524372896338687
0.5271002710027101,0.0,0.0008238263460880657
0.3170731707317073,0.010075566750629723,0.0010397014486231454
0.0013550135501355014,0.09571788413098237,0.021825812820450898
0.08536585365853659,0.0025188916876574307,0.002162795886544845
0.943089430894309,0.0,0.001129118699274536
0.004065040650406504,0.0025188916876574307,0.0004667941939683753
0.3143631436314363,0.0,0.0003824545350286614
0.05962059620596206,0.0025188916876574307,0.0006559387882721538
0.5121951219512195,0.012594458438287152,0.0038938243558442357
0.5176151761517616,0.007556675062972292,0.0020806077495168582
0.8414634146341463,0.0025188916876574307,0.0010183927756093974
0.6842818428184282,0.0,0.00020060790304946214
0.1016260162601626,0.007556675062972292,0.0024413577315000137
0.7303523035230353,0.0025188916876574307,0.0004147273637045723
0.15718157181571815,0.0,0.002932834184839726
0.8482384823848238,0.007556675062972292,0.0022560342401114633
0.2940379403794038,0.007556675062972292,0.0012437173623807837
0.06233062330623306,0.0025188916876574307,0.0007821384575264358
0.2953929539295393,0.017632241813602016,0.0018258847673436288
0.8455284552845529,0.0,0.00030570544539352184
0.7615176151761518,0.005037783375314861,0.0007429635465577034
0.006775067750677507,0.0025188916876574307,0.0002765480204457922
0.5975609756097561,0.0025188916876574307,0.001042902913227796
0.023035230352303523,0.05289672544080604,0.014090936638213276
0.42140921409214094,0.005037783375314861,0.0019358533552958394
0.11517615176151762,0.005037783375314861,0.002564373148324939
0.013550135501355014,0.11586901763224182,0.036784174244771484
0.005420054200542005,0.02518891687657431,0.007943918051181055
0.09620596205962059,0.017632241813602016,0.004445336876608789
0.3604336043360434,0.0,0.0005885703341721457
0.5907859078590786,0.0,0.00035947628101141283
0.004065040650406504,0.02518891687657431,0.004334800286871884
0.5149051490514905,0.005037783375314861,0.0010951935017704183
0.04065040650406504,0.0,0.00021145157348456822
0.5704607046070461,0.007556675062972292,0.0035280484186752856
0.23170731707317074,0.0,0.00032286598416145955
0.03387533875338753,0.0,0.0001643246375300914
0.004065040650406504,0.017632241813602016,0.006836331783199088
0.08130081300813008,0.012594458438287152,0.013054126835039492
0.10840108401084012,0.07052896725440806,0.006703419365580217
0.05420054200542006,0.012594458438287152,0.0010536088862605512
0.15582655826558264,0.005037783375314861,0.0009296295876191719
0.02981029810298103,0.012594458438287152,0.008318541046451031
0.05013550135501355,0.0,0.0003589427035773045
0.0027100271002710027,0.181360201511335,0.05835034140091512
0.012195121951219513,0.02518891687657431,0.006380019803984649
0.044715447154471545,0.027707808564231738,0.0078114703622951176
0.5934959349593496,0.0,0.0005407376990306222
0.5636856368563685,0.007556675062972292,0.003598222457348186
0.004065040650406504,0.35768261964735515,0.33673510749666136
0.1043360433604336,0.005037783375314861,0.0033482156112054633
0.23848238482384823,0.0,0.000778592749415909
0.023035230352303523,0.007556675062972292,0.0022416792859164176
0.9132791327913279,0.0,0.0008548426859675279
0.11788617886178862,0.0025188916876574307,0.0014915382622611919
0.037940379403794036,0.015113350125944586,0.0020094354046769165
0.5813008130081301,0.0025188916876574307,0.0003405773125387994
0.5257452574525745,0.0025188916876574307,0.0005406860625047408
0.31842818428184283,0.0025188916876574307,0.0005186028416027708
1.0,0.0025188916876574307,0.0020294015280177464
0.0948509485094851,0.0,0.00012298099247433778
0.04200542005420054,0.007556675062972292,0.0016746069586862523
0.16260162601626016,0.010075566750629723,0.003980831901954493
0.8956639566395664,0.0025188916876574307,0.0007056475505207036
0.35501355013550134,0.0,0.0001921050884543155
0.044715447154471545,0.010075566750629723,0.0022158265986251015
0.11788617886178862,0.0025188916876574307,0.0008315890371455782
0.2872628726287263,0.015113350125944586,0.001279673596569572
0.005420054200542005,0.0,0.0002856360490009287
0.04742547425474255,0.0654911838790932,0.01795104234265692
0.01084010840108401,0.09319899244332494,0.06264491683412536
0.025745257452574527,0.0025188916876574307,0.0010900298491822726
0.6233062330623306,0.02518891687657431,0.0023709599345482935
0.2506775067750677,0.012594458438287152,0.0011713057409196868
0.004065040650406504,0.047858942065491177,0.013375323238197451
0.2127371273712737,0.007556675062972292,0.0018520472737902339
0.0013550135501355014,0.0025188916876574307,0.0005573302360138639
0.924119241192412,0.0,0.00010377220484643563
0.04200542005420054,0.0,0.0013333411591357
0.13008130081300812,0.005037783375314861,0.0019726357738987306
0.0948509485094851,0.027707808564231738,0.011543827301708037
0.013550135501355014,0.035264483627204024,0.008589426261225157
0.02032520325203252,0.0327455919395466,0.006711130420111848
0.3699186991869919,0.005037783375314861,0.00033994046205292815
0.8130081300813008,0.0,0.001259862382806386
0.513550135501355,0.005037783375314861,0.0014874073401906754
0.023035230352303523,0.0,0.00015902328753959508
0.10569105691056911,0.02518891687657431,0.007401424710270466
0.3170731707317073,0.007556675062972292,0.0011918570782205066
0.009485094850948509,0.012594458438287152,0.009133589183139248
0.08807588075880758,0.005037783375314861,0.0024622188879561227
0.5691056910569106,0.0,0.00014983198593269566
0.1043360433604336,0.0,0.0007765445005559445
0.025745257452574527,0.0,0.0003718690472229626
0.14634146341463414,0.010075566750629723,0.0018106692043838928
0.6842818428184282,0.0025188916876574307,0.003949695076847973
0.924119241192412,0.0,9.256707873015935e-05
0.012195121951219513,0.005037783375314861,0.0006445787525782332
0.34417344173441733,0.0,0.0014352200246998156
0.5799457994579946,0.0025188916876574307,0.0010689277222720504
0.016260162601626015,0.007556675062972292,0.0013260431968111208
0.4932249322493225,0.007556675062972292,0.0013255096193770122
0.7425474254742548,0.0,0.00027751190226224607
0.018970189701897018,0.015113350125944586,0.005860935021473651
0.08130081300813008,0.04282115869017632,0.023813027306823498
0.2046070460704607,0.0025188916876574307,0.000832845525942027
0.06639566395663957,0.0025188916876574307,0.00046316242498137944
0.7710027100271003,0.0,0.00041744688740099576
0.08807588075880758,0.005037783375314861,0.0005657814140831291
0.024390243902439025,0.005037783375314861,0.0018110995087662382
0.04200542005420054,0.007556675062972292,0.0030035762252973225
0.926829268292683,0.0,0.0005235083115615093
0.15447154471544716,0.007556675062972292,0.003890554042538411
0.12059620596205962,0.007556675062972292,0.0023339709698418764
0.0,0.11083123425692695,0.054156061313141976
0.02032520325203252,0.05541561712846347,0.024236395182525565
0.48509485094850946,0.0,0.0001266816101625089
0.34146341463414637,0.0,0.0006228225630068458
0.5650406504065041,0.005037783375314861,0.0007836703411275857
0.028455284552845527,0.010075566750629723,0.004806293404695471
0.01084010840108401,0.09571788413098237,0.020554108461042365
0.03523035230352303,0.010075566750629723,0.001518561377472488
0.14634146341463414,0.010075566750629723,0.005830589956430649
0.06775067750677506,0.012594458438287152,0.0034815755453819737
0.06097560975609756,0.0,0.0028102490723971455
0.044715447154471545,0.0025188916876574307,0.0006990724995584646
0.36585365853658536,0.0,0.0002368223198676576
0.5460704607046071,0.0,0.00022902520445955752
0.04200542005420054,0.0025188916876574307,0.001865748165324114
0.1910569105691057,0.005037783375314861,0.002914055701594169
0.9728997289972899,0.0,0.0005489479066457741
0.04200542005420054,0.02518891687657431,0.005452868769607787
0.013550135501355014,0.012594458438287152,0.0010035558805061252
0.04742547425474255,0.0025188916876574307,0.0011285851218404276
0.11653116531165311,0.0,0.0006001885524954735
0.04336043360433604,0.017632241813602016,0.003029945277847453
0.42140921409214094,0.007556675062972292,0.0015674267431316404
0.02032520325203252,0.1385390428211587,0.02366954661357422
0.0027100271002710027,0.11838790931989925,0.041564563325649756
0.6449864498644986,0.005037783375314861,0.0004861751033492156
0.02168021680216802,0.0025188916876574307,0.002310872230597571
0.005420054200542005,0.0327455919395466,0.005335757128908642
0.7330623306233063,0.0,0.00018081390146157012
0.009485094850948509,0.005037783375314861,0.0032722066451079577
0.023035230352303523,0.0,0.0005278974162614331
0.3319783197831978,0.005037783375314861,0.0016870513614236835
0.5284552845528455,0.0,0.00012504645350959608
0.1910569105691057,0.007556675062972292,0.0022329355008671578
0.11517615176151762,0.0,0.0008706778872378415
0.5623306233062331,0.007556675062972292,0.0019069024764516353
0.7994579945799458,0.0,0.0018016156001793438
0.04878048780487805,0.005037783375314861,0.0005860745687545418
0.11653116531165311,0.0,0.0001878364689814483
0.5067750677506775,0.0025188916876574307,0.0010604937563780791
0.9959349593495935,0.0,0.0007344607319625568
0.2032520325203252,0.005037783375314861,0.004717994945438178
0.21138211382113822,0.0579345088161209,0.008445515263593533
0.0013550135501355014,0.1712846347607053,0.03476967846055819
0.12330623306233063,0.0025188916876574307,0.0012357481252197454
0.005420054200542005,0.0025188916876574307,0.0004076015231329312
0.5,0.007556675062972292,0.001524929882331201
0.5365853658536586,0.0025188916876574307,0.0005139383420981458
0.924119241192412,0.0,0.00019754413584716234
0.03929539295392954,0.007556675062972292,0.0011113040978454332
0.35501355013550134,0.0025188916876574307,0.0006721354452236376
0.0948509485094851,0.007556675062972292,0.005553009205467227
0.9959349593495935,0.0,0.00027098848782588857
0.03523035230352303,0.020151133501259445,0.005086077314096501
0.7466124661246613,0.0,0.00035548305634324677
0.37533875338753386,0.0,0.0001972515288671674
0.12059620596205962,0.007556675062972292,0.00798422896571918
0.9173441734417345,0.0,0.000992540088318081
0.06775067750677506,0.005037783375314861,0.0007067319175642141
0.5853658536585366,0.0025188916876574307,0.0007742552812418667
0.5528455284552846,0.0025188916876574307,0.0010397014486231454
0.02032520325203252,0.012594458438287152,0.0024361596545612804
0.17750677506775067,0.0,0.0002644306490389435
0.08807588075880758,0.012594458438287152,0.00505592158298173
0.6924119241192412,0.007556675062972292,0.0023680338647483444
0.7357723577235772,0.0,0.0003828848394110069
0.03116531165311653,0.015113350125944586,0.002681674122952317
0.014905149051490514,0.017632241813602016,0.007768904652793504
0.5230352303523035,0.007556675062972292,0.002337981406685336
0.2046070460704607,0.005037783375314861,0.0022478412446716054
0.025745257452574527,0.012594458438287152,0.0021645343162495206
0.2222222222222222,0.0025188916876574307,0.0011822526844065557
0.2127371273712737,0.010075566750629723,0.003275683504517309
0.505420054200542,0.0025188916876574307,0.0002871851447773724
0.10569105691056911,0.007556675062972292,0.003073113413484352
0.38346883468834686,0.0025188916876574307,0.0015025884787998236
0.03929539295392954,0.035264483627204024,0.005606504646280416
0.43360433604336046,0.010075566750629723,0.002422148943872112
0.012195121951219513,0.027707808564231738,0.005971695369489378
0.0,0.36272040302267,0.9999999999999999
0.0989159891598916,0.022670025188916875,0.01011559542017751
0.12737127371273713,0.015113350125944586,0.0031558351279464465
0.07181571815718157,0.0025188916876574307,0.0014324832888280982
0.08130081300813008,0.0025188916876574307,0.0010147610066224015
0.023035230352303523,0.0327455919395466,0.006168912474005958
0.006775067750677507,0.0025188916876574307,0.0010827318868576934
0.5934959349593496,0.0,0.00035402002144327215
0.26558265582655827,0.02518891687657431,0.00773675230934465
0.3048780487804878,0.0025188916876574307,0.0009650522443738519
0.1070460704607046,0.012594458438287152,0.0029364659538267217
0.5040650406504065,0.0,8.192995439857914e-05
0.06368563685636856,0.0,0.00018461779220150417
0.07588075880758807,0.0025188916876574307,0.0008934495951515641
0.6666666666666666,0.005037783375314861,0.0026376281663754333
0.013550135501355014,0.015113350125944586,0.004310100815325253
0.6395663956639567,0.0,0.00013454757427178426
0.23306233062330622,0.05541561712846347,0.017116320689607868
0.2005420054200542,0.007556675062972292,0.0018998454845811697
0.2086720867208672,0.010075566750629723,0.0012746992779096582
0.08130081300813008,0.0,0.002713602708122351
0.016260162601626015,0.06297229219143577,0.00780453385565171
0.6802168021680217,0.0,0.00025868178249080796
0.10569105691056911,0.015113350125944586,0.005108608051556111
0.8888888888888888,0.0,0.00034357223103992395
0.10975609756097561,0.07304785894206549,0.00612092492928679
0.34417344173441733,0.0,9.199907694546333e-05
0.9105691056910569,0.0,0.0004585667741779297
0.2696476964769648,0.007556675062972292,0.001131872647321547
0.018970189701897018,0.0025188916876574307,0.004998243583572142
0.31842818428184283,0.005037783375314861,0.07664814022704133
0.8252032520325203,0.0,0.001248829378443048
0.23848238482384823,0.0,7.573357129280424e-05
0.5799457994579946,0.0,6.47349912800538e-05
0.06910569105691057,0.035264483627204024,0.006377713372495278
0.005420054200542005,0.0,0.00020152014834003455
0.3333333333333333,0.0025188916876574307,0.0005225616419203493
0.2005420054200542,0.012594458438287152,0.0024948015357873225
0.5257452574525745,0.007556675062972292,0.0014343766281104185
0.05420054200542006,0.0,0.00019133054056609362
0.06368563685636856,0.010075566750629723,0.0026552017973504225
0.6029810298102981,0.0,0.00039570791000490213
0.2967479674796748,0.027707808564231738,0.006705588099667238
0.0027100271002710027,0.0,0.006640543289231896
0.07859078590785908,0.02518891687657431,0.01136528540738525
0.0013550135501355014,0.04534005037783375,0.011392308522596546
0.01084010840108401,0.027707808564231738,0.007927583696827221
0.9932249322493225,0.0,0.00024862987211921755
0.02981029810298103,0.0025188916876574307,0.001133197984819171
0.2181571815718157,0.02518891687657431,0.019622671595017342
0.07859078590785908,0.007556675062972292,0.0019106719428409818
0.025745257452574527,0.0025188916876574307,0.0008997492513091021
0.6598915989159891,0.0,0.00025689171626025074
0.2872628726287263,0.0,0.0015982365369075766
0.5826558265582655,0.0025188916876574307,0.0008393517282030907
0.26016260162601623,0.0025188916876574307,0.0014442564167290708
0.023035230352303523,0.02518891687657431,0.007613513134240904
0.6178861788617886,0.0,0.00020222584752708115
0.22086720867208673,0.012594458438287152,0.003256509141239995
0.3075880758807588,0.0,0.00034897685408218315
0.03929539295392954,0.005037783375314861,0.0004712693595447682
0.03252032520325203,0.05037783375314861,0.016110286255859432
0.02981029810298103,0.0025188916876574307,0.0014616579259511219
0.07723577235772358,0.010075566750629723,0.0027773393932353633
0.11924119241192412,0.027707808564231738,0.004245296975344023
0.25203252032520324,0.005037783375314861,0.00043772282989711466
0.6517615176151762,0.0025188916876574307,0.0007227564527627596
0.11517615176151762,0.007556675062972292,0.0005098762687288045
0.051490514905149054,0.005037783375314861,0.0004542981547050625
0.5623306233062331,0.005037783375314861,0.0019572997257119376
0.1070460704607046,0.0,0.0005314087000213723
0.03252032520325203,0.05037783375314861,0.007666922514177626
0.004065040650406504,0.3173803526448362,0.21753791915368972
0.056910569105691054,0.0,0.0003725403220594216
0.07994579945799458,0.012594458438287152,0.005102652638904449
0.04336043360433604,0.03778337531486146,0.010270470573471297
0.521680216802168,0.010075566750629723,0.004302820065175968
0.005420054200542005,0.02518891687657431,0.00412553465964963
0.04200542005420054,0.012594458438287152,0.002701623034117853
0.6192411924119241,0.0025188916876574307,0.0010669311099379673
0.55420054200542,0.0025188916876574307,0.0024892075788168306
0.5853658536585366,0.0,0.0007496074462211176
0.0027100271002710027,0.017632241813602016,0.008465946115667297
0.0013550135501355014,0.015113350125944586,0.0047606811401668505
0.35772357723577236,0.015113350125944586,0.0020007604683288313
0.3523035230352303,0.007556675062972292,0.0012228217815740874
0.16802168021680217,0.015113350125944586,0.0027141534977317538
0.32926829268292684,0.0,0.0009599574404868813
0.2750677506775068,0.010075566750629723,0.0020954618567954244
0.7913279132791328,0.007556675062972292,0.001734608601760506
0.01084010840108401,0.0025188916876574307,0.0014919857788188312
0.7059620596205962,0.0025188916876574307,0.0004367589480806608
0.521680216802168,0.027707808564231738,0.004705275147896046
0.014905149051490514,0.09319899244332494,0.013796969896370137
0.6598915989159891,0.0025188916876574307,0.0013299675727781114
0.12059620596205962,0.007556675062972292,0.0050387954685643796
0.07994579945799458,0.027707808564231738,0.009221474550189488
0.014905149051490514,0.0,0.000665715303839043
0.0013550135501355014,0.06801007556675064,0.049707884427609705
0.013550135501355014,0.012594458438287152,0.003226525531878162
0.12737127371273713,0.020151133501259445,0.005261589865567575
0.04065040650406504,0.0,0.0030323894067391757
0.4932249322493225,0.007556675062972292,0.0023663642837448437
0.009485094850948509,0.0025188916876574307,0.0010002339306744183
0.024390243902439025,0.007556675062972292,0.001335836924553304
0.505420054200542,0.007556675062972292,0.0014042381091709413
0.03252032520325203,0.012594458438287152,0.00401007538777869
0.5271002710027101,0.0,0.0004401153222629555
0.009485094850948509,0.015113350125944586,0.0029505799375676533
0.08672086720867209,0.0,0.000533629070634275
0.8685636856368564,0.0,0.0005741121069253376
0.03116531165311653,0.017632241813602016,0.002163019644823664
0.02032520325203252,0.027707808564231738,0.025163133124695376
0.009485094850948509,0.0025188916876574307,0.00030138518939477324
0.03523035230352303,0.007556675062972292,0.0023167243701974695
0.014905149051490514,0.005037783375314861,0.0012204981379094217
0.023035230352303523,0.010075566750629723,0.0024433887681846846
0.34146341463414637,0.0,0.0001412258982857861
0.5176151761517616,0.0025188916876574307,0.0009746738503630969
0.005420054200542005,0.0,0.0005952830825367352
0.04065040650406504,0.022670025188916875,0.004354869683264476
0.6165311653116531,0.0,0.0003764302736758247
0.7181571815718157,0.0025188916876574307,0.0009496301353105898
0.006775067750677507,0.007556675062972292,0.0023836108833892506
0.3902439024390244,0.0,0.0002460824701757323
0.23848238482384823,0.005037783375314861,0.0011557975709799557
0.505420054200542,0.010075566750629723,0.0019613617990812795
0.3428184281842818,0.005037783375314861,0.001401587434175693
0.8739837398373984,0.0,0.0006756639411588705
0.11517615176151762,0.0025188916876574307,0.0011192905471817652
0.0013550135501355014,0.0025188916876574307,0.0016574119955677271
0.04200542005420054,0.015113350125944586,0.0016395457576127428
0.540650406504065,0.0025188916876574307,0.0005564696272491729
0.0,0.047858942065491177,0.010463160875885601
0.016260162601626015,0.005037783375314861,0.0018327524252858625
0.44986449864498645,0.005037783375314861,0.0010209746019034702
0.03116531165311653,0.030226700251889168,0.007725702092806018
0.018970189701897018,0.017632241813602016,0.002039935379297564
0.8468834688346883,0.0,0.00395441121287848
0.8753387533875339,0.0,0.0001891618064790724
0.5,0.0,0.0005612546119808547
0.03929539295392954,0.007556675062972292,0.0022808197725345627
0.2696476964769648,0.005037783375314861,0.002399446084659564
0.8739837398373984,0.0,0.0006268674242008933
0.513550135501355,0.0,0.00018265560421800876
0.04065040650406504,0.030226700251889168,0.01464164018673902
0.5040650406504065,0.0,0.0003520750456350706
0.009485094850948509,0.017632241813602016,0.0029137114580882924
0.5338753387533876,0.015113350125944586,0.002714962469970563
0.09078590785907859,0.005037783375314861,0.001796365886714729
0.013550135501355014,0.04534005037783375,0.03570423073031139
0.502710027100271,0.0025188916876574307,0.00037947682870283065
0.05013550135501355,0.0,0.00014972871288093274
0.21002710027100271,0.0025188916876574307,0.0002689402389659241
0.004065040650406504,0.0,0.0005330094323236974
0.0027100271002710027,0.06297229219143577,0.015311142169142701
0.8197831978319783,0.0,0.0005534747087480484
0.5365853658536586,0.0,0.000448256681176932
0.997289972899729,0.0,0.00017966068571688423
0.15582655826558264,0.020151133501259445,0.010246166981956423
0.01084010840108401,0.04534005037783375,0.01170856503144518
0.42276422764227645,0.0,0.0003004385197536132
0.1897018970189702,0.012594458438287152,0.006423084666569785
0.19647696476964768,0.02518891687657431,0.004272595485360021
0.25745257452574527,0.0,0.00020134802658709636
0.5989159891598916,0.0,0.00024114257586640623
0.556910569105691,0.0,0.0006067291791071248
0.4959349593495935,0.0,0.00029363971051255466
0.058265582655826556,0.005037783375314861,0.02168541310657922
0.005420054200542005,0.022670025188916875,0.004396385450073168
0.018970189701897018,0.0,0.00016859325700295852
0.4010840108401084,0.0,0.0006209292237245257
0.10569105691056911,0.007556675062972292,0.004688217882179871
0.5365853658536586,0.0025188916876574307,0.002667766685314911
0.02032520325203252,0.012594458438287152,0.005641531423003339
0.8008130081300813,0.0,0.0003941243898778708
0.1937669376693767,0.010075566750629723,0.0023305973834842875
0.0989159891598916,0.012594458438287152,0.0019804501014821247
0.1856368563685637,0.012594458438287152,0.0013590045124987843
0.26016260162601623,0.0025188916876574307,0.0010136250030530094
0.45799457994579945,0.0,0.0017929923003571406
0.009485094850948509,0.010075566750629723,0.008009203832070513
0.35636856368563685,0.005037783375314861,0.0009819546005123824
0.009485094850948509,0.007556675062972292,0.002012981112787443
0.3902439024390244,0.007556675062972292,0.007189766590682371
0.01084010840108401,0.0654911838790932,0.02421288335107421
0.4959349593495935,0.0,0.0002851196837421141
0.23306233062330622,0.012594458438287152,0.009683638669003826
0.02032520325203252,0.020151133501259445,0.005326583039477036
0.05420054200542006,0.010075566750629723,0.001165660147423314
0.05013550135501355,0.017632241813602016,0.0031905176611634924
0.3794037940379404,0.0,0.0002778905701187101
0.37262872628726285,0.015113350125944586,0.007598004964301174
0.6476964769647696,0.005037783375314861,0.0016505615498007872
0.08807588075880758,0.07304785894206549,0.011326317042520044
0.023035230352303523,0.04282115869017632,0.010154976877249769
0.024390243902439025,0.0,0.0003150860809286533
0.24119241192411925,0.010075566750629723,0.003543160708583259
0.535230352303523,0.02518891687657431,0.00687960319188775
0.5433604336043361,0.0025188916876574307,0.0015138452414419814
0.052845528455284556,0.017632241813602016,0.004674224383665997
0.5894308943089431,0.0,0.0005815821910028551
0.5094850948509485,0.005037783375314861,0.0006829791156587437
0.03929539295392954,0.0025188916876574307,0.002596456643072618
0.08130081300813008,0.012594458438287152,0.0018178983180072968
0.10569105691056911,0.0025188916876574307,0.0005856614765474902
0.8482384823848238,0.0,0.0004966573181031514
0.7235772357723578,0.0,0.00018683816281440683
0.37533875338753386,0.005037783375314861,0.0005476225691481499
0.025745257452574527,0.005037783375314861,0.0022301987649954408
0.03116531165311653,0.0,0.0004973113807643165
0.01084010840108401,0.020151133501259445,0.012035458664625394
0.6490514905149052,0.0,0.0005287580250261241
0.3915989159891599,0.0025188916876574307,0.0023037463900259297
0.17479674796747968,0.0,0.0027410905520665802
0.516260162601626,0.005037783375314861,0.0022143291393745394
0.2669376693766938,0.007556675062972292,0.001990863467534885
0.06233062330623306,0.007556675062972292,0.001865541619220588
0.8116531165311653,0.0,4.681711679918807e-05
0.8970189701897019,0.0,0.0003936940854955253
0.8184281842818428,0.0,0.0033598854660546727
0.3821138211382114,0.0,0.0005325963401166458
0.028455284552845527,0.012594458438287152,0.005459994610179428
0.03387533875338753,0.012594458438287152,0.0016290291185082192
0.03929539295392954,0.0327455919395466,0.007244948824674354
0.037940379403794036,0.02518891687657431,0.006904922301744958
0.0027100271002710027,0.06297229219143577,0.028894732728395368
0.6680216802168022,0.005037783375314861,0.0004790320506022806
0.12601626016260162,0.007556675062972292,0.002500257795355463
0.9878048780487805,0.0,0.0001769927985463423
0.5284552845528455,0.0025188916876574307,0.0006724624765542202
0.025745257452574527,0.020151133501259445,0.003125128607222273
0.023035230352303523,0.035264483627204024,0.005446603537800837
0.014905149051490514,0.04282115869017632,0.010539531297664276
0.23983739837398374,0.0,0.0011708065878361657
0.08130081300813008,0.010075566750629723,0.0038097773038845172
0.36449864498644985,0.0,0.00023293236825125448
0.9878048780487805,0.0,0.0003464983008398732
0.08536585365853659,0.0,0.00024771762682864514
0.005420054200542005,0.012594458438287152,0.002868477861416136
0.05962059620596206,0.06297229219143577,0.02044105889371256
0.6205962059620597,0.0,0.0009252749072698358
0.004065040650406504,0.08060453400503778,0.023320432062089686
0.025745257452574527,0.0025188916876574307,0.0006701216207142608
0.11653116531165311,0.010075566750629723,0.004635944505812543
0.0013550135501355014,0.010075566750629723,0.002717613144965811
0.8035230352303523,0.0,0.0006160237537657872
0.12059620596205962,0.0,0.0005209609096180241
0.052845528455284556,0.012594458438287152,0.0013550285000059122
0.023035230352303523,0.015113350125944586,0.0037922036729095276
0.009485094850948509,0.007556675062972292,0.0001541694541067381
0.7249322493224932,0.0,0.00016480657843831833
0.0027100271002710027,0.04534005037783375,0.017108179330693894
0.556910569105691,0.0,0.0006369709710983651
0.07317073170731707,0.005037783375314861,0.0006553191499615764
0.12330623306233063,0.035264483627204024,0.0035205955467730622
0.25745257452574527,0.017632241813602016,0.0036392046467227696
0.5880758807588076,0.005037783375314861,0.0011333184700462278
0.8292682926829268,0.0025188916876574307,0.0019645116271600482
0.8590785907859079,0.0,0.0006885386482786472
0.23848238482384823,0.0025188916876574307,0.0013485395099201423
0.4932249322493225,0.007556675062972292,0.0015968595628840713
0.0948509485094851,0.015113350125944586,0.006474256463718309
0.7235772357723578,0.0025188916876574307,0.0009157565743323538
0.6029810298102981,0.0,0.00011272253599922158
0.044715447154471545,0.027707808564231738,0.021356626134116683
0.27100271002710025,0.0,0.0014753760296602957
0.4186991869918699,0.0,0.0005650585027207887
0.532520325203252,0.0025188916876574307,0.000939526588413118
0.3265582655826558,0.0,0.00018898968472613422
0.06097560975609756,0.0,0.0011150047155336043
0.505420054200542,0.0025188916876574307,0.0011504445844635778
0.3604336043360434,0.0,0.0002574941423955344
0.023035230352303523,0.0,0.0005263311083096956
0.25609756097560976,0.0,6.225643803774384e-05
0.03387533875338753,0.017632241813602016,0.002685150982361668
0.03252032520325203,0.005037783375314861,0.0007763723788030063
0.8075880758807588,0.0,0.00021971341762560138
0.1002710027100271,0.0,0.0012067283976743665
0.0027100271002710027,0.07304785894206549,0.013398525250493518
0.009485094850948509,0.10831234256926953,0.01051849801945523
0.6571815718157181,0.0025188916876574307,0.0006387438251536285
0.013550135501355014,0.005037783375314861,0.00017126114417350048
0.516260162601626,0.0,0.0006140271414317042
0.028455284552845527,0.012594458438287152,0.001575757435973849
0.5501355013550135,0.005037783375314861,0.0006187260652869168
0.556910569105691,0.0,0.0001886110168696702
0.0,0.0,0.001455461542845347
0.22493224932249323,0.0,0.00022117645252557605
0.8035230352303523,0.0,0.00019411891296369232
0.03387533875338753,0.0579345088161209,0.029298427087736598
0.12330623306233063,0.0025188916876574307,0.0012279165854610578
0.2967479674796748,0.0,0.0003458270260034142
0.26016260162601623,0.06801007556675064,0.01179243996165196
0.013550135501355014,0.05037783375314861,0.0168324747068375
0.24119241192411925,0.012594458438287152,0.002589244741624508
0.22899728997289973,0.02518891687657431,0.006009028577701671
0.4905149051490515,0.007556675062972292,0.0013108276338513847
0.41192411924119243,0.0,0.0002391976000582047
0.4010840108401084,0.0025188916876574307,0.0006603795294979592
0.42276422764227645,0.010075566750629723,0.003959041288032518
0.7140921409214093,0.0,0.00017048659628527863
0.15718157181571815,0.010075566750629723,0.010802447275277365
0.7981029810298103,0.0,0.0006934785425879734
0.1070460704607046,0.015113350125944586,0.00366471309050821
0.5040650406504065,0.0025188916876574307,0.0012831848803295113
0.1070460704607046,0.012594458438287152,0.0032243223734405527
0.5149051490514905,0.015113350125944586,0.002567454127702533
0.42276422764227645,0.007556675062972292,0.0020422245986116416
0.12330623306233063,0.007556675062972292,0.0021143608252680375
0.0989159891598916,0.017632241813602016,0.004021400999122024
0.22899728997289973,0.0025188916876574307,0.0008617275560850555
0.5067750677506775,0.012594458438287152,0.0013681958141056837
0.7791327913279132,0.0,0.00010408202400172437
0.15176151761517614,0.020151133501259445,0.001259690261053448
0.012195121951219513,0.005037783375314861,0.00034279768315170214
0.024390243902439025,0.020151133501259445,0.005321935752147705
0.09620596205962059,0.0,0.00038071610532398566
0.31978319783197834,0.010075566750629723,0.002485438112427485
0.004065040650406504,0.14105793450881612,0.049941315948944486
0.3048780487804878,0.005037783375314861,0.0020194012541720377
0.24932249322493225,0.012594458438287152,0.0019232196186301758
0.03929539295392954,0.030226700251889168,0.006825866780620447
0.2127371273712737,0.007556675062972292,0.004204366422495321
0.11924119241192412,0.015113350125944586,0.00238121839102341
0.4186991869918699,0.0025188916876574307,0.0011947142993192809
0.0921409214092141,0.020151133501259445,0.003485740891803078
0.7804878048780488,0.017632241813602016,0.007803466700783493
0.013550135501355014,0.05289672544080604,0.028240360248074952
0.024390243902439025,0.010075566750629723,0.001678152666796779
0.3265582655826558,0.0,0.00022761380608546437
0.978319783197832,0.0,0.0005622012816220147
0.03523035230352303,0.005037783375314861,0.0007693498112831281
0.35501355013550134,0.0,0.0004029714479788938
0.48644986449864497,0.007556675062972292,0.0018916524891413118
0.014905149051490514,0.0327455919395466,0.0008375272376219458
0.13008130081300812,0.0025188916876574307,0.0005435777079541024
0.9254742547425474,0.0,0.00036577593716895067
0.024390243902439025,0.0,6.927900555762206e-05
0.04336043360433604,0.007556675062972292,0.00147079759103214
0.0013550135501355014,0.010075566750629723,0.004951512527649423
0.6084010840108401,0.0,0.0004931804586938
0.8604336043360433,0.0,0.0006412395905712323
0.35636856368563685,0.007556675062972292,0.0033312099820151696
0.03387533875338753,0.0025188916876574307,0.0006325302298725596
0.17479674796747968,0.0025188916876574307,0.009317587337030173
0.6883468834688347,0.007556675062972292,0.011519661407595515
0.009485094850948509,0.022670025188916875,0.008365736831106682
0.051490514905149054,0.005037783375314861,0.0008490077585429232
0.7994579945799458,0.0,0.0005834066815839999
0.006775067750677507,0.005037783375314861,0.0036680178281646232
0.1991869918699187,0.0,0.0006120821656235028
0.016260162601626015,0.010075566750629723,0.002930699875103292
0.004065040650406504,0.007556675062972292,0.0047801653225994535
0.0013550135501355014,0.02518891687657431,0.0029690830260085087
0.6273712737127372,0.0025188916876574307,0.0033529317472359692
0.02981029810298103,0.012594458438287152,0.004835571314870258
0.028455284552845527,0.04282115869017632,0.0038774039406139324
0.556910569105691,0.0025188916876574307,0.0015106609890126249
0.0013550135501355014,0.015113350125944586,0.0023560369785685523
0.014905149051490514,0.020151133501259445,0.005589447380564242
0.12737127371273713,0.0025188916876574307,0.0015825562452149076
0.11924119241192412,0.022670025188916875,0.007375365476875623
0.5555555555555556,0.0025188916876574307,0.0008332069816231972
0.5718157181571816,0.0,0.0005807043700628704
0.03929539295392954,0.02518891687657431,0.008409524605054158
0.02032520325203252,0.04282115869017632,0.005916495923322099
0.005420054200542005,0.007556675062972292,0.0037082771061768658
0.28184281842818426,0.0,0.00018907574560260331
0.2181571815718157,0.0025188916876574307,0.00016871374223001526
0.02032520325203252,0.015113350125944586,0.0008956355414138791
0.006775067750677507,0.017632241813602016,0.007482769450709054
0.16666666666666666,0.022670025188916875,0.013759275232476673
0.5907859078590786,0.0,0.00034847770099866247
0.14498644986449866,0.0,0.00036248841168783124
0.09620596205962059,0.007556675062972292,0.0017273794881371017
0.926829268292683,0.0025188916876574307,0.00021257036487866646
0.06233062330623306,0.0025188916876574307,0.0008148071662341045
0.6734417344173441,0.11335012594458438,0.024993317803246557
0.5894308943089431,0.0,0.0006563174561286179
0.014905149051490514,0.015113350125944586,0.005277063611156718
0.55420054200542,0.0,6.721354452236376e-05
0.02981029810298103,0.017632241813602016,0.0036282577032359003
0.08807588075880758,0.0,0.0001508647164503248
0.044715447154471545,0.03778337531486146,0.008659135571165124
0.03116531165311653,0.0327455919395466,0.011464565234479999
0.5311653116531165,0.0,0.00031276243726398767
0.02032520325203252,0.005037783375314861,0.0018183630467402299
0.5663956639566395,0.007556675062972292,0.001247245858316017
0.42005420054200543,0.0,0.0018245766420212986
0.07046070460704607,0.017632241813602016,0.007315071226821375
0.5460704607046071,0.0,0.0008835525943576181
0.009485094850948509,0.012594458438287152,0.006633606782588487
0.556910569105691,0.0,0.0006910688380468387
0.7520325203252033,0.0,0.00017384297046757336
0.07181571815718157,0.0025188916876574307,0.0014758751827438164
0.5040650406504065,0.007556675062972292,0.001049753358994736
0.13956639566395665,0.007556675062972292,0.0013067655604820433
0.19647696476964768,0.007556675062972292,0.0036299272842394014
0.028455284552845527,0.017632241813602016,0.005648123686140872
0.018970189701897018,0.022670025188916875,0.0027424847382653797
0.2886178861788618,0.0,0.0006331498681831372
0.5474254742547425,0.0025188916876574307,0.00068332335916462
0.4092140921409214,0.0025188916876574307,0.0010813032763083064
0.9051490514905149,0.0025188916876574307,0.0006372119415524786
0.07723577235772358,0.015113350125944586,0.001919140333085541
0.02168021680216802,0.015113350125944586,0.0011786381275948536
0.5447154471544715,0.007556675062972292,0.0014204519782977188
0.4105691056910569,0.0,0.0001996612334083021
0.0027100271002710027,0.07304785894206549,0.01444113555674132
0.06639566395663957,0.03778337531486146,0.005514075264952608
0.3902439024390244,0.0025188916876574307,0.00041190456695638596
0.10975609756097561,0.005037783375314861,0.0020257697590307508
0.45121951219512196,0.010075566750629723,0.0029218872413528567
0.1802168021680217,0.0,0.00019423939819074906
0.2669376693766938,0.020151133501259445,0.0043093951161382055
0.4037940379403794,0.010075566750629723,0.00818230667900045
0.27100271002710025,0.0,0.0005794478812664215
0.44986449864498645,0.0,0.00039768731016369136
0.3238482384823848,0.010075566750629723,0.010303001584776613
0.21544715447154472,0.0025188916876574307,0.00031854572816271095
0.04336043360433604,0.02518891687657431,0.0026550468877727783
0.0,0.5214105793450882,0.19787713980257185
0.1951219512195122,0.015113350125944586,0.0033210203742412288
0.05962059620596206,0.007556675062972292,4.819409082269361e-05
0.36449864498644985,0.005037783375314861,0.0012973677127716182
0.2953929539295393,0.005037783375314861,0.0012464368860772073
0.07181571815718157,0.007556675062972292,0.002373765519121186
0.014905149051490514,0.010075566750629723,0.0019458192047909606
0.7845528455284553,0.0,0.0002965657803125039
0.04200542005420054,0.0,0.0008241189530680607
0.12737127371273713,0.010075566750629723,0.002590828261751539
0.012195121951219513,0.05037783375314861,0.005136181956376809
0.2953929539295393,0.0025188916876574307,0.0005870212383957019
0.17615176151761516,0.012594458438287152,0.0032316891844663075
0.991869918699187,0.0,0.0004998415705325081
0.03523035230352303,0.005037783375314861,0.0016722833150215866
0.12059620596205962,0.03778337531486146,0.015589824499324927
0.06097560975609756,0.0025188916876574307,0.0010380146554443512
0.8631436314363143,0.0,0.00018589149317324677
0.018970189701897018,0.005037783375314861,0.0023003383793177537
0.0013550135501355014,0.010075566750629723,0.0015302140201464034
0.8360433604336044,0.0,0.0004154330628916189
0.2953929539295393,0.0,0.00011187913940982444
0.13414634146341464,0.030226700251889168,0.010323845529057428
0.6368563685636857,0.0,0.00021842250447856495
0.989159891598916,0.0,0.0005584146030573746
0.02981029810298103,0.017632241813602016,0.004159597554556098
0.6260162601626016,0.0025188916876574307,0.0004192025292809653
0.37669376693766937,0.010075566750629723,0.0012919630897293588
0.08130081300813008,0.0,0.000366412787654822
0.5650406504065041,0.0025188916876574307,0.003765524801204108
0.37533875338753386,0.0,0.0005608587319490968
0.07859078590785908,0.005037783375314861,0.0017366224262698826
0.013550135501355014,0.07052896725440806,0.016350378889032915
0.573170731707317,0.0,0.00020998853858459357
0.10569105691056911,0.010075566750629723,0.005278853677387276
0.6978319783197832,0.0,0.00027226218879763123
0.9796747967479674,0.0,0.0001933787894260581
0.13414634146341464,0.007556675062972292,0.0028162905459252763
0.7222222222222222,0.0,0.0009969636173685925
0.009485094850948509,0.060453400503778336,0.015032322141558125
0.17073170731707318,0.017632241813602016,0.00795259298752914
0.26287262872628725,0.0025188916876574307,0.0003539511727420969
0.7804878048780488,0.0025188916876574307,0.0017478447645614527
0.4186991869918699,0.005037783375314861,0.0028858105219370118
0.1937669376693767,0.015113350125944586,0.0069520320255241404
0.5284552845528455,0.0,0.00042952983445725677
0.023035230352303523,0.012594458438287152,0.00172755160989004
0.22764227642276422,0.02518891687657431,0.001960604463368351
0.5989159891598916,0.0,0.0002804379720621953
0.01084010840108401,0.06297229219143577,0.017063771918435836
0.5420054200542005,0.0,0.00027969784852456114
0.513550135501355,0.0,0.0007716906671230875
0.058265582655826556,0.0,0.00038240289850277994
0.7642276422764228,0.0,0.0187169152945307
0.13550135501355012,0.012594458438287152,0.0042030410849976975
0.005420054200542005,0.0025188916876574307,0.001639132665405691
0.11788617886178862,0.020151133501259445,0.04522655689246154
0.8929539295392954,0.0,5.946806564014514e-05
0.5650406504065041,0.0,0.00031668681323097843
0.09078590785907859,0.0,0.0018267798004589072
0.15582655826558264,0.08312342569269522,0.026344852231667822
0.03929539295392954,0.035264483627204024,0.02520146463907471
0.38482384823848237,0.0,0.0002616939131672263
0.018970189701897018,0.0327455919395466,0.006042626743875206
0.12872628726287264,0.005037783375314861,0.0019417915557722067
0.09620596205962059,0.022670025188916875,0.0011175176931265019
0.55420054200542,0.0,0.00042701685686435915
0.2981029810298103,0.0025188916876574307,0.0004916657872679439
0.5149051490514905,0.015113350125944586,0.0017068453630115757
0.45528455284552843,0.0,0.00022883587053132553
0.6666666666666666,0.0,5.636987408725771e-05
0.7967479674796748,0.0,0.00024718404939453676
0.5433604336043361,0.0,0.0004465698879981377
0.0921409214092141,0.012594458438287152,0.002212435800092219
0.5420054200542005,0.005037783375314861,0.0007422750595459507
0.43089430894308944,0.0025188916876574307,0.00046047732563554364
0.012195121951219513,0.007556675062972292,0.0069040616929802665
0.23035230352303523,0.007556675062972292,0.0012913090270681936
0.3428184281842818,0.007556675062972292,0.0019307929757594565
0.5880758807588076,0.0025188916876574307,0.0003853978170039045
0.32791327913279134,0.0025188916876574307,0.0008838452013376132
0.0013550135501355014,0.09319899244332494,0.016442377965978378
0.03523035230352303,0.027707808564231738,0.003254564165431793
0.04200542005420054,0.010075566750629723,0.0020404517445563783
0.018970189701897018,0.0,0.0005425621896117672
0.01084010840108401,0.0025188916876574307,0.0011601694635045858
0.1043360433604336,0.0,0.0013634968902504713
0.5365853658536586,0.005037783375314861,0.0014210371922577087
0.8658536585365854,0.0,0.0003437787771434498
0.23441734417344173,0.0,0.0003021941616335827
0.006775067750677507,0.010075566750629723,0.0018983824496811947
0.03116531165311653,0.005037783375314861,0.0011863836064770722
0.4010840108401084,0.0,0.00024002378447230798
0.03116531165311653,0.005037783375314861,0.0008511420682793567
0.6355013550135501,0.020151133501259445,0.003466119011968124
0.6287262872628726,0.005037783375314861,0.00046894571588010256
0.5826558265582655,0.02518891687657431,0.006676499523420684
0.005420054200542005,0.030226700251889168,0.006492191550374469
0.006775067750677507,0.0025188916876574307,0.0006535807202569006
0.0013550135501355014,0.020151133501259445,0.0029779300841095316
0.24390243902439024,0.0025188916876574307,0.00034112810214820163
0.07859078590785908,0.03778337531486146,0.030202961323777384
0.07317073170731707,0.005037783375314861,0.0020185234332320526
0.1016260162601626,0.0,0.00030661769068409425
0.02032520325203252,0.015113350125944586,0.009450362057246696
0.5934959349593496,0.0025188916876574307,0.0014123966802602114
0.15176151761517614,0.007556675062972292,0.003473847278675049
0.8563685636856369,0.010075566750629723,0.05868028158912234
0.5094850948509485,0.0025188916876574307,0.0006795538927752737
0.005420054200542005,0.05037783375314861,0.020019050779858705
0.5799457994579946,0.010075566750629723,0.0019829802912503165
0.2181571815718157,0.005037783375314861,0.0016768445414744486
0.26558265582655827,0.0025188916876574307,0.005797921247722979
0.5257452574525745,0.0,0.00020133081441180254
0.04200542005420054,0.027707808564231738,0.009042330229731417
0.06233062330623306,0.0025188916876574307,0.001994116568665417
0.0975609756097561,0.017632241813602016,0.006200273057391296
0.01084010840108401,0.030226700251889168,0.004319119995179214
0.11517615176151762,0.0025188916876574307,0.002388895021204453
0.14634146341463414,0.012594458438287152,0.009008473880928477
0.24254742547425473,0.010075566750629723,0.001324408040158208
0.01084010840108401,0.060453400503778336,0.015194598530228254
0.551490514905149,0.010075566750629723,0.0056626163377382676
0.3509485094850949,0.0,0.00028916454493616164
0.004065040650406504,0.020151133501259445,0.003623352233277162
0.37262872628726285,0.0025188916876574307,0.001059719208489857
0.3008130081300813,0.012594458438287152,0.0028346043004378995
0.04336043360433604,0.015113350125944586,0.003359145342517038
0.5040650406504065,0.07052896725440806,0.11273479106803079
0.09620596205962059,0.010075566750629723,0.001836917771706967
0.018970189701897018,0.020151133501259445,0.006964355943034515
0.25338753387533874,0.012594458438287152,0.0026022399339713414
0.02981029810298103,0.0327455919395466,0.007817081531440903
0.14363143631436315,0.0,0.0002537074638308942
0.2669376693766938,0.0025188916876574307,0.0012130108416566106
0.25609756097560976,0.005037783375314861,0.0011212871595158481
0.09078590785907859,0.0025188916876574307,0.0023674486507883545
0.0989159891598916,0.010075566750629723,0.0022535212625185656
0.4173441734417344,0.005037783375314861,0.0015362210693239465
0.8753387533875339,0.0,0.00029940578923598406
0.005420054200542005,0.08060453400503778,0.04137755304108241
0.8536585365853658,0.0,0.00040964977199289566
0.489159891598916,0.0,0.0004252956393349772
0.03252032520325203,0.0025188916876574307,0.0012101364083825425
0.573170731707317,0.0025188916876574307,0.0004817687864739979
0.6463414634146342,0.0025188916876574307,0.0005611169145785041
0.07317073170731707,0.007556675062972292,0.004154933055051473
0.3048780487804878,0.0025188916876574307,0.00036357277873134183
0.04200542005420054,0.015113350125944586,0.0035361381410633805
0.0027100271002710027,0.030226700251889168,0.004402444135776592
0.6300813008130082,0.0,0.00027264085665409525
0.04878048780487805,0.0025188916876574307,0.0013087793849914202
0.16395663956639567,0.010075566750629723,0.0021529160979261927
0.2764227642276423,0.007556675062972292,0.0008800585227729729
0.45121951219512196,0.015113350125944586,0.003771101545999305
0.0,0.010075566750629723,0.0020608653844548476
0.12466124661246612,0.005037783375314861,0.003880261161712707
0.009485094850948509,0.0,0.00024277773251931903
0.4959349593495935,0.007556675062972292,0.003544417197379708
0.08536585365853659,0.010075566750629723,0.0032513110643012616
0.6991869918699187,0.005037783375314861,0.0013451831357378476
0.023035230352303523,0.02518891687657431,0.005459357759693557
0.6585365853658537,0.0,4.759166468740993e-05
0.009485094850948509,0.04534005037783375,0.008416753718677561
0.6761517615176151,0.0,0.0004935591265502639
0.037940379403794036,0.022670025188916875,0.0029476022312418227
0.9986449864498645,0.0,0.00020969593160459864
0.1802168021680217,0.010075566750629723,0.0026707443916407416
0.14363143631436315,0.0,8.366838410325486e-05
0.02168021680216802,0.022670025188916875,0.006629957801426197
0.04878048780487805,0.027707808564231738,0.0034170987367313273
0.8265582655826558,0.0,0.00031739251241802506
0.36449864498644985,0.005037783375314861,0.000581599403178149
0.5040650406504065,0.3879093198992443,0.08813652711212798
0.2940379403794038,0.012594458438287152,0.0016342271954469525
0.6504065040650406,0.0025188916876574307,0.003676451794058594
0.18157181571815717,0.0,0.0012119781111389813
0.8360433604336044,0.0,0.00038390035775334226
0.7411924119241192,0.017632241813602016,0.00513158630557336
0.5230352303523035,0.0,0.00033055982651779666
0.05420054200542006,0.005037783375314861,0.0011601866756798796
0.02032520325203252,0.030226700251889168,0.004848807477671205
0.04065040650406504,0.005037783375314861,0.005444985593323218
0.06910569105691057,0.02518891687657431,0.008389816664342735
0.32791327913279134,0.010075566750629723,0.0009033465959455101
0.05420054200542006,0.007556675062972292,0.001172820412345543
0.03116531165311653,0.020151133501259445,0.002968205205068524
0.03523035230352303,0.022670025188916875,0.005292313598467041
0.6517615176151762,0.015113350125944586,0.0032523610069941844
0.006775067750677507,0.015113350125944586,0.0034920577601359097
0.551490514905149,0.005037783375314861,0.002397828140181945
0.006775067750677507,0.0654911838790932,0.018254992146170473
0.9336043360433605,0.0,0.0003102494596710901
0.028455284552845527,0.010075566750629723,0.006367902432577801
0.7804878048780488,0.0,0.00022831950527251095
0.3861788617886179,0.0,0.00024458501092517
0.6192411924119241,0.0,0.0002279752617666346
0.11924119241192412,0.005037783375314861,0.0018720650336569453
0.0921409214092141,0.010075566750629723,0.0021475286870592273
0.08943089430894309,0.015113350125944586,0.0031292939536433774
0.05420054200542006,0.012594458438287152,0.0031828754553330364
0.7804878048780488,0.0,0.0009457229715188929
0.3699186991869919,0.0025188916876574307,0.0019667492099482444
0.5271002710027101,0.0025188916876574307,0.0004109062607893445
0.5121951219512195,0.0,0.0007717078792983815
0.2859078590785908,0.017632241813602016,0.005427738993678812
0.16802168021680217,0.0025188916876574307,0.0010598913302427954
0.44037940379403795,0.027707808564231738,0.13348646087709562
0.8116531165311653,0.0,0.0002531050376956105
0.02032520325203252,0.02518891687657431,0.006359864346715587
0.43360433604336046,0.010075566750629723,0.002796410483460915
0.2005420054200542,0.0,0.0029388756583678564
0.0013550135501355014,0.13350125944584382,0.060338158313423
0.1002710027100271,0.010075566750629723,0.0028639510593138615
0.9349593495934959,0.0,9.984782887944485e-05
0.0013550135501355014,1.0,0.5015935290069646
0.028455284552845527,0.007556675062972292,0.002443182222081159
0.014905149051490514,0.04534005037783375,0.010554660799747545
0.5799457994579946,0.007556675062972292,0.0009286657058027182
0.012195121951219513,0.007556675062972292,0.002281645956948666
0.4010840108401084,0.0025188916876574307,0.0005546623488433219
0.8021680216802168,0.0,0.0004009231991189293
0.39295392953929537,0.0,8.700754611025577e-05
0.22899728997289973,0.007556675062972292,0.003485190102193676
0.13956639566395665,0.022670025188916875,0.0054023682472957215
0.012195121951219513,0.007556675062972292,0.0011810134077854008
0.38482384823848237,0.0,0.00015680291692669242
0.013550135501355014,0.007556675062972292,0.014644084315630742
0.07859078590785908,0.010075566750629723,0.0020260451538354515
0.6924119241192412,0.0025188916876574307,0.00029699608469484933
0.518970189701897,0.0,0.00029940578923598406
0.03929539295392954,0.030226700251889168,0.003948077132370355
0.36449864498644985,0.0,0.0005863671757345368
0.03252032520325203,0.012594458438287152,0.003803959588635207
0.8888888888888888,0.0,0.0003483916401221933
0.508130081300813,0.0,0.0005260901378555821
0.6016260162601627,0.0,0.00045667343489560954
0.08943089430894309,0.0,0.0007384883809813104
0.04200542005420054,0.04282115869017632,0.015943724035541146
0.35365853658536583,0.0,0.0006780220091741238
0.03252032520325203,0.017632241813602016,0.0031369189472985393
0.051490514905149054,0.26700251889168763,0.20269172947575895
0.02168021680216802,0.030226700251889168,0.015048570435035491
0.12059620596205962,0.010075566750629723,0.003837523330458154
0.012195121951219513,0.02518891687657431,0.0077990775960835685
0.016260162601626015,0.04030226700251889,0.012135323705680132
0.5271002710027101,0.005037783375314861,0.002561946231608511
0.14363143631436315,0.0025188916876574307,0.001211083078023703
0.23441734417344173,0.010075566750629723,0.0018733559468039817
0.7845528455284553,0.0,0.0006892443474656938
0.005420054200542005,0.0025188916876574307,0.0003919212314402619
0.11924119241192412,0.015113350125944586,0.01125801913095417
0.45663956639566394,0.0025188916876574307,0.0006866797333469148
0.02032520325203252,0.007556675062972292,0.0007849268299240345
0.3794037940379404,0.005037783375314861,0.0009989602297026756
0.2005420054200542,0.005037783375314861,0.0071566159410664755
0.6192411924119241,0.0,0.0008890088539257589
0.7655826558265583,0.0,0.0006146984162681631
0.3807588075880759,0.0,0.0005232329167568082
0.23306233062330622,0.010075566750629723,0.0010636091601062601
0.07723577235772358,0.0025188916876574307,0.0005755579296500184
0.051490514905149054,0.0025188916876574307,0.0007485058670023132
0.7452574525745257,0.0,0.0007721553958560207
0.9932249322493225,0.0,0.0003196989439073968
0.5230352303523035,0.0025188916876574307,0.000563888074800809
0.0027100271002710027,0.015113350125944586,0.0040807830038857
0.03252032520325203,0.007556675062972292,0.0013396752396438254
0.06910569105691057,0.02518891687657431,0.043571089872702015
0.0013550135501355014,0.08060453400503778,0.016881856437755464
0.03252032520325203,0.0025188916876574307,0.0010128504551647876
0.03523035230352303,0.005037783375314861,0.0016012658797592888
0.6449864498644986,0.005037783375314861,0.0005683976647277896
0.024390243902439025,0.0025188916876574307,0.002114601795722151
0.4024390243902439,0.010075566750629723,0.0012969546205645664
0.9119241192411924,0.0,0.00017513388361460982
0.6002710027100271,0.007556675062972292,0.0011632332307068855
0.051490514905149054,0.010075566750629723,0.001706690453433931
0.7940379403794038,0.0,0.00027117782175412064
0.2127371273712737,0.010075566750629723,0.0013457511375225438
0.03116531165311653,0.005037783375314861,0.002378567716028162
0.06775067750677506,0.012594458438287152,0.0015517980879648527
0.4959349593495935,0.012594458438287152,0.008416288989944629
0.009485094850948509,0.005037783375314861,0.000806958414300123
0.6070460704607046,0.0,0.0008013128208037503
0.025745257452574527,0.02518891687657431,0.004177188397706381
0.013550135501355014,0.0,0.0005739399851723995
0.5799457994579946,0.007556675062972292,0.0020591958034513473
0.0013550135501355014,0.012594458438287152,0.001665398444904059
0.7533875338753387,0.0025188916876574307,0.0007182640750110729
0.10975609756097561,0.007556675062972292,0.0010155527666859173
0.4173441734417344,0.0,0.00025988663476137527
0.7466124661246613,0.0,0.000383538902072172
0.024390243902439025,0.020151133501259445,0.002714945257795269
0.13685636856368563,0.010075566750629723,0.001637411447876309
0.14227642276422764,0.0025188916876574307,0.000949337528330595
0.8699186991869918,0.0,0.0010894446352222827
0.25338753387533874,0.010075566750629723,0.006313064442091692
0.8482384823848238,0.0,0.0002644650733895312
0.3617886178861789,0.0,0.00011781733988619207
0.18292682926829268,0.005037783375314861,0.0012464196739019134
0.006775067750677507,0.017632241813602016,0.006478060354458243
0.0013550135501355014,0.005037783375314861,0.0018396028710528027
0.42140921409214094,0.0,0.0005392746641306477
0.5311653116531165,0.0,0.00029871730222423126
0.5094850948509485,0.0,0.0006033900171001239
0.08672086720867209,0.0,0.0045153560057040465
0.7737127371273713,0.0,0.00036309083782311486
0.5094850948509485,0.0025188916876574307,0.0009641399990832795
0.6937669376693767,0.007556675062972292,0.0020300555906789114
0.0013550135501355014,0.030226700251889168,0.007179077829824909
0.17073170731707318,0.0327455919395466,0.010296082290308498
0.42140921409214094,0.020151133501259445,0.0014138080786343047
0.5948509485094851,0.0,0.0005988115784719681
0.1043360433604336,0.0025188916876574307,0.0015134321492349299
0.25338753387533874,0.04534005037783375,0.003860880252331866
0.03929539295392954,0.05289672544080604,0.029769317779424907
0.02981029810298103,0.027707808564231738,0.0031870408017541404
0.0948509485094851,0.027707808564231738,0.0036788098620738475
0.06097560975609756,0.0,0.000301884342478294
0.013550135501355014,0.0,0.0003631941108748778
0.6544715447154471,0.0,0.0003966545796460622
0.5691056910569106,0.005037783375314861,0.004756498581570452
0.02168021680216802,0.020151133501259445,0.003983723547403854
0.17750677506775067,0.005037783375314861,0.0020356839719999904
0.7222222222222222,0.0,0.0005461423220728815
0.5555555555555556,0.007556675062972292,0.002154034889320291
0.5826558265582655,0.0,0.0003578411243585
0.05013550135501355,0.0327455919395466,0.01113827402743507
0.051490514905149054,0.0025188916876574307,0.0003942104507543399
0.014905149051490514,0.02518891687657431,0.006355785061170952
0.0989159891598916,0.010075566750629723,0.0028774281925689218
0.06775067750677506,0.0,0.00039166304881085466
0.005420054200542005,0.06297229219143577,0.024093430854535105
0.2886178861788618,0.005037783375314861,0.001067722870001483
0.03252032520325203,0.015113350125944586,0.006779789787358893
0.005420054200542005,0.07556675062972293,0.0348877023465479
0.5840108401084011,0.0,0.0005979509697072771
0.024390243902439025,0.017632241813602016,0.0038348898676381993
0.08130081300813008,0.027707808564231738,0.004791559782643962
0.014905149051490514,0.007556675062972292,0.0017060363907727661
0.5663956639566395,0.005037783375314861,0.001570318388581002
0.4132791327913279,0.0025188916876574307,0.0014840681781836745
0.15718157181571815,0.020151133501259445,0.004820476237137578
0.04065040650406504,0.0,0.0005970559365919986
0.08536585365853659,0.005037783375314861,0.0089752715947867
0.005420054200542005,0.007556675062972292,0.0015002820473104521
0.6327913279132791,0.0025188916876574307,0.0016382548444657064
0.01084010840108401,0.017632241813602016,0.004501465780241934
0.8075880758807588,0.0,0.0007499344775517002
0.14634146341463414,0.017632241813602016,0.006393290391136184
0.4241192411924119,0.0,0.0009581329499057365
0.5067750677506775,0.0,0.00022442955365610783
0.36314363143631434,0.0025188916876574307,0.001619923877777789
0.6883468834688347,0.0,0.00016274111740306
0.48644986449864497,0.0,0.0004946607057690684
0.07859078590785908,0.0025188916876574307,0.0006432017785547277
0.9214092140921409,0.0,0.00023276024649831632
0.07588075880758807,0.010075566750629723,0.00267200088043719
0.516260162601626,0.007556675062972292,0.0024647835020749015
0.13550135501355012,0.060453400503778336,0.015086092977176016
0.1991869918699187,0.012594458438287152,0.001616292108790793
0.02032520325203252,0.010075566750629723,0.003044541202496612
0.02032520325203252,0.022670025188916875,0.0027258577769315503
0.06639566395663957,0.0,0.00026150457923899425
0.004065040650406504,0.0,0.00041560518464455707
0.0,0.10579345088161209,0.030892790885203063
0.009485094850948509,0.035264483627204024,0.012105718764174763
0.013550135501355014,0.005037783375314861,0.0010998407890997497
0.43089430894308944,0.017632241813602016,0.010791310997862263
0.0989159891598916,0.06801007556675064,0.006196710137105475
0.14769647696476965,0.020151133501259445,0.006965491946603907
0.07723577235772358,0.02518891687657431,0.008740996676862527
0.15176151761517614,0.0,0.0002289219314077946
0.05962059620596206,0.020151133501259445,0.009036598575358577
0.6964769647696477,0.0025188916876574307,0.0003835905385980535
0.7831978319783198,0.0025188916876574307,0.00026308809936602563
0.8170731707317073,0.0025188916876574307,0.00023563467977238408
0.013550135501355014,0.0,0.0004188582857750889
0.03523035230352303,0.015113350125944586,0.0035473088428290694
0.009485094850948509,0.022670025188916875,0.00875223622732939
0.21138211382113822,0.017632241813602016,0.0024521325532339444
0.0,0.09068010075566751,0.037467514816111394
0.023035230352303523,0.020151133501259445,0.014896173834984015
0.21002710027100271,0.007556675062972292,0.0005656437166807785
0.42276422764227645,0.0025188916876574307,0.0013526360076400712
0.013550135501355014,0.015113350125944586,0.006467199471847843
0.44850948509485095,0.0,0.0008428802241383236
0.22493224932249323,0.0,0.0001587823170854816
0.04742547425474255,0.005037783375314861,0.001127776149601618
0.5704607046070461,0.007556675062972292,0.0018532521260608014
0.0027100271002710027,0.07808564231738035,0.007094411139554612
0.532520325203252,0.010075566750629723,0.0006698634380848535
0.26558265582655827,0.005037783375314861,0.0007795910555829505
0.2764227642276423,0.0025188916876574307,0.0006950448505397108
0.556910569105691,0.0,0.0009465835802835839
0.07046070460704607,0.017632241813602016,0.005578018496169146
